ano,mes,municipio,produto,quantidade_produzida_t,preco_medio_r$_kg,area_colhida_ha,rendimento_medio_kg_ha,temp_media_mensal,temp_maxima_mensal,temp_minima_mensal,precipitacao_acumulada_mm,eto_acumulada_mm,vento_medio_mensal,gdd_mensal,deficit_hidrico_mm,indice_stress_hidrico,amplitude_termica,dias_temp_otima_est
2013,1,JUAZEIRO,Manga,210236,1.365,8086,26000,28.26451612903226,36.1,22.5,65.0,191.02,18.98064516129032,18.26451612903226,-126.02000000000001,65.97214951313998,13.600000000000001,20.627793605716597
2013,2,JUAZEIRO,Manga,210236,1.365,8086,26000,29.59642857142857,36.8,22.3,0.1,230.28,23.467857142857145,19.59642857142857,-230.18,99.9565746048289,14.499999999999996,16.20797120942244
2013,3,JUAZEIRO,Manga,210236,1.365,8086,26000,29.55483870967742,38.4,22.3,18.2,218.93,20.067741935483877,19.55483870967742,-200.73000000000002,91.6868405426392,16.099999999999998,16.056946746533765
2013,4,JUAZEIRO,Manga,210236,1.365,8086,26000,27.566666666666663,36.4,21.3,32.4,162.28,22.01,17.566666666666663,-129.88,80.034508257333,15.099999999999998,21.536737574391104
2013,5,JUAZEIRO,Manga,210236,1.365,8086,26000,26.64516129032258,35.1,21.1,6.3,164.1,22.48709677419355,16.64516129032258,-157.79999999999998,96.16087751371116,14.0,24.068809479202205
2013,6,JUAZEIRO,Manga,210236,1.365,8086,26000,25.85666666666667,32.9,19.5,1.8,157.88,23.43,15.85666666666667,-156.07999999999998,98.85989359006841,13.399999999999999,25.55137994498412
2013,7,JUAZEIRO,Manga,210236,1.365,8086,26000,24.73225806451613,32.7,18.4,5.8,163.17,24.751612903225805,14.732258064516131,-157.36999999999998,96.44542501685359,14.300000000000004,25.10673492407084
2013,8,JUAZEIRO,Manga,210236,1.365,8086,26000,24.677419354838708,35.1,16.5,1.0,177.54,25.293548387096774,14.677419354838708,-176.54,99.43674664864255,18.6,21.497652055214242
2013,9,JUAZEIRO,Manga,210236,1.365,8086,26000,26.32,36.5,18.6,0.2,207.98,24.83,16.32,-207.78,99.90383690739493,17.9,21.468836471608633
2013,10,JUAZEIRO,Manga,210236,1.365,8086,26000,27.616129032258065,37.5,20.3,0.4,230.35,25.396774193548385,17.616129032258065,-229.95,99.8263512046885,17.2,20.162376379909503
2013,11,JUAZEIRO,Manga,210236,1.365,8086,26000,27.85666666666667,36.2,21.2,21.2,213.99,22.3,17.85666666666667,-192.79000000000002,90.09299499976635,15.000000000000004,20.943236562705817
2013,12,JUAZEIRO,Manga,210236,1.365,8086,26000,26.96451612903226,36.5,21.2,159.2,159.43,16.364516129032257,16.96451612903226,-0.2300000000000182,0.1442639402872814,15.3,22.55890737787762
2013,1,JUAZEIRO,Uva,27940,4.4435714285714285,1270,22000,28.26451612903226,36.1,22.5,65.0,191.02,18.98064516129032,18.26451612903226,-126.02000000000001,65.97214951313998,13.600000000000001,20.627793605716597
2013,2,JUAZEIRO,Uva,27940,4.4435714285714285,1270,22000,29.59642857142857,36.8,22.3,0.1,230.28,23.467857142857145,19.59642857142857,-230.18,99.9565746048289,14.499999999999996,16.20797120942244
2013,3,JUAZEIRO,Uva,27940,4.4435714285714285,1270,22000,29.55483870967742,38.4,22.3,18.2,218.93,20.067741935483877,19.55483870967742,-200.73000000000002,91.6868405426392,16.099999999999998,16.056946746533765
2013,4,JUAZEIRO,Uva,27940,4.4435714285714285,1270,22000,27.566666666666663,36.4,21.3,32.4,162.28,22.01,17.566666666666663,-129.88,80.034508257333,15.099999999999998,21.536737574391104
2013,5,JUAZEIRO,Uva,27940,4.4435714285714285,1270,22000,26.64516129032258,35.1,21.1,6.3,164.1,22.48709677419355,16.64516129032258,-157.79999999999998,96.16087751371116,14.0,24.068809479202205
2013,6,JUAZEIRO,Uva,27940,4.4435714285714285,1270,22000,25.85666666666667,32.9,19.5,1.8,157.88,23.43,15.85666666666667,-156.07999999999998,98.85989359006841,13.399999999999999,25.55137994498412
2013,7,JUAZEIRO,Uva,27940,4.4435714285714285,1270,22000,24.73225806451613,32.7,18.4,5.8,163.17,24.751612903225805,14.732258064516131,-157.36999999999998,96.44542501685359,14.300000000000004,25.10673492407084
2013,8,JUAZEIRO,Uva,27940,4.4435714285714285,1270,22000,24.677419354838708,35.1,16.5,1.0,177.54,25.293548387096774,14.677419354838708,-176.54,99.43674664864255,18.6,21.497652055214242
2013,9,JUAZEIRO,Uva,27940,4.4435714285714285,1270,22000,26.32,36.5,18.6,0.2,207.98,24.83,16.32,-207.78,99.90383690739493,17.9,21.468836471608633
2013,10,JUAZEIRO,Uva,27940,4.4435714285714285,1270,22000,27.616129032258065,37.5,20.3,0.4,230.35,25.396774193548385,17.616129032258065,-229.95,99.8263512046885,17.2,20.162376379909503
2013,11,JUAZEIRO,Uva,27940,4.4435714285714285,1270,22000,27.85666666666667,36.2,21.2,21.2,213.99,22.3,17.85666666666667,-192.79000000000002,90.09299499976635,15.000000000000004,20.943236562705817
2013,12,JUAZEIRO,Uva,27940,4.4435714285714285,1270,22000,26.96451612903226,36.5,21.2,159.2,159.43,16.364516129032257,16.96451612903226,-0.2300000000000182,0.1442639402872814,15.3,22.55890737787762
2014,1,JUAZEIRO,Manga,55380,1.4449999999999998,2130,26000,27.91290322580645,35.7,20.9,0.8,227.58,21.93548387096774,17.91290322580645,-226.78,99.64847526144652,14.800000000000004,20.922512992919952
2014,2,JUAZEIRO,Manga,55380,1.4449999999999998,2130,26000,27.564285714285717,35.3,21.8,23.0,176.43,21.99285714285714,17.564285714285717,-153.43,86.96366831037805,13.499999999999996,22.56762340250526
2014,3,JUAZEIRO,Manga,55380,1.4449999999999998,2130,26000,27.73548387096774,35.8,21.0,40.5,186.18,20.725806451612904,17.73548387096774,-145.68,78.24685787947148,14.799999999999997,21.34388205095791
2014,4,JUAZEIRO,Manga,55380,1.4449999999999998,2130,26000,26.77,35.2,20.8,82.19999999999999,147.63,19.25,16.77,-65.43,44.3202601097338,14.400000000000002,23.55550872132814
2014,5,JUAZEIRO,Manga,55380,1.4449999999999998,2130,26000,25.580645161290324,33.0,19.2,3.3,148.34,22.396774193548385,15.580645161290324,-145.04,97.77538088175812,13.8,25.410647073685794
2014,6,JUAZEIRO,Manga,55380,1.4449999999999998,2130,26000,24.83333333333333,33.2,19.3,1.7,143.88,25.24333333333333,14.833333333333329,-142.18,98.81845982763414,13.900000000000002,25.480133078515284
2014,7,JUAZEIRO,Manga,55380,1.4449999999999998,2130,26000,23.94516129032258,31.4,18.8,24.6,143.64,25.80322580645161,13.94516129032258,-119.03999999999999,82.87385129490391,12.599999999999998,26.025049836561394
2014,8,JUAZEIRO,Manga,55380,1.4449999999999998,2130,26000,23.98064516129032,32.8,17.9,1.1,178.85,25.496774193548383,13.980645161290319,-177.75,99.38495946323735,14.899999999999999,24.12982258741975
2014,9,JUAZEIRO,Manga,55380,1.4449999999999998,2130,26000,26.41,37.2,18.2,1.2000000000000002,212.61,25.146666666666665,16.41,-211.41000000000003,99.43558628474672,19.000000000000004,20.595595555430894
2014,10,JUAZEIRO,Manga,55380,1.4449999999999998,2130,26000,27.106451612903225,35.8,19.0,0.5,224.03,26.18387096774193,17.106451612903225,-223.53,99.77681560505289,16.799999999999997,21.277431018857605
2014,11,JUAZEIRO,Manga,55380,1.4449999999999998,2130,26000,27.466666666666665,36.3,21.0,57.7,183.46,20.96,17.466666666666665,-125.76,68.54900250735855,15.299999999999997,21.61945646695014
2014,12,JUAZEIRO,Manga,55380,1.4449999999999998,2130,26000,26.94193548387097,34.6,20.8,53.0,186.28,20.56451612903226,16.94193548387097,-133.28,71.54820700021473,13.8,23.705879777332925
2014,1,JUAZEIRO,Uva,39400,4.574166666666667,1576,25000,27.91290322580645,35.7,20.9,0.8,227.58,21.93548387096774,17.91290322580645,-226.78,99.64847526144652,14.800000000000004,20.922512992919952
2014,2,JUAZEIRO,Uva,39400,4.574166666666667,1576,25000,27.564285714285717,35.3,21.8,23.0,176.43,21.99285714285714,17.564285714285717,-153.43,86.96366831037805,13.499999999999996,22.56762340250526
2014,3,JUAZEIRO,Uva,39400,4.574166666666667,1576,25000,27.73548387096774,35.8,21.0,40.5,186.18,20.725806451612904,17.73548387096774,-145.68,78.24685787947148,14.799999999999997,21.34388205095791
2014,4,JUAZEIRO,Uva,39400,4.574166666666667,1576,25000,26.77,35.2,20.8,82.19999999999999,147.63,19.25,16.77,-65.43,44.3202601097338,14.400000000000002,23.55550872132814
2014,5,JUAZEIRO,Uva,39400,4.574166666666667,1576,25000,25.580645161290324,33.0,19.2,3.3,148.34,22.396774193548385,15.580645161290324,-145.04,97.77538088175812,13.8,25.410647073685794
2014,6,JUAZEIRO,Uva,39400,4.574166666666667,1576,25000,24.83333333333333,33.2,19.3,1.7,143.88,25.24333333333333,14.833333333333329,-142.18,98.81845982763414,13.900000000000002,25.480133078515284
2014,7,JUAZEIRO,Uva,39400,4.574166666666667,1576,25000,23.94516129032258,31.4,18.8,24.6,143.64,25.80322580645161,13.94516129032258,-119.03999999999999,82.87385129490391,12.599999999999998,26.025049836561394
2014,8,JUAZEIRO,Uva,39400,4.574166666666667,1576,25000,23.98064516129032,32.8,17.9,1.1,178.85,25.496774193548383,13.980645161290319,-177.75,99.38495946323735,14.899999999999999,24.12982258741975
2014,9,JUAZEIRO,Uva,39400,4.574166666666667,1576,25000,26.41,37.2,18.2,1.2000000000000002,212.61,25.146666666666665,16.41,-211.41000000000003,99.43558628474672,19.000000000000004,20.595595555430894
2014,10,JUAZEIRO,Uva,39400,4.574166666666667,1576,25000,27.106451612903225,35.8,19.0,0.5,224.03,26.18387096774193,17.106451612903225,-223.53,99.77681560505289,16.799999999999997,21.277431018857605
2014,11,JUAZEIRO,Uva,39400,4.574166666666667,1576,25000,27.466666666666665,36.3,21.0,57.7,183.46,20.96,17.466666666666665,-125.76,68.54900250735855,15.299999999999997,21.61945646695014
2014,12,JUAZEIRO,Uva,39400,4.574166666666667,1576,25000,26.94193548387097,34.6,20.8,53.0,186.28,20.56451612903226,16.94193548387097,-133.28,71.54820700021473,13.8,23.705879777332925
2015,1,JUAZEIRO,Manga,44730,1.7066666666666668,2130,21000,28.69032258064516,35.9,22.2,5.0,234.33,21.774193548387096,18.69032258064516,-229.33,97.86625698800836,13.7,19.299834368949547
2015,2,JUAZEIRO,Manga,44730,1.7066666666666668,2130,21000,27.767857142857142,36.2,21.8,60.9,174.24,21.042857142857144,17.767857142857142,-113.34,65.04820936639119,14.400000000000002,21.50730207212422
2015,3,JUAZEIRO,Manga,44730,1.7066666666666668,2130,21000,27.88387096774193,35.9,21.2,155.60000000000002,190.48,18.406451612903226,17.88387096774193,-34.87999999999997,18.311633767324643,14.7,21.049953300048976
2015,4,JUAZEIRO,Manga,44730,1.7066666666666668,2130,21000,27.55,35.1,21.8,21.2,164.99,18.933333333333334,17.55,-143.79000000000002,87.15073640826716,13.3,22.734226025749564
2015,5,JUAZEIRO,Manga,44730,1.7066666666666668,2130,21000,26.11935483870968,34.5,19.6,8.7,151.63,24.56451612903226,16.11935483870968,-142.93,94.26234913935238,14.899999999999999,24.030894601032944
2015,6,JUAZEIRO,Manga,44730,1.7066666666666668,2130,21000,24.703333333333333,32.5,20.1,3.9,130.62,24.53333333333333,14.703333333333333,-126.72,97.01423977951309,12.399999999999999,26.748903288235734
2015,7,JUAZEIRO,Manga,44730,1.7066666666666668,2130,21000,24.45483870967742,32.1,18.4,1.2000000000000002,153.19,25.65806451612903,14.454838709677421,-151.99,99.21665905085189,13.700000000000003,25.517866762072547
2015,8,JUAZEIRO,Manga,44730,1.7066666666666668,2130,21000,24.648387096774197,33.6,17.3,1.1,190.22,25.370967741935484,14.648387096774197,-189.12,99.42172221638104,16.3,23.353798145900324
2015,9,JUAZEIRO,Manga,44730,1.7066666666666668,2130,21000,27.116666666666667,35.8,19.5,0.1,226.83,23.116666666666667,17.116666666666667,-226.73000000000002,99.95591412070713,16.299999999999997,21.600715454974836
2015,10,JUAZEIRO,Manga,44730,1.7066666666666668,2130,21000,28.26451612903226,37.5,20.3,0.6,242.62,23.76774193548387,18.26451612903226,-242.02,99.7526996949963,17.2,18.883283465016778
2015,11,JUAZEIRO,Manga,44730,1.7066666666666668,2130,21000,30.33333333333333,37.8,20.8,0.9,238.3,20.973333333333336,20.33333333333333,-237.4,99.62232480067142,16.999999999999996,13.836647691336143
2015,12,JUAZEIRO,Manga,44730,1.7066666666666668,2130,21000,29.751612903225805,37.6,22.8,11.1,246.64,21.83870967741936,19.751612903225805,-235.54,95.4995134609147,14.8,15.676852751986793
2015,1,JUAZEIRO,Uva,39400,4.777142857142857,1576,25000,28.69032258064516,35.9,22.2,5.0,234.33,21.774193548387096,18.69032258064516,-229.33,97.86625698800836,13.7,19.299834368949547
2015,2,JUAZEIRO,Uva,39400,4.777142857142857,1576,25000,27.767857142857142,36.2,21.8,60.9,174.24,21.042857142857144,17.767857142857142,-113.34,65.04820936639119,14.400000000000002,21.50730207212422
2015,3,JUAZEIRO,Uva,39400,4.777142857142857,1576,25000,27.88387096774193,35.9,21.2,155.60000000000002,190.48,18.406451612903226,17.88387096774193,-34.87999999999997,18.311633767324643,14.7,21.049953300048976
2015,4,JUAZEIRO,Uva,39400,4.777142857142857,1576,25000,27.55,35.1,21.8,21.2,164.99,18.933333333333334,17.55,-143.79000000000002,87.15073640826716,13.3,22.734226025749564
2015,5,JUAZEIRO,Uva,39400,4.777142857142857,1576,25000,26.11935483870968,34.5,19.6,8.7,151.63,24.56451612903226,16.11935483870968,-142.93,94.26234913935238,14.899999999999999,24.030894601032944
2015,6,JUAZEIRO,Uva,39400,4.777142857142857,1576,25000,24.703333333333333,32.5,20.1,3.9,130.62,24.53333333333333,14.703333333333333,-126.72,97.01423977951309,12.399999999999999,26.748903288235734
2015,7,JUAZEIRO,Uva,39400,4.777142857142857,1576,25000,24.45483870967742,32.1,18.4,1.2000000000000002,153.19,25.65806451612903,14.454838709677421,-151.99,99.21665905085189,13.700000000000003,25.517866762072547
2015,8,JUAZEIRO,Uva,39400,4.777142857142857,1576,25000,24.648387096774197,33.6,17.3,1.1,190.22,25.370967741935484,14.648387096774197,-189.12,99.42172221638104,16.3,23.353798145900324
2015,9,JUAZEIRO,Uva,39400,4.777142857142857,1576,25000,27.116666666666667,35.8,19.5,0.1,226.83,23.116666666666667,17.116666666666667,-226.73000000000002,99.95591412070713,16.299999999999997,21.600715454974836
2015,10,JUAZEIRO,Uva,39400,4.777142857142857,1576,25000,28.26451612903226,37.5,20.3,0.6,242.62,23.76774193548387,18.26451612903226,-242.02,99.7526996949963,17.2,18.883283465016778
2015,11,JUAZEIRO,Uva,39400,4.777142857142857,1576,25000,30.33333333333333,37.8,20.8,0.9,238.3,20.973333333333336,20.33333333333333,-237.4,99.62232480067142,16.999999999999996,13.836647691336143
2015,12,JUAZEIRO,Uva,39400,4.777142857142857,1576,25000,29.751612903225805,37.6,22.8,11.1,246.64,21.83870967741936,19.751612903225805,-235.54,95.4995134609147,14.8,15.676852751986793
2016,1,JUAZEIRO,Manga,108900,1.81,2130,51127,25.948387096774194,36.1,20.6,215.7,118.67,14.606451612903228,15.948387096774194,97.02999999999999,0.0,15.5,23.692149814689454
2016,2,JUAZEIRO,Manga,108900,1.81,2130,51127,27.658620689655173,36.0,20.7,9.4,193.96,20.46896551724138,17.658620689655173,-184.56,95.15363992575789,15.3,21.214315530778478
2016,3,JUAZEIRO,Manga,108900,1.81,2130,51127,29.62903225806452,36.3,22.8,5.7,226.11,21.50967741935484,19.62903225806452,-220.41000000000003,97.47910309141568,13.499999999999996,16.247911070872405
2016,4,JUAZEIRO,Manga,108900,1.81,2130,51127,28.73,35.9,21.3,1.5,206.62,22.676666666666662,18.73,-205.12,99.27402961959152,14.599999999999998,18.830277201091544
2016,5,JUAZEIRO,Manga,108900,1.81,2130,51127,27.0,35.6,20.8,3.7,176.74,22.68387096774193,17.0,-173.04000000000002,97.90652936516918,14.8,22.86030432775782
2016,6,JUAZEIRO,Manga,108900,1.81,2130,51127,25.48333333333333,35.1,19.0,1.5,155.26,23.59333333333333,15.48333333333333,-153.76,99.03387865515909,16.1,23.476581184356494
2016,7,JUAZEIRO,Manga,108900,1.81,2130,51127,24.60322580645161,34.2,18.3,0.4,170.4,24.932258064516127,14.603225806451611,-170.0,99.76525821596243,15.900000000000002,23.678826935314802
2016,8,JUAZEIRO,Manga,108900,1.81,2130,51127,25.18387096774193,34.9,17.9,1.7,192.17,23.996774193548383,15.183870967741932,-190.47,99.11536660248737,17.0,22.80460494855504
2016,9,JUAZEIRO,Manga,108900,1.81,2130,51127,26.836666666666662,35.9,18.9,0.2,211.16,24.26333333333333,16.836666666666662,-210.96,99.90528509187347,17.0,21.53423208655343
2016,10,JUAZEIRO,Manga,108900,1.81,2130,51127,28.35483870967742,37.0,21.0,8.5,238.73,24.35483870967742,18.35483870967742,-230.23,96.43949231349222,16.0,19.23609704991235
2016,11,JUAZEIRO,Manga,108900,1.81,2130,51127,29.05,37.8,21.4,7.300000000000001,228.24,22.540000000000003,19.05,-220.94,96.80161233788994,16.4,17.339141052426644
2016,12,JUAZEIRO,Manga,108900,1.81,2130,51127,29.38387096774193,36.9,22.0,9.8,225.36,21.700000000000003,19.38387096774193,-215.56,95.65140220092296,14.899999999999999,16.79415438018776
2016,1,JUAZEIRO,Uva,39400,5.792307692307692,1576,25000,25.948387096774194,36.1,20.6,215.7,118.67,14.606451612903228,15.948387096774194,97.02999999999999,0.0,15.5,23.692149814689454
2016,2,JUAZEIRO,Uva,39400,5.792307692307692,1576,25000,27.658620689655173,36.0,20.7,9.4,193.96,20.46896551724138,17.658620689655173,-184.56,95.15363992575789,15.3,21.214315530778478
2016,3,JUAZEIRO,Uva,39400,5.792307692307692,1576,25000,29.62903225806452,36.3,22.8,5.7,226.11,21.50967741935484,19.62903225806452,-220.41000000000003,97.47910309141568,13.499999999999996,16.247911070872405
2016,4,JUAZEIRO,Uva,39400,5.792307692307692,1576,25000,28.73,35.9,21.3,1.5,206.62,22.676666666666662,18.73,-205.12,99.27402961959152,14.599999999999998,18.830277201091544
2016,5,JUAZEIRO,Uva,39400,5.792307692307692,1576,25000,27.0,35.6,20.8,3.7,176.74,22.68387096774193,17.0,-173.04000000000002,97.90652936516918,14.8,22.86030432775782
2016,6,JUAZEIRO,Uva,39400,5.792307692307692,1576,25000,25.48333333333333,35.1,19.0,1.5,155.26,23.59333333333333,15.48333333333333,-153.76,99.03387865515909,16.1,23.476581184356494
2016,7,JUAZEIRO,Uva,39400,5.792307692307692,1576,25000,24.60322580645161,34.2,18.3,0.4,170.4,24.932258064516127,14.603225806451611,-170.0,99.76525821596243,15.900000000000002,23.678826935314802
2016,8,JUAZEIRO,Uva,39400,5.792307692307692,1576,25000,25.18387096774193,34.9,17.9,1.7,192.17,23.996774193548383,15.183870967741932,-190.47,99.11536660248737,17.0,22.80460494855504
2016,9,JUAZEIRO,Uva,39400,5.792307692307692,1576,25000,26.836666666666662,35.9,18.9,0.2,211.16,24.26333333333333,16.836666666666662,-210.96,99.90528509187347,17.0,21.53423208655343
2016,10,JUAZEIRO,Uva,39400,5.792307692307692,1576,25000,28.35483870967742,37.0,21.0,8.5,238.73,24.35483870967742,18.35483870967742,-230.23,96.43949231349222,16.0,19.23609704991235
2016,11,JUAZEIRO,Uva,39400,5.792307692307692,1576,25000,29.05,37.8,21.4,7.300000000000001,228.24,22.540000000000003,19.05,-220.94,96.80161233788994,16.4,17.339141052426644
2016,12,JUAZEIRO,Uva,39400,5.792307692307692,1576,25000,29.38387096774193,36.9,22.0,9.8,225.36,21.700000000000003,19.38387096774193,-215.56,95.65140220092296,14.899999999999999,16.79415438018776
2017,1,JUAZEIRO,Manga,144770,1.42,7458,19411,29.55806451612903,36.5,22.5,5.6,251.74,24.68387096774193,19.55806451612903,-246.14000000000001,97.77548264081989,14.0,16.41244520611266
2017,2,JUAZEIRO,Manga,144770,1.42,7458,19411,28.75,35.5,22.1,36.4,191.47,22.442857142857143,18.75,-155.07,80.98918890687837,13.399999999999999,19.229227983124197
2017,3,JUAZEIRO,Manga,144770,1.42,7458,19411,28.69032258064516,36.2,22.5,75.5,204.57,20.76129032258065,18.69032258064516,-129.07,63.09331769076599,13.700000000000003,19.299834368949547
2017,4,JUAZEIRO,Manga,144770,1.42,7458,19411,27.59,35.0,21.0,46.7,175.05,22.80333333333333,17.59,-128.35000000000002,73.32190802627821,14.0,22.181876363917855
2017,5,JUAZEIRO,Manga,144770,1.42,7458,19411,26.296774193548387,34.9,19.2,51.9,152.11,23.580645161290324,16.296774193548387,-100.21000000000001,65.87995529550983,15.7,23.188792822377998
2017,6,JUAZEIRO,Manga,144770,1.42,7458,19411,24.3,31.8,19.0,11.5,125.27,25.956666666666667,14.3,-113.77,90.81982916899497,12.8,26.191487075866412
2017,7,JUAZEIRO,Manga,144770,1.42,7458,19411,22.661290322580644,30.6,17.4,8.9,128.84,29.88387096774193,12.661290322580644,-119.94,93.09220738900963,13.200000000000003,23.30788590146668
2017,8,JUAZEIRO,Manga,144770,1.42,7458,19411,24.63225806451613,32.9,18.0,2.2,176.9,26.01935483870968,14.63225806451613,-174.70000000000002,98.75635952515546,14.899999999999999,24.551321488371016
2017,9,JUAZEIRO,Manga,144770,1.42,7458,19411,23.96333333333333,32.3,19.0,9.5,153.68,29.37,13.963333333333331,-144.18,93.81832378969287,13.299999999999997,25.45934626757717
2017,10,JUAZEIRO,Manga,144770,1.42,7458,19411,26.993548387096773,35.3,20.1,2.8000000000000003,225.21,26.41290322580645,16.993548387096773,-222.41,98.75671595399848,15.199999999999996,22.581714434313355
2017,11,JUAZEIRO,Manga,144770,1.42,7458,19411,28.426666666666662,36.3,21.0,22.1,202.86,22.92,18.426666666666662,-180.76000000000002,89.10578724243321,15.299999999999997,19.373661864679153
2017,12,JUAZEIRO,Manga,144770,1.42,7458,19411,28.48709677419355,36.0,21.4,35.9,202.44,21.677419354838708,18.48709677419355,-166.54,82.26635052361193,14.600000000000001,19.52142159697899
2017,1,JUAZEIRO,Uva,32000,5.236,1150,27826,29.55806451612903,36.5,22.5,5.6,251.74,24.68387096774193,19.55806451612903,-246.14000000000001,97.77548264081989,14.0,16.41244520611266
2017,2,JUAZEIRO,Uva,32000,5.236,1150,27826,28.75,35.5,22.1,36.4,191.47,22.442857142857143,18.75,-155.07,80.98918890687837,13.399999999999999,19.229227983124197
2017,3,JUAZEIRO,Uva,32000,5.236,1150,27826,28.69032258064516,36.2,22.5,75.5,204.57,20.76129032258065,18.69032258064516,-129.07,63.09331769076599,13.700000000000003,19.299834368949547
2017,4,JUAZEIRO,Uva,32000,5.236,1150,27826,27.59,35.0,21.0,46.7,175.05,22.80333333333333,17.59,-128.35000000000002,73.32190802627821,14.0,22.181876363917855
2017,5,JUAZEIRO,Uva,32000,5.236,1150,27826,26.296774193548387,34.9,19.2,51.9,152.11,23.580645161290324,16.296774193548387,-100.21000000000001,65.87995529550983,15.7,23.188792822377998
2017,6,JUAZEIRO,Uva,32000,5.236,1150,27826,24.3,31.8,19.0,11.5,125.27,25.956666666666667,14.3,-113.77,90.81982916899497,12.8,26.191487075866412
2017,7,JUAZEIRO,Uva,32000,5.236,1150,27826,22.661290322580644,30.6,17.4,8.9,128.84,29.88387096774193,12.661290322580644,-119.94,93.09220738900963,13.200000000000003,23.30788590146668
2017,8,JUAZEIRO,Uva,32000,5.236,1150,27826,24.63225806451613,32.9,18.0,2.2,176.9,26.01935483870968,14.63225806451613,-174.70000000000002,98.75635952515546,14.899999999999999,24.551321488371016
2017,9,JUAZEIRO,Uva,32000,5.236,1150,27826,23.96333333333333,32.3,19.0,9.5,153.68,29.37,13.963333333333331,-144.18,93.81832378969287,13.299999999999997,25.45934626757717
2017,10,JUAZEIRO,Uva,32000,5.236,1150,27826,26.993548387096773,35.3,20.1,2.8000000000000003,225.21,26.41290322580645,16.993548387096773,-222.41,98.75671595399848,15.199999999999996,22.581714434313355
2017,11,JUAZEIRO,Uva,32000,5.236,1150,27826,28.426666666666662,36.3,21.0,22.1,202.86,22.92,18.426666666666662,-180.76000000000002,89.10578724243321,15.299999999999997,19.373661864679153
2017,12,JUAZEIRO,Uva,32000,5.236,1150,27826,28.48709677419355,36.0,21.4,35.9,202.44,21.677419354838708,18.48709677419355,-166.54,82.26635052361193,14.600000000000001,19.52142159697899
2018,1,JUAZEIRO,Manga,148368,1.11,8527,17400,27.97741935483871,35.2,21.8,49.6,199.06,21.47741935483871,17.97741935483871,-149.46,75.08288958103084,13.400000000000002,21.551144687892833
2018,2,JUAZEIRO,Manga,148368,1.11,8527,17400,26.24285714285714,34.1,21.2,90.4,130.6,18.02857142857143,16.24285714285714,-40.19999999999999,30.781010719754963,12.900000000000002,25.546309945051078
2018,3,JUAZEIRO,Manga,148368,1.11,8527,17400,26.90967741935484,34.0,20.6,91.9,152.6,17.34193548387097,16.90967741935484,-60.69999999999999,39.777195281782426,13.399999999999999,24.068586583209054
2018,4,JUAZEIRO,Manga,148368,1.11,8527,17400,26.2,33.7,20.7,34.0,149.12,22.383333333333333,16.2,-115.12,77.19957081545064,13.000000000000004,25.518875040377928
2018,5,JUAZEIRO,Manga,148368,1.11,8527,17400,25.50967741935484,34.3,20.1,4.2,146.14,24.806451612903224,15.50967741935484,-141.94,97.12604351991241,14.199999999999996,25.10142754967181
2018,6,JUAZEIRO,Manga,148368,1.11,8527,17400,24.53,31.0,18.1,4.9,140.01,25.35666666666667,14.530000000000001,-135.10999999999999,96.50024998214413,12.899999999999999,26.250188575814942
2018,7,JUAZEIRO,Manga,148368,1.11,8527,17400,24.296774193548387,30.8,17.9,2.8,159.83,25.758064516129032,14.296774193548387,-157.03,98.24813864731277,12.900000000000002,26.103933264351273
2018,8,JUAZEIRO,Manga,148368,1.11,8527,17400,25.541935483870965,33.6,18.0,1.8,193.33,24.3,15.541935483870965,-191.53,99.06894946464594,15.600000000000001,23.875291478891736
2018,9,JUAZEIRO,Manga,148368,1.11,8527,17400,26.793333333333333,35.2,18.7,1.3,211.63,25.05333333333333,16.793333333333333,-210.32999999999998,99.38572036100743,16.500000000000004,21.95214987368919
2018,10,JUAZEIRO,Manga,148368,1.11,8527,17400,28.316129032258065,36.5,20.2,23.4,214.25,22.73225806451613,18.316129032258065,-190.85,89.0781796966161,16.3,19.189208422901988
2018,11,JUAZEIRO,Manga,148368,1.11,8527,17400,29.006666666666668,36.4,21.3,6.5,228.06,26.33,19.006666666666668,-221.56,97.14987284048058,15.099999999999998,17.857717893681087
2018,12,JUAZEIRO,Manga,148368,1.11,8527,17400,26.425806451612903,34.7,20.0,118.4,163.91,18.845161290322583,16.425806451612903,-45.50999999999999,27.765237020316025,14.700000000000003,23.832878084890783
2018,1,JUAZEIRO,Uva,33500,5.01125,1100,30455,27.97741935483871,35.2,21.8,49.6,199.06,21.47741935483871,17.97741935483871,-149.46,75.08288958103084,13.400000000000002,21.551144687892833
2018,2,JUAZEIRO,Uva,33500,5.01125,1100,30455,26.24285714285714,34.1,21.2,90.4,130.6,18.02857142857143,16.24285714285714,-40.19999999999999,30.781010719754963,12.900000000000002,25.546309945051078
2018,3,JUAZEIRO,Uva,33500,5.01125,1100,30455,26.90967741935484,34.0,20.6,91.9,152.6,17.34193548387097,16.90967741935484,-60.69999999999999,39.777195281782426,13.399999999999999,24.068586583209054
2018,4,JUAZEIRO,Uva,33500,5.01125,1100,30455,26.2,33.7,20.7,34.0,149.12,22.383333333333333,16.2,-115.12,77.19957081545064,13.000000000000004,25.518875040377928
2018,5,JUAZEIRO,Uva,33500,5.01125,1100,30455,25.50967741935484,34.3,20.1,4.2,146.14,24.806451612903224,15.50967741935484,-141.94,97.12604351991241,14.199999999999996,25.10142754967181
2018,6,JUAZEIRO,Uva,33500,5.01125,1100,30455,24.53,31.0,18.1,4.9,140.01,25.35666666666667,14.530000000000001,-135.10999999999999,96.50024998214413,12.899999999999999,26.250188575814942
2018,7,JUAZEIRO,Uva,33500,5.01125,1100,30455,24.296774193548387,30.8,17.9,2.8,159.83,25.758064516129032,14.296774193548387,-157.03,98.24813864731277,12.900000000000002,26.103933264351273
2018,8,JUAZEIRO,Uva,33500,5.01125,1100,30455,25.541935483870965,33.6,18.0,1.8,193.33,24.3,15.541935483870965,-191.53,99.06894946464594,15.600000000000001,23.875291478891736
2018,9,JUAZEIRO,Uva,33500,5.01125,1100,30455,26.793333333333333,35.2,18.7,1.3,211.63,25.05333333333333,16.793333333333333,-210.32999999999998,99.38572036100743,16.500000000000004,21.95214987368919
2018,10,JUAZEIRO,Uva,33500,5.01125,1100,30455,28.316129032258065,36.5,20.2,23.4,214.25,22.73225806451613,18.316129032258065,-190.85,89.0781796966161,16.3,19.189208422901988
2018,11,JUAZEIRO,Uva,33500,5.01125,1100,30455,29.006666666666668,36.4,21.3,6.5,228.06,26.33,19.006666666666668,-221.56,97.14987284048058,15.099999999999998,17.857717893681087
2018,12,JUAZEIRO,Uva,33500,5.01125,1100,30455,26.425806451612903,34.7,20.0,118.4,163.91,18.845161290322583,16.425806451612903,-45.50999999999999,27.765237020316025,14.700000000000003,23.832878084890783
2019,1,JUAZEIRO,Manga,179353,1.79,6650,26970,29.23548387096774,36.0,22.5,4.9,239.72,23.70967741935484,19.23548387096774,-234.82,97.95594860670782,13.5,17.59492140556428
2019,2,JUAZEIRO,Manga,179353,1.79,6650,26970,27.810714285714287,36.0,21.6,125.7,158.29,16.55,17.810714285714287,-32.58999999999999,20.588792722218706,14.399999999999999,21.40302142053719
2019,3,JUAZEIRO,Manga,179353,1.79,6650,26970,27.725806451612904,36.0,21.7,56.6,172.73,18.26774193548387,17.725806451612904,-116.13,67.23209633532102,14.3,21.669348269083226
2019,4,JUAZEIRO,Manga,179353,1.79,6650,26970,27.5,34.5,21.5,69.8,158.0,18.176666666666662,17.5,-88.2,55.82278481012659,13.0,23.058411245213428
2019,5,JUAZEIRO,Manga,179353,1.79,6650,26970,27.606451612903225,34.6,20.4,19.2,174.93,21.429032258064517,17.606451612903225,-155.73000000000002,89.02418110101183,14.200000000000003,22.015505934736478
2019,6,JUAZEIRO,Manga,179353,1.79,6650,26970,25.146666666666665,32.9,19.3,10.0,144.96,27.03,15.146666666666665,-134.96,93.10154525386314,13.599999999999998,25.74681866650846
2019,7,JUAZEIRO,Manga,179353,1.79,6650,26970,24.506451612903227,33.6,18.1,7.8,149.39,26.574193548387097,14.506451612903227,-141.58999999999997,94.77876698574201,15.5,23.983065368610276
2019,8,JUAZEIRO,Manga,179353,1.79,6650,26970,24.74516129032258,32.8,16.8,4.4,177.49,27.36774193548387,14.745161290322581,-173.09,97.52098709786466,15.999999999999996,23.633226148706896
2019,9,JUAZEIRO,Manga,179353,1.79,6650,26970,26.78666666666667,36.8,18.8,3.2,204.35,26.23333333333333,16.78666666666667,-201.15,98.43405921213603,17.999999999999996,20.899530133778985
2019,10,JUAZEIRO,Manga,179353,1.79,6650,26970,27.88387096774193,35.9,20.2,79.3,222.35,25.061290322580643,17.88387096774193,-143.05,64.33550708342703,15.7,20.48451156198302
2019,11,JUAZEIRO,Manga,179353,1.79,6650,26970,29.44333333333333,37.6,22.1,12.5,226.32,23.456666666666667,19.44333333333333,-213.82,94.47684694238247,15.5,16.491265420512704
2019,12,JUAZEIRO,Manga,179353,1.79,6650,26970,29.858064516129037,37.6,22.6,66.3,241.08,24.68387096774193,19.858064516129037,-174.78000000000003,72.4987555998009,15.0,15.324360783572198
2019,1,JUAZEIRO,Uva,43282,5.383,1078,40150,29.23548387096774,36.0,22.5,4.9,239.72,23.70967741935484,19.23548387096774,-234.82,97.95594860670782,13.5,17.59492140556428
2019,2,JUAZEIRO,Uva,43282,5.383,1078,40150,27.810714285714287,36.0,21.6,125.7,158.29,16.55,17.810714285714287,-32.58999999999999,20.588792722218706,14.399999999999999,21.40302142053719
2019,3,JUAZEIRO,Uva,43282,5.383,1078,40150,27.725806451612904,36.0,21.7,56.6,172.73,18.26774193548387,17.725806451612904,-116.13,67.23209633532102,14.3,21.669348269083226
2019,4,JUAZEIRO,Uva,43282,5.383,1078,40150,27.5,34.5,21.5,69.8,158.0,18.176666666666662,17.5,-88.2,55.82278481012659,13.0,23.058411245213428
2019,5,JUAZEIRO,Uva,43282,5.383,1078,40150,27.606451612903225,34.6,20.4,19.2,174.93,21.429032258064517,17.606451612903225,-155.73000000000002,89.02418110101183,14.200000000000003,22.015505934736478
2019,6,JUAZEIRO,Uva,43282,5.383,1078,40150,25.146666666666665,32.9,19.3,10.0,144.96,27.03,15.146666666666665,-134.96,93.10154525386314,13.599999999999998,25.74681866650846
2019,7,JUAZEIRO,Uva,43282,5.383,1078,40150,24.506451612903227,33.6,18.1,7.8,149.39,26.574193548387097,14.506451612903227,-141.58999999999997,94.77876698574201,15.5,23.983065368610276
2019,8,JUAZEIRO,Uva,43282,5.383,1078,40150,24.74516129032258,32.8,16.8,4.4,177.49,27.36774193548387,14.745161290322581,-173.09,97.52098709786466,15.999999999999996,23.633226148706896
2019,9,JUAZEIRO,Uva,43282,5.383,1078,40150,26.78666666666667,36.8,18.8,3.2,204.35,26.23333333333333,16.78666666666667,-201.15,98.43405921213603,17.999999999999996,20.899530133778985
2019,10,JUAZEIRO,Uva,43282,5.383,1078,40150,27.88387096774193,35.9,20.2,79.3,222.35,25.061290322580643,17.88387096774193,-143.05,64.33550708342703,15.7,20.48451156198302
2019,11,JUAZEIRO,Uva,43282,5.383,1078,40150,29.44333333333333,37.6,22.1,12.5,226.32,23.456666666666667,19.44333333333333,-213.82,94.47684694238247,15.5,16.491265420512704
2019,12,JUAZEIRO,Uva,43282,5.383,1078,40150,29.858064516129037,37.6,22.6,66.3,241.08,24.68387096774193,19.858064516129037,-174.78000000000003,72.4987555998009,15.0,15.324360783572198
2020,1,JUAZEIRO,Manga,250000,1.49,10000,25000,27.651612903225807,36.3,21.4,117.0,161.75,17.567741935483873,17.651612903225807,-44.75,27.666151468315302,14.899999999999999,21.474438795272132
2020,2,JUAZEIRO,Manga,250000,1.49,10000,25000,27.186206896551724,35.0,21.1,211.7,136.97,17.844827586206897,17.186206896551724,74.72999999999999,0.0,13.899999999999999,23.148885012905275
2020,3,JUAZEIRO,Manga,250000,1.49,10000,25000,26.241935483870968,32.5,22.0,248.8,120.14,18.041935483870965,16.241935483870968,128.66000000000003,0.0,10.5,27.455125191139096
2020,4,JUAZEIRO,Manga,250000,1.49,10000,25000,26.063333333333333,34.5,20.6,111.1,120.02,19.44,16.063333333333333,-8.920000000000002,7.432094650891519,13.899999999999999,24.925684580333968
2020,5,JUAZEIRO,Manga,250000,1.49,10000,25000,25.567741935483877,33.0,19.0,40.0,126.53,22.532258064516128,15.567741935483877,-86.53,68.38694380779262,14.0,25.244358743270656
2020,6,JUAZEIRO,Manga,250000,1.49,10000,25000,23.98333333333333,31.1,18.5,20.4,111.08,25.37333333333333,13.98333333333333,-90.68,81.63485776017285,12.600000000000001,26.067615110229013
2020,7,JUAZEIRO,Manga,250000,1.49,10000,25000,23.73548387096774,31.3,17.5,6.0,142.92,26.53548387096774,13.735483870967741,-136.92,95.80184718723761,13.8,24.77519016130913
2020,8,JUAZEIRO,Manga,250000,1.49,10000,25000,24.335483870967742,33.0,17.6,4.4,169.79,26.66774193548387,14.335483870967742,-165.39,97.40856351964192,15.399999999999999,23.980011898668973
2020,9,JUAZEIRO,Manga,250000,1.49,10000,25000,26.19333333333333,35.9,18.3,1.7,204.81,25.60333333333333,16.19333333333333,-203.11,99.16996240417947,17.599999999999998,21.806814554719203
2020,10,JUAZEIRO,Manga,250000,1.49,10000,25000,29.225806451612904,37.2,20.2,3.9,240.88,22.12903225806452,19.225806451612904,-236.98,98.38093656592494,17.000000000000004,16.718960699718732
2020,11,JUAZEIRO,Manga,250000,1.49,10000,25000,26.626666666666665,34.8,19.6,64.8,165.26,20.986666666666668,16.626666666666665,-100.46,60.78905966356045,15.199999999999996,23.161870069065195
2020,12,JUAZEIRO,Manga,250000,1.49,10000,25000,28.73548387096774,35.8,21.0,5.7,227.36,22.12903225806452,18.73548387096774,-221.66000000000003,97.4929627023223,14.799999999999997,18.73861085989776
2020,1,JUAZEIRO,Uva,33303,6.108,1125,29603,27.651612903225807,36.3,21.4,117.0,161.75,17.567741935483873,17.651612903225807,-44.75,27.666151468315302,14.899999999999999,21.474438795272132
2020,2,JUAZEIRO,Uva,33303,6.108,1125,29603,27.186206896551724,35.0,21.1,211.7,136.97,17.844827586206897,17.186206896551724,74.72999999999999,0.0,13.899999999999999,23.148885012905275
2020,3,JUAZEIRO,Uva,33303,6.108,1125,29603,26.241935483870968,32.5,22.0,248.8,120.14,18.041935483870965,16.241935483870968,128.66000000000003,0.0,10.5,27.455125191139096
2020,4,JUAZEIRO,Uva,33303,6.108,1125,29603,26.063333333333333,34.5,20.6,111.1,120.02,19.44,16.063333333333333,-8.920000000000002,7.432094650891519,13.899999999999999,24.925684580333968
2020,5,JUAZEIRO,Uva,33303,6.108,1125,29603,25.567741935483877,33.0,19.0,40.0,126.53,22.532258064516128,15.567741935483877,-86.53,68.38694380779262,14.0,25.244358743270656
2020,6,JUAZEIRO,Uva,33303,6.108,1125,29603,23.98333333333333,31.1,18.5,20.4,111.08,25.37333333333333,13.98333333333333,-90.68,81.63485776017285,12.600000000000001,26.067615110229013
2020,7,JUAZEIRO,Uva,33303,6.108,1125,29603,23.73548387096774,31.3,17.5,6.0,142.92,26.53548387096774,13.735483870967741,-136.92,95.80184718723761,13.8,24.77519016130913
2020,8,JUAZEIRO,Uva,33303,6.108,1125,29603,24.335483870967742,33.0,17.6,4.4,169.79,26.66774193548387,14.335483870967742,-165.39,97.40856351964192,15.399999999999999,23.980011898668973
2020,9,JUAZEIRO,Uva,33303,6.108,1125,29603,26.19333333333333,35.9,18.3,1.7,204.81,25.60333333333333,16.19333333333333,-203.11,99.16996240417947,17.599999999999998,21.806814554719203
2020,10,JUAZEIRO,Uva,33303,6.108,1125,29603,29.225806451612904,37.2,20.2,3.9,240.88,22.12903225806452,19.225806451612904,-236.98,98.38093656592494,17.000000000000004,16.718960699718732
2020,11,JUAZEIRO,Uva,33303,6.108,1125,29603,26.626666666666665,34.8,19.6,64.8,165.26,20.986666666666668,16.626666666666665,-100.46,60.78905966356045,15.199999999999996,23.161870069065195
2020,12,JUAZEIRO,Uva,33303,6.108,1125,29603,28.73548387096774,35.8,21.0,5.7,227.36,22.12903225806452,18.73548387096774,-221.66000000000003,97.4929627023223,14.799999999999997,18.73861085989776
2021,1,JUAZEIRO,Manga,322206,1.475,11326,28448,28.561290322580643,36.1,21.7,10.0,210.51,21.496774193548383,18.561290322580643,-200.51,95.24963184646809,14.400000000000002,19.397686108588168
2021,2,JUAZEIRO,Manga,322206,1.475,11326,28448,27.807142857142857,36.5,21.5,42.7,158.51,18.307142857142857,17.807142857142857,-115.80999999999999,73.06163648981136,15.0,21.05911511128701
2021,3,JUAZEIRO,Manga,322206,1.475,11326,28448,28.57741935483871,35.5,21.4,19.5,203.31,20.848387096774196,18.57741935483871,-183.81,90.40873542865575,14.100000000000001,19.477632468602255
2021,4,JUAZEIRO,Manga,322206,1.475,11326,28448,26.98333333333333,35.6,21.4,39.5,162.09,20.23333333333333,16.98333333333333,-122.59,75.63082238262695,14.200000000000003,23.33065312184977
2021,5,JUAZEIRO,Manga,322206,1.475,11326,28448,25.58709677419355,33.0,19.2,4.2,158.9,23.20967741935484,15.58709677419355,-154.70000000000002,97.3568281938326,13.8,25.406822442173393
2021,6,JUAZEIRO,Manga,322206,1.475,11326,28448,25.10333333333333,33.1,17.6,8.3,155.03,23.94333333333333,15.103333333333332,-146.73,94.64619751015933,15.5,24.08706323922598
2021,7,JUAZEIRO,Manga,322206,1.475,11326,28448,24.30967741935484,33.5,18.9,7.3,149.83,25.932258064516127,14.309677419354841,-142.53,95.12781151972234,14.600000000000001,24.649398728804876
2021,8,JUAZEIRO,Manga,322206,1.475,11326,28448,24.451612903225808,33.1,17.0,0.7000000000000001,187.29,27.47741935483871,14.451612903225808,-186.59,99.6262480644989,16.1,23.448221151901226
2021,9,JUAZEIRO,Manga,322206,1.475,11326,28448,27.55,36.7,19.6,0.4,223.52,24.16,17.55,-223.12,99.82104509663566,17.1,20.3406075361216
2021,10,JUAZEIRO,Manga,322206,1.475,11326,28448,28.641935483870967,37.3,20.2,31.7,230.5,22.4741935483871,18.641935483870967,-198.8,86.2472885032538,17.099999999999998,18.090626061280446
2021,11,JUAZEIRO,Manga,322206,1.475,11326,28448,27.226666666666667,35.2,21.5,83.2,170.79,20.40333333333333,17.226666666666667,-87.58999999999999,51.28520405175947,13.700000000000003,23.20568299724226
2021,12,JUAZEIRO,Manga,322206,1.475,11326,28448,26.270967741935483,33.7,21.0,157.7,145.66,18.483870967741936,16.270967741935483,12.039999999999992,0.0,12.700000000000003,25.67322942486336
2021,1,JUAZEIRO,Uva,47986,5.975,1580,30371,28.561290322580643,36.1,21.7,10.0,210.51,21.496774193548383,18.561290322580643,-200.51,95.24963184646809,14.400000000000002,19.397686108588168
2021,2,JUAZEIRO,Uva,47986,5.975,1580,30371,27.807142857142857,36.5,21.5,42.7,158.51,18.307142857142857,17.807142857142857,-115.80999999999999,73.06163648981136,15.0,21.05911511128701
2021,3,JUAZEIRO,Uva,47986,5.975,1580,30371,28.57741935483871,35.5,21.4,19.5,203.31,20.848387096774196,18.57741935483871,-183.81,90.40873542865575,14.100000000000001,19.477632468602255
2021,4,JUAZEIRO,Uva,47986,5.975,1580,30371,26.98333333333333,35.6,21.4,39.5,162.09,20.23333333333333,16.98333333333333,-122.59,75.63082238262695,14.200000000000003,23.33065312184977
2021,5,JUAZEIRO,Uva,47986,5.975,1580,30371,25.58709677419355,33.0,19.2,4.2,158.9,23.20967741935484,15.58709677419355,-154.70000000000002,97.3568281938326,13.8,25.406822442173393
2021,6,JUAZEIRO,Uva,47986,5.975,1580,30371,25.10333333333333,33.1,17.6,8.3,155.03,23.94333333333333,15.103333333333332,-146.73,94.64619751015933,15.5,24.08706323922598
2021,7,JUAZEIRO,Uva,47986,5.975,1580,30371,24.30967741935484,33.5,18.9,7.3,149.83,25.932258064516127,14.309677419354841,-142.53,95.12781151972234,14.600000000000001,24.649398728804876
2021,8,JUAZEIRO,Uva,47986,5.975,1580,30371,24.451612903225808,33.1,17.0,0.7000000000000001,187.29,27.47741935483871,14.451612903225808,-186.59,99.6262480644989,16.1,23.448221151901226
2021,9,JUAZEIRO,Uva,47986,5.975,1580,30371,27.55,36.7,19.6,0.4,223.52,24.16,17.55,-223.12,99.82104509663566,17.1,20.3406075361216
2021,10,JUAZEIRO,Uva,47986,5.975,1580,30371,28.641935483870967,37.3,20.2,31.7,230.5,22.4741935483871,18.641935483870967,-198.8,86.2472885032538,17.099999999999998,18.090626061280446
2021,11,JUAZEIRO,Uva,47986,5.975,1580,30371,27.226666666666667,35.2,21.5,83.2,170.79,20.40333333333333,17.226666666666667,-87.58999999999999,51.28520405175947,13.700000000000003,23.20568299724226
2021,12,JUAZEIRO,Uva,47986,5.975,1580,30371,26.270967741935483,33.7,21.0,157.7,145.66,18.483870967741936,16.270967741935483,12.039999999999992,0.0,12.700000000000003,25.67322942486336
2022,1,JUAZEIRO,Manga,362396,1.585,12237,29615,25.81290322580645,33.2,20.5,100.2,160.68,18.429032258064517,15.812903225806451,-60.480000000000004,37.64002987303958,12.700000000000003,26.184436813306245
2022,2,JUAZEIRO,Manga,362396,1.585,12237,29615,27.00714285714286,34.2,21.2,81.4,162.16,17.285714285714285,17.00714285714286,-80.75999999999999,49.80266403552047,13.000000000000004,24.177093396734517
2022,3,JUAZEIRO,Manga,362396,1.585,12237,29615,26.25483870967742,33.8,20.7,106.7,162.44,19.96451612903226,16.25483870967742,-55.739999999999995,34.31420832307314,13.099999999999998,25.365671203039806
2022,4,JUAZEIRO,Manga,362396,1.585,12237,29615,26.686666666666667,35.4,20.0,42.7,162.23,21.016666666666666,16.686666666666667,-119.52999999999999,73.67934414103433,15.399999999999999,22.921827938643712
2022,5,JUAZEIRO,Manga,362396,1.585,12237,29615,25.38064516129032,33.9,18.9,58.5,145.43,23.34193548387097,15.380645161290321,-86.93,59.77446194045246,15.0,24.459803671062968
2022,6,JUAZEIRO,Manga,362396,1.585,12237,29615,23.92,31.5,17.0,16.700000000000003,135.8,24.206666666666667,13.920000000000002,-119.10000000000001,87.70250368188512,14.5,24.40464432683569
2022,7,JUAZEIRO,Manga,362396,1.585,12237,29615,23.780645161290323,33.2,17.2,5.1,147.92,26.516129032258064,13.780645161290323,-142.82,96.55219037317468,16.000000000000004,23.031584610474148
2022,8,JUAZEIRO,Manga,362396,1.585,12237,29615,24.177419354838708,33.8,17.4,5.7,174.02,26.774193548387096,14.177419354838708,-168.32000000000002,96.72451442362947,16.4,23.042623797597063
2022,9,JUAZEIRO,Manga,362396,1.585,12237,29615,26.34,35.2,17.6,1.3,214.23,24.386666666666667,16.34,-212.92999999999998,99.39317555897867,17.6,21.673170795036405
2022,10,JUAZEIRO,Manga,362396,1.585,12237,29615,28.283870967741933,37.5,20.0,9.4,242.95,25.306451612903224,18.283870967741933,-233.54999999999998,96.1308911298621,17.5,18.702528445173044
2022,11,JUAZEIRO,Manga,362396,1.585,12237,29615,25.78,34.8,20.0,115.6,145.95,19.25333333333333,15.780000000000001,-30.349999999999994,20.794792737238776,14.799999999999997,24.41533552858121
2022,12,JUAZEIRO,Manga,362396,1.585,12237,29615,25.583870967741937,32.1,20.7,93.1,154.34,17.700000000000003,15.583870967741937,-61.24000000000001,39.6786315925878,11.400000000000002,27.429897209787427
2022,1,JUAZEIRO,Uva,50710,7.626666666666667,1636,30996,25.81290322580645,33.2,20.5,100.2,160.68,18.429032258064517,15.812903225806451,-60.480000000000004,37.64002987303958,12.700000000000003,26.184436813306245
2022,2,JUAZEIRO,Uva,50710,7.626666666666667,1636,30996,27.00714285714286,34.2,21.2,81.4,162.16,17.285714285714285,17.00714285714286,-80.75999999999999,49.80266403552047,13.000000000000004,24.177093396734517
2022,3,JUAZEIRO,Uva,50710,7.626666666666667,1636,30996,26.25483870967742,33.8,20.7,106.7,162.44,19.96451612903226,16.25483870967742,-55.739999999999995,34.31420832307314,13.099999999999998,25.365671203039806
2022,4,JUAZEIRO,Uva,50710,7.626666666666667,1636,30996,26.686666666666667,35.4,20.0,42.7,162.23,21.016666666666666,16.686666666666667,-119.52999999999999,73.67934414103433,15.399999999999999,22.921827938643712
2022,5,JUAZEIRO,Uva,50710,7.626666666666667,1636,30996,25.38064516129032,33.9,18.9,58.5,145.43,23.34193548387097,15.380645161290321,-86.93,59.77446194045246,15.0,24.459803671062968
2022,6,JUAZEIRO,Uva,50710,7.626666666666667,1636,30996,23.92,31.5,17.0,16.700000000000003,135.8,24.206666666666667,13.920000000000002,-119.10000000000001,87.70250368188512,14.5,24.40464432683569
2022,7,JUAZEIRO,Uva,50710,7.626666666666667,1636,30996,23.780645161290323,33.2,17.2,5.1,147.92,26.516129032258064,13.780645161290323,-142.82,96.55219037317468,16.000000000000004,23.031584610474148
2022,8,JUAZEIRO,Uva,50710,7.626666666666667,1636,30996,24.177419354838708,33.8,17.4,5.7,174.02,26.774193548387096,14.177419354838708,-168.32000000000002,96.72451442362947,16.4,23.042623797597063
2022,9,JUAZEIRO,Uva,50710,7.626666666666667,1636,30996,26.34,35.2,17.6,1.3,214.23,24.386666666666667,16.34,-212.92999999999998,99.39317555897867,17.6,21.673170795036405
2022,10,JUAZEIRO,Uva,50710,7.626666666666667,1636,30996,28.283870967741933,37.5,20.0,9.4,242.95,25.306451612903224,18.283870967741933,-233.54999999999998,96.1308911298621,17.5,18.702528445173044
2022,11,JUAZEIRO,Uva,50710,7.626666666666667,1636,30996,25.78,34.8,20.0,115.6,145.95,19.25333333333333,15.780000000000001,-30.349999999999994,20.794792737238776,14.799999999999997,24.41533552858121
2022,12,JUAZEIRO,Uva,50710,7.626666666666667,1636,30996,25.583870967741937,32.1,20.7,93.1,154.34,17.700000000000003,15.583870967741937,-61.24000000000001,39.6786315925878,11.400000000000002,27.429897209787427
2023,1,JUAZEIRO,Manga,377524,2.225,12502,30197,26.60322580645161,34.0,21.0,36.9,177.11,18.38064516129032,16.60322580645161,-140.21,79.16549037321438,13.0,24.928106874560893
2023,2,JUAZEIRO,Manga,377524,2.225,12502,30197,28.13214285714286,35.2,21.3,40.1,184.85,21.417857142857144,18.13214285714286,-144.75,78.30673519069515,13.900000000000002,20.84718594833025
2023,3,JUAZEIRO,Manga,377524,2.225,12502,30197,26.983870967741936,36.1,20.0,88.7,175.85,19.96451612903226,16.983870967741936,-87.14999999999999,49.55928348023883,16.1,21.954510493825286
2023,4,JUAZEIRO,Manga,377524,2.225,12502,30197,26.76,34.3,20.5,42.0,158.29,18.65666666666667,16.76,-116.28999999999999,73.4664223892855,13.799999999999997,24.034089503761667
2023,5,JUAZEIRO,Manga,377524,2.225,12502,30197,25.20967741935484,31.5,20.0,22.4,126.22,21.44516129032258,15.20967741935484,-103.82,82.25320868325147,11.5,27.515243770749816
2023,6,JUAZEIRO,Manga,377524,2.225,12502,30197,24.366666666666667,31.1,19.0,9.6,130.95,25.596666666666668,14.366666666666667,-121.35,92.66895761741122,12.100000000000001,26.82841644146439
2023,7,JUAZEIRO,Manga,377524,2.225,12502,30197,25.02258064516129,33.7,17.5,1.5,173.2,25.067741935483877,15.022580645161291,-171.7,99.13394919168591,16.200000000000003,23.490044800784734
2023,8,JUAZEIRO,Manga,377524,2.225,12502,30197,26.22903225806452,36.0,17.8,3.1,187.07,22.538709677419355,16.22903225806452,-183.97,98.3428663067301,18.2,21.326697001021675
2023,9,JUAZEIRO,Manga,377524,2.225,12502,30197,27.696666666666665,37.4,19.2,0.6000000000000001,222.04,25.24,17.696666666666665,-221.44,99.729778418303,18.2,19.448636290374807
2023,10,JUAZEIRO,Manga,377524,2.225,12502,30197,29.59032258064516,38.8,20.8,0.1,260.65,24.003225806451614,19.59032258064516,-260.54999999999995,99.96163437559946,17.999999999999996,15.591969763888873
2023,11,JUAZEIRO,Manga,377524,2.225,12502,30197,29.923333333333336,37.8,22.0,24.3,226.73,21.05666666666667,19.923333333333336,-202.42999999999998,89.28240638645084,15.799999999999997,15.052327822383614
2023,12,JUAZEIRO,Manga,377524,2.225,12502,30197,29.66774193548387,39.0,21.2,32.7,227.43,23.148387096774197,19.66774193548387,-194.73000000000002,85.62194961086928,17.8,15.44553813567382
2023,1,JUAZEIRO,Uva,47489,8.6,1626,29206,26.60322580645161,34.0,21.0,36.9,177.11,18.38064516129032,16.60322580645161,-140.21,79.16549037321438,13.0,24.928106874560893
2023,2,JUAZEIRO,Uva,47489,8.6,1626,29206,28.13214285714286,35.2,21.3,40.1,184.85,21.417857142857144,18.13214285714286,-144.75,78.30673519069515,13.900000000000002,20.84718594833025
2023,3,JUAZEIRO,Uva,47489,8.6,1626,29206,26.983870967741936,36.1,20.0,88.7,175.85,19.96451612903226,16.983870967741936,-87.14999999999999,49.55928348023883,16.1,21.954510493825286
2023,4,JUAZEIRO,Uva,47489,8.6,1626,29206,26.76,34.3,20.5,42.0,158.29,18.65666666666667,16.76,-116.28999999999999,73.4664223892855,13.799999999999997,24.034089503761667
2023,5,JUAZEIRO,Uva,47489,8.6,1626,29206,25.20967741935484,31.5,20.0,22.4,126.22,21.44516129032258,15.20967741935484,-103.82,82.25320868325147,11.5,27.515243770749816
2023,6,JUAZEIRO,Uva,47489,8.6,1626,29206,24.366666666666667,31.1,19.0,9.6,130.95,25.596666666666668,14.366666666666667,-121.35,92.66895761741122,12.100000000000001,26.82841644146439
2023,7,JUAZEIRO,Uva,47489,8.6,1626,29206,25.02258064516129,33.7,17.5,1.5,173.2,25.067741935483877,15.022580645161291,-171.7,99.13394919168591,16.200000000000003,23.490044800784734
2023,8,JUAZEIRO,Uva,47489,8.6,1626,29206,26.22903225806452,36.0,17.8,3.1,187.07,22.538709677419355,16.22903225806452,-183.97,98.3428663067301,18.2,21.326697001021675
2023,9,JUAZEIRO,Uva,47489,8.6,1626,29206,27.696666666666665,37.4,19.2,0.6000000000000001,222.04,25.24,17.696666666666665,-221.44,99.729778418303,18.2,19.448636290374807
2023,10,JUAZEIRO,Uva,47489,8.6,1626,29206,29.59032258064516,38.8,20.8,0.1,260.65,24.003225806451614,19.59032258064516,-260.54999999999995,99.96163437559946,17.999999999999996,15.591969763888873
2023,11,JUAZEIRO,Uva,47489,8.6,1626,29206,29.923333333333336,37.8,22.0,24.3,226.73,21.05666666666667,19.923333333333336,-202.42999999999998,89.28240638645084,15.799999999999997,15.052327822383614
2023,12,JUAZEIRO,Uva,47489,8.6,1626,29206,29.66774193548387,39.0,21.2,32.7,227.43,23.148387096774197,19.66774193548387,-194.73000000000002,85.62194961086928,17.8,15.44553813567382
2024,1,JUAZEIRO,Manga,417566,2.9,13737,30397,27.9741935483871,36.5,22.2,136.0,163.59,15.570967741935483,17.9741935483871,-27.590000000000003,16.865334066874503,14.3,21.050142682702848
2024,2,JUAZEIRO,Manga,417566,2.9,13737,30397,26.679310344827588,34.0,21.0,82.4,147.13,18.47241379310345,16.679310344827588,-64.72999999999999,43.99510636851763,13.0,24.798580795354802
2024,3,JUAZEIRO,Manga,417566,2.9,13737,30397,27.858064516129037,35.3,21.5,49.9,171.75,17.703225806451613,17.858064516129037,-121.85,70.94614264919942,13.799999999999997,21.63836671960425
2024,4,JUAZEIRO,Manga,417566,2.9,13737,30397,26.636666666666667,33.2,21.8,96.2,141.04,19.686666666666667,16.636666666666667,-44.83999999999999,31.792399319342024,11.400000000000002,26.132534222557055
2024,5,JUAZEIRO,Manga,417566,2.9,13737,30397,26.19032258064516,34.7,20.0,19.0,151.33,23.648387096774197,16.19032258064516,-132.33,87.44465737130773,14.700000000000003,24.12004781855671
2024,6,JUAZEIRO,Manga,417566,2.9,13737,30397,25.10666666666667,32.3,19.3,16.4,146.45,24.776666666666664,15.10666666666667,-130.04999999999998,88.80163878456811,12.999999999999996,26.275852511631083
2024,7,JUAZEIRO,Manga,417566,2.9,13737,30397,24.52258064516129,32.0,16.9,10.9,168.07,25.787096774193547,14.522580645161291,-157.17,93.51460700898436,15.100000000000001,24.334632040015858
2024,8,JUAZEIRO,Manga,417566,2.9,13737,30397,25.693548387096776,36.0,17.9,1.2,201.82,25.82258064516129,15.693548387096776,-200.62,99.4054107620652,18.1,21.756718335927346
2024,9,JUAZEIRO,Manga,417566,2.9,13737,30397,27.063333333333333,35.7,17.8,0.6000000000000001,233.36,25.506666666666668,17.063333333333333,-232.76000000000002,99.74288652725403,17.900000000000002,20.60782714007087
2024,10,JUAZEIRO,Manga,417566,2.9,13737,30397,28.92258064516129,38.2,19.6,26.8,236.36,21.82258064516129,18.92258064516129,-209.56,88.66136402098493,18.6,16.923391354966295
2024,11,JUAZEIRO,Manga,417566,2.9,13737,30397,28.72,37.0,21.6,45.7,205.23,19.64,18.72,-159.52999999999997,77.73230034595332,15.399999999999999,18.55420625048469
2024,12,JUAZEIRO,Manga,417566,2.9,13737,30397,29.80967741935484,37.2,22.6,3.2,227.92,18.641935483870967,19.80967741935484,-224.72,98.5959985959986,14.600000000000001,15.51582394082381
2024,1,JUAZEIRO,Uva,59819,10.877142857142855,1983,30166,27.9741935483871,36.5,22.2,136.0,163.59,15.570967741935483,17.9741935483871,-27.590000000000003,16.865334066874503,14.3,21.050142682702848
2024,2,JUAZEIRO,Uva,59819,10.877142857142855,1983,30166,26.679310344827588,34.0,21.0,82.4,147.13,18.47241379310345,16.679310344827588,-64.72999999999999,43.99510636851763,13.0,24.798580795354802
2024,3,JUAZEIRO,Uva,59819,10.877142857142855,1983,30166,27.858064516129037,35.3,21.5,49.9,171.75,17.703225806451613,17.858064516129037,-121.85,70.94614264919942,13.799999999999997,21.63836671960425
2024,4,JUAZEIRO,Uva,59819,10.877142857142855,1983,30166,26.636666666666667,33.2,21.8,96.2,141.04,19.686666666666667,16.636666666666667,-44.83999999999999,31.792399319342024,11.400000000000002,26.132534222557055
2024,5,JUAZEIRO,Uva,59819,10.877142857142855,1983,30166,26.19032258064516,34.7,20.0,19.0,151.33,23.648387096774197,16.19032258064516,-132.33,87.44465737130773,14.700000000000003,24.12004781855671
2024,6,JUAZEIRO,Uva,59819,10.877142857142855,1983,30166,25.10666666666667,32.3,19.3,16.4,146.45,24.776666666666664,15.10666666666667,-130.04999999999998,88.80163878456811,12.999999999999996,26.275852511631083
2024,7,JUAZEIRO,Uva,59819,10.877142857142855,1983,30166,24.52258064516129,32.0,16.9,10.9,168.07,25.787096774193547,14.522580645161291,-157.17,93.51460700898436,15.100000000000001,24.334632040015858
2024,8,JUAZEIRO,Uva,59819,10.877142857142855,1983,30166,25.693548387096776,36.0,17.9,1.2,201.82,25.82258064516129,15.693548387096776,-200.62,99.4054107620652,18.1,21.756718335927346
2024,9,JUAZEIRO,Uva,59819,10.877142857142855,1983,30166,27.063333333333333,35.7,17.8,0.6000000000000001,233.36,25.506666666666668,17.063333333333333,-232.76000000000002,99.74288652725403,17.900000000000002,20.60782714007087
2024,10,JUAZEIRO,Uva,59819,10.877142857142855,1983,30166,28.92258064516129,38.2,19.6,26.8,236.36,21.82258064516129,18.92258064516129,-209.56,88.66136402098493,18.6,16.923391354966295
2024,11,JUAZEIRO,Uva,59819,10.877142857142855,1983,30166,28.72,37.0,21.6,45.7,205.23,19.64,18.72,-159.52999999999997,77.73230034595332,15.399999999999999,18.55420625048469
2024,12,JUAZEIRO,Uva,59819,10.877142857142855,1983,30166,29.80967741935484,37.2,22.6,3.2,227.92,18.641935483870967,19.80967741935484,-224.72,98.5959985959986,14.600000000000001,15.51582394082381
2013,1,PETROLINA,Manga,173360,1.365,7880,22000,28.26451612903226,36.1,22.5,65.0,191.04,18.98064516129032,18.26451612903226,-126.03999999999999,65.97571189279732,13.600000000000001,20.627793605716597
2013,2,PETROLINA,Manga,173360,1.365,7880,22000,29.6,36.8,22.3,0.1,230.29,23.467857142857145,19.6,-230.19,99.95657649051196,14.499999999999996,16.19660617835197
2013,3,PETROLINA,Manga,173360,1.365,7880,22000,29.55806451612903,38.4,22.3,18.2,218.94,20.067741935483877,19.55806451612903,-200.74,91.68722024298894,16.099999999999998,16.047985471676206
2013,4,PETROLINA,Manga,173360,1.365,7880,22000,27.57,36.4,21.3,32.4,162.3,22.01,17.57,-129.9,80.0369685767098,15.099999999999998,21.52956595163524
2013,5,PETROLINA,Manga,173360,1.365,7880,22000,26.654838709677417,35.1,21.1,6.3,164.11,22.48709677419355,16.654838709677417,-157.81,96.16111144963743,14.0,24.05332129981745
2013,6,PETROLINA,Manga,173360,1.365,7880,22000,25.87,32.9,19.5,1.8,157.91,23.43,15.870000000000001,-156.10999999999999,98.86011018934836,13.399999999999999,25.539453338638765
2013,7,PETROLINA,Manga,173360,1.365,7880,22000,24.73548387096774,32.7,18.4,5.8,163.22,24.751612903225805,14.735483870967741,-157.42,96.44651390760937,14.300000000000004,25.107579728277575
2013,8,PETROLINA,Manga,173360,1.365,7880,22000,24.68387096774193,35.1,16.5,1.0,177.57,25.293548387096774,14.683870967741932,-176.57,99.4368418088641,18.6,21.49902583886333
2013,9,PETROLINA,Manga,173360,1.365,7880,22000,26.32333333333333,36.5,18.6,0.2,208.03,24.83,16.32333333333333,-207.83,99.9038600201894,17.9,21.465764066488287
2013,10,PETROLINA,Manga,173360,1.365,7880,22000,27.616129032258065,37.5,20.3,0.4,230.37,25.396774193548385,17.616129032258065,-229.97,99.82636628033164,17.2,20.162376379909503
2013,11,PETROLINA,Manga,173360,1.365,7880,22000,27.86,36.2,21.2,21.2,214.0,22.3,17.86,-192.8,90.09345794392523,15.000000000000004,20.93538286169187
2013,12,PETROLINA,Manga,173360,1.365,7880,22000,26.98064516129032,36.5,21.2,159.2,159.43,16.364516129032257,16.98064516129032,-0.2300000000000182,0.1442639402872814,15.3,22.53159314943254
2013,1,PETROLINA,Uva,162448,4.4435714285714285,4642,34995,28.26451612903226,36.1,22.5,65.0,191.04,18.98064516129032,18.26451612903226,-126.03999999999999,65.97571189279732,13.600000000000001,20.627793605716597
2013,2,PETROLINA,Uva,162448,4.4435714285714285,4642,34995,29.6,36.8,22.3,0.1,230.29,23.467857142857145,19.6,-230.19,99.95657649051196,14.499999999999996,16.19660617835197
2013,3,PETROLINA,Uva,162448,4.4435714285714285,4642,34995,29.55806451612903,38.4,22.3,18.2,218.94,20.067741935483877,19.55806451612903,-200.74,91.68722024298894,16.099999999999998,16.047985471676206
2013,4,PETROLINA,Uva,162448,4.4435714285714285,4642,34995,27.57,36.4,21.3,32.4,162.3,22.01,17.57,-129.9,80.0369685767098,15.099999999999998,21.52956595163524
2013,5,PETROLINA,Uva,162448,4.4435714285714285,4642,34995,26.654838709677417,35.1,21.1,6.3,164.11,22.48709677419355,16.654838709677417,-157.81,96.16111144963743,14.0,24.05332129981745
2013,6,PETROLINA,Uva,162448,4.4435714285714285,4642,34995,25.87,32.9,19.5,1.8,157.91,23.43,15.870000000000001,-156.10999999999999,98.86011018934836,13.399999999999999,25.539453338638765
2013,7,PETROLINA,Uva,162448,4.4435714285714285,4642,34995,24.73548387096774,32.7,18.4,5.8,163.22,24.751612903225805,14.735483870967741,-157.42,96.44651390760937,14.300000000000004,25.107579728277575
2013,8,PETROLINA,Uva,162448,4.4435714285714285,4642,34995,24.68387096774193,35.1,16.5,1.0,177.57,25.293548387096774,14.683870967741932,-176.57,99.4368418088641,18.6,21.49902583886333
2013,9,PETROLINA,Uva,162448,4.4435714285714285,4642,34995,26.32333333333333,36.5,18.6,0.2,208.03,24.83,16.32333333333333,-207.83,99.9038600201894,17.9,21.465764066488287
2013,10,PETROLINA,Uva,162448,4.4435714285714285,4642,34995,27.616129032258065,37.5,20.3,0.4,230.37,25.396774193548385,17.616129032258065,-229.97,99.82636628033164,17.2,20.162376379909503
2013,11,PETROLINA,Uva,162448,4.4435714285714285,4642,34995,27.86,36.2,21.2,21.2,214.0,22.3,17.86,-192.8,90.09345794392523,15.000000000000004,20.93538286169187
2013,12,PETROLINA,Uva,162448,4.4435714285714285,4642,34995,26.98064516129032,36.5,21.2,159.2,159.43,16.364516129032257,16.98064516129032,-0.2300000000000182,0.1442639402872814,15.3,22.53159314943254
2014,1,PETROLINA,Manga,157600,1.4449999999999998,7880,20000,27.91290322580645,35.7,20.9,0.8,227.59,21.93548387096774,17.91290322580645,-226.79,99.64849070697306,14.800000000000004,20.922512992919952
2014,2,PETROLINA,Manga,157600,1.4449999999999998,7880,20000,27.575,35.3,21.8,23.0,176.45,21.99285714285714,17.575,-153.45,86.96514593369227,13.499999999999996,22.54137819909413
2014,3,PETROLINA,Manga,157600,1.4449999999999998,7880,20000,27.748387096774195,35.8,21.0,40.5,186.21,20.725806451612904,17.748387096774195,-145.71,78.25036249395843,14.799999999999997,21.31391156989441
2014,4,PETROLINA,Manga,157600,1.4449999999999998,7880,20000,26.78333333333333,35.2,20.8,82.19999999999999,147.67,19.25,16.78333333333333,-65.47,44.335342317329186,14.400000000000002,23.533357876284406
2014,5,PETROLINA,Manga,157600,1.4449999999999998,7880,20000,25.596774193548388,33.0,19.2,3.3,148.36,22.396774193548385,15.596774193548388,-145.06,97.77568077648962,13.8,25.401006957507576
2014,6,PETROLINA,Manga,157600,1.4449999999999998,7880,20000,24.84333333333333,33.2,19.3,1.7,143.91,25.24333333333333,14.84333333333333,-142.21,98.81870613577931,13.900000000000002,25.48177021391254
2014,7,PETROLINA,Manga,157600,1.4449999999999998,7880,20000,23.958064516129035,31.4,18.8,24.6,143.67,25.80322580645161,13.958064516129035,-119.07,82.87742743787847,12.599999999999998,26.039610268399525
2014,8,PETROLINA,Manga,157600,1.4449999999999998,7880,20000,23.990322580645163,32.8,17.9,1.1,178.9,25.496774193548383,13.990322580645163,-177.8,99.38513135830073,14.899999999999999,24.13892079462237
2014,9,PETROLINA,Manga,157600,1.4449999999999998,7880,20000,26.41333333333333,37.2,18.2,1.2000000000000002,212.67,25.146666666666665,16.41333333333333,-211.47,99.43574552123007,19.000000000000004,20.592659011125725
2014,10,PETROLINA,Manga,157600,1.4449999999999998,7880,20000,27.10967741935484,35.8,19.0,0.5,224.07,26.18387096774193,17.10967741935484,-223.57,99.77685544695854,16.799999999999997,21.272373995100658
2014,11,PETROLINA,Manga,157600,1.4449999999999998,7880,20000,27.466666666666665,36.3,21.0,57.7,183.51,20.96,17.466666666666665,-125.80999999999999,68.55757179445261,15.299999999999997,21.61945646695014
2014,12,PETROLINA,Manga,157600,1.4449999999999998,7880,20000,26.951612903225808,34.6,20.8,53.0,186.29,20.56451612903226,16.951612903225808,-133.29,71.54973428525417,13.8,23.687607866887095
2014,1,PETROLINA,Uva,162448,4.574166666666667,4642,34995,27.91290322580645,35.7,20.9,0.8,227.59,21.93548387096774,17.91290322580645,-226.79,99.64849070697306,14.800000000000004,20.922512992919952
2014,2,PETROLINA,Uva,162448,4.574166666666667,4642,34995,27.575,35.3,21.8,23.0,176.45,21.99285714285714,17.575,-153.45,86.96514593369227,13.499999999999996,22.54137819909413
2014,3,PETROLINA,Uva,162448,4.574166666666667,4642,34995,27.748387096774195,35.8,21.0,40.5,186.21,20.725806451612904,17.748387096774195,-145.71,78.25036249395843,14.799999999999997,21.31391156989441
2014,4,PETROLINA,Uva,162448,4.574166666666667,4642,34995,26.78333333333333,35.2,20.8,82.19999999999999,147.67,19.25,16.78333333333333,-65.47,44.335342317329186,14.400000000000002,23.533357876284406
2014,5,PETROLINA,Uva,162448,4.574166666666667,4642,34995,25.596774193548388,33.0,19.2,3.3,148.36,22.396774193548385,15.596774193548388,-145.06,97.77568077648962,13.8,25.401006957507576
2014,6,PETROLINA,Uva,162448,4.574166666666667,4642,34995,24.84333333333333,33.2,19.3,1.7,143.91,25.24333333333333,14.84333333333333,-142.21,98.81870613577931,13.900000000000002,25.48177021391254
2014,7,PETROLINA,Uva,162448,4.574166666666667,4642,34995,23.958064516129035,31.4,18.8,24.6,143.67,25.80322580645161,13.958064516129035,-119.07,82.87742743787847,12.599999999999998,26.039610268399525
2014,8,PETROLINA,Uva,162448,4.574166666666667,4642,34995,23.990322580645163,32.8,17.9,1.1,178.9,25.496774193548383,13.990322580645163,-177.8,99.38513135830073,14.899999999999999,24.13892079462237
2014,9,PETROLINA,Uva,162448,4.574166666666667,4642,34995,26.41333333333333,37.2,18.2,1.2000000000000002,212.67,25.146666666666665,16.41333333333333,-211.47,99.43574552123007,19.000000000000004,20.592659011125725
2014,10,PETROLINA,Uva,162448,4.574166666666667,4642,34995,27.10967741935484,35.8,19.0,0.5,224.07,26.18387096774193,17.10967741935484,-223.57,99.77685544695854,16.799999999999997,21.272373995100658
2014,11,PETROLINA,Uva,162448,4.574166666666667,4642,34995,27.466666666666665,36.3,21.0,57.7,183.51,20.96,17.466666666666665,-125.80999999999999,68.55757179445261,15.299999999999997,21.61945646695014
2014,12,PETROLINA,Uva,162448,4.574166666666667,4642,34995,26.951612903225808,34.6,20.8,53.0,186.29,20.56451612903226,16.951612903225808,-133.29,71.54973428525417,13.8,23.687607866887095
2015,1,PETROLINA,Manga,178200,1.7066666666666668,8100,22000,28.70967741935484,35.9,22.2,5.0,234.37,21.774193548387096,18.70967741935484,-229.37,97.86662115458464,13.7,19.239587410885164
2015,2,PETROLINA,Manga,178200,1.7066666666666668,8100,22000,27.775,36.2,21.8,60.9,174.25,21.042857142857144,17.775,-113.35,65.05021520803443,14.400000000000002,21.49000653346406
2015,3,PETROLINA,Manga,178200,1.7066666666666668,8100,22000,27.887096774193548,35.9,21.2,155.60000000000002,190.54,18.406451612903226,17.887096774193548,-34.93999999999997,18.33735698540987,14.7,21.042101682755828
2015,4,PETROLINA,Manga,178200,1.7066666666666668,8100,22000,27.56,35.1,21.8,21.2,165.01,18.933333333333334,17.56,-143.81,87.15229380037573,13.3,22.70948192107648
2015,5,PETROLINA,Manga,178200,1.7066666666666668,8100,22000,26.12903225806452,34.5,19.6,8.7,151.66,24.56451612903226,16.12903225806452,-142.96,94.26348410919161,14.899999999999999,24.020847283388232
2015,6,PETROLINA,Manga,178200,1.7066666666666668,8100,22000,24.71,32.5,20.1,3.9,130.65,24.53333333333333,14.71,-126.75,97.01492537313433,12.399999999999999,26.751041533881097
2015,7,PETROLINA,Manga,178200,1.7066666666666668,8100,22000,24.458064516129035,32.1,18.4,1.2000000000000002,153.2,25.65806451612903,14.458064516129035,-152.0,99.21671018276761,13.700000000000003,25.519659665073142
2015,8,PETROLINA,Manga,178200,1.7066666666666668,8100,22000,24.651612903225807,33.6,17.3,1.1,190.24,25.370967741935484,14.651612903225807,-189.14000000000001,99.42178301093357,16.3,23.35473708692055
2015,9,PETROLINA,Manga,178200,1.7066666666666668,8100,22000,27.116666666666667,35.8,19.5,0.1,226.85,23.116666666666667,17.116666666666667,-226.75,99.95591800749393,16.299999999999997,21.600715454974836
2015,10,PETROLINA,Manga,178200,1.7066666666666668,8100,22000,28.270967741935483,37.5,20.3,0.6,242.67,23.76774193548387,18.270967741935483,-242.07,99.75275064902954,17.2,18.869554004954384
2015,11,PETROLINA,Manga,178200,1.7066666666666668,8100,22000,30.34333333333333,37.8,20.8,0.9,238.35,20.973333333333336,20.34333333333333,-237.45,99.62240402769037,16.999999999999996,13.81003738796413
2015,12,PETROLINA,Manga,178200,1.7066666666666668,8100,22000,29.75483870967742,37.6,22.8,11.1,246.67,21.83870967741936,19.75483870967742,-235.57,95.50006080998905,14.8,15.66676482982764
2015,1,PETROLINA,Uva,162448,4.777142857142857,4642,34995,28.70967741935484,35.9,22.2,5.0,234.37,21.774193548387096,18.70967741935484,-229.37,97.86662115458464,13.7,19.239587410885164
2015,2,PETROLINA,Uva,162448,4.777142857142857,4642,34995,27.775,36.2,21.8,60.9,174.25,21.042857142857144,17.775,-113.35,65.05021520803443,14.400000000000002,21.49000653346406
2015,3,PETROLINA,Uva,162448,4.777142857142857,4642,34995,27.887096774193548,35.9,21.2,155.60000000000002,190.54,18.406451612903226,17.887096774193548,-34.93999999999997,18.33735698540987,14.7,21.042101682755828
2015,4,PETROLINA,Uva,162448,4.777142857142857,4642,34995,27.56,35.1,21.8,21.2,165.01,18.933333333333334,17.56,-143.81,87.15229380037573,13.3,22.70948192107648
2015,5,PETROLINA,Uva,162448,4.777142857142857,4642,34995,26.12903225806452,34.5,19.6,8.7,151.66,24.56451612903226,16.12903225806452,-142.96,94.26348410919161,14.899999999999999,24.020847283388232
2015,6,PETROLINA,Uva,162448,4.777142857142857,4642,34995,24.71,32.5,20.1,3.9,130.65,24.53333333333333,14.71,-126.75,97.01492537313433,12.399999999999999,26.751041533881097
2015,7,PETROLINA,Uva,162448,4.777142857142857,4642,34995,24.458064516129035,32.1,18.4,1.2000000000000002,153.2,25.65806451612903,14.458064516129035,-152.0,99.21671018276761,13.700000000000003,25.519659665073142
2015,8,PETROLINA,Uva,162448,4.777142857142857,4642,34995,24.651612903225807,33.6,17.3,1.1,190.24,25.370967741935484,14.651612903225807,-189.14000000000001,99.42178301093357,16.3,23.35473708692055
2015,9,PETROLINA,Uva,162448,4.777142857142857,4642,34995,27.116666666666667,35.8,19.5,0.1,226.85,23.116666666666667,17.116666666666667,-226.75,99.95591800749393,16.299999999999997,21.600715454974836
2015,10,PETROLINA,Uva,162448,4.777142857142857,4642,34995,28.270967741935483,37.5,20.3,0.6,242.67,23.76774193548387,18.270967741935483,-242.07,99.75275064902954,17.2,18.869554004954384
2015,11,PETROLINA,Uva,162448,4.777142857142857,4642,34995,30.34333333333333,37.8,20.8,0.9,238.35,20.973333333333336,20.34333333333333,-237.45,99.62240402769037,16.999999999999996,13.81003738796413
2015,12,PETROLINA,Uva,162448,4.777142857142857,4642,34995,29.75483870967742,37.6,22.8,11.1,246.67,21.83870967741936,19.75483870967742,-235.57,95.50006080998905,14.8,15.66676482982764
2016,1,PETROLINA,Manga,180180,1.81,8190,22000,25.951612903225808,36.1,20.6,215.7,118.7,14.606451612903228,15.951612903225808,96.99999999999999,0.0,15.5,23.689444545810133
2016,2,PETROLINA,Manga,180180,1.81,8190,22000,27.658620689655173,36.0,20.7,9.4,194.01,20.46896551724138,17.658620689655173,-184.60999999999999,95.15488892325138,15.3,21.214315530778478
2016,3,PETROLINA,Manga,180180,1.81,8190,22000,29.638709677419357,36.3,22.8,5.7,226.15,21.50967741935484,19.638709677419357,-220.45000000000002,97.47954897192129,13.499999999999996,16.21437850753174
2016,4,PETROLINA,Manga,180180,1.81,8190,22000,28.74333333333333,35.9,21.3,1.5,206.67,22.676666666666662,18.74333333333333,-205.17,99.27420525475395,14.599999999999998,18.791591495721004
2016,5,PETROLINA,Manga,180180,1.81,8190,22000,27.0,35.6,20.8,3.7,176.76,22.68387096774193,17.0,-173.06,97.90676623670514,14.8,22.86030432775782
2016,6,PETROLINA,Manga,180180,1.81,8190,22000,25.496666666666663,35.1,19.0,1.5,155.32,23.59333333333333,15.496666666666663,-153.82,99.03425186711306,16.1,23.471057698105295
2016,7,PETROLINA,Manga,180180,1.81,8190,22000,24.61290322580645,34.2,18.3,0.4,170.42,24.932258064516127,14.612903225806448,-170.01999999999998,99.76528576458162,15.900000000000002,23.68209598734332
2016,8,PETROLINA,Manga,180180,1.81,8190,22000,25.19032258064516,34.9,17.9,1.7,192.2,23.996774193548383,15.190322580645159,-190.5,99.11550468262227,17.0,22.803663443716918
2016,9,PETROLINA,Manga,180180,1.81,8190,22000,26.84,35.9,18.9,0.2,211.19,24.26333333333333,16.84,-210.99,99.90529854633269,17.0,21.52968665927173
2016,10,PETROLINA,Manga,180180,1.81,8190,22000,28.364516129032257,37.0,21.0,8.5,238.78,24.35483870967742,18.364516129032257,-230.28,96.440237875869,16.0,19.21273718123555
2016,11,PETROLINA,Manga,180180,1.81,8190,22000,29.05666666666667,37.8,21.4,7.300000000000001,228.26,22.540000000000003,19.05666666666667,-220.95999999999998,96.80189257863839,16.4,17.321892082238083
2016,12,PETROLINA,Manga,180180,1.81,8190,22000,29.38387096774193,36.9,22.0,9.8,225.39,21.700000000000003,19.38387096774193,-215.58999999999997,95.65198101069258,14.899999999999999,16.79415438018776
2016,1,PETROLINA,Uva,264110,5.792307692307692,4802,55000,25.951612903225808,36.1,20.6,215.7,118.7,14.606451612903228,15.951612903225808,96.99999999999999,0.0,15.5,23.689444545810133
2016,2,PETROLINA,Uva,264110,5.792307692307692,4802,55000,27.658620689655173,36.0,20.7,9.4,194.01,20.46896551724138,17.658620689655173,-184.60999999999999,95.15488892325138,15.3,21.214315530778478
2016,3,PETROLINA,Uva,264110,5.792307692307692,4802,55000,29.638709677419357,36.3,22.8,5.7,226.15,21.50967741935484,19.638709677419357,-220.45000000000002,97.47954897192129,13.499999999999996,16.21437850753174
2016,4,PETROLINA,Uva,264110,5.792307692307692,4802,55000,28.74333333333333,35.9,21.3,1.5,206.67,22.676666666666662,18.74333333333333,-205.17,99.27420525475395,14.599999999999998,18.791591495721004
2016,5,PETROLINA,Uva,264110,5.792307692307692,4802,55000,27.0,35.6,20.8,3.7,176.76,22.68387096774193,17.0,-173.06,97.90676623670514,14.8,22.86030432775782
2016,6,PETROLINA,Uva,264110,5.792307692307692,4802,55000,25.496666666666663,35.1,19.0,1.5,155.32,23.59333333333333,15.496666666666663,-153.82,99.03425186711306,16.1,23.471057698105295
2016,7,PETROLINA,Uva,264110,5.792307692307692,4802,55000,24.61290322580645,34.2,18.3,0.4,170.42,24.932258064516127,14.612903225806448,-170.01999999999998,99.76528576458162,15.900000000000002,23.68209598734332
2016,8,PETROLINA,Uva,264110,5.792307692307692,4802,55000,25.19032258064516,34.9,17.9,1.7,192.2,23.996774193548383,15.190322580645159,-190.5,99.11550468262227,17.0,22.803663443716918
2016,9,PETROLINA,Uva,264110,5.792307692307692,4802,55000,26.84,35.9,18.9,0.2,211.19,24.26333333333333,16.84,-210.99,99.90529854633269,17.0,21.52968665927173
2016,10,PETROLINA,Uva,264110,5.792307692307692,4802,55000,28.364516129032257,37.0,21.0,8.5,238.78,24.35483870967742,18.364516129032257,-230.28,96.440237875869,16.0,19.21273718123555
2016,11,PETROLINA,Uva,264110,5.792307692307692,4802,55000,29.05666666666667,37.8,21.4,7.300000000000001,228.26,22.540000000000003,19.05666666666667,-220.95999999999998,96.80189257863839,16.4,17.321892082238083
2016,12,PETROLINA,Uva,264110,5.792307692307692,4802,55000,29.38387096774193,36.9,22.0,9.8,225.39,21.700000000000003,19.38387096774193,-215.58999999999997,95.65198101069258,14.899999999999999,16.79415438018776
2017,1,PETROLINA,Manga,173360,1.42,7880,22000,29.55806451612903,36.5,22.5,5.6,251.75,24.68387096774193,19.55806451612903,-246.15,97.77557100297915,14.0,16.41244520611266
2017,2,PETROLINA,Manga,173360,1.42,7880,22000,28.75,35.5,22.1,36.4,191.47,22.442857142857143,18.75,-155.07,80.98918890687837,13.399999999999999,19.229227983124197
2017,3,PETROLINA,Manga,173360,1.42,7880,22000,28.69032258064516,36.2,22.5,75.5,204.57,20.76129032258065,18.69032258064516,-129.07,63.09331769076599,13.700000000000003,19.299834368949547
2017,4,PETROLINA,Manga,173360,1.42,7880,22000,27.59,35.0,21.0,46.7,175.06,22.80333333333333,17.59,-128.36,73.32343196618302,14.0,22.181876363917855
2017,5,PETROLINA,Manga,173360,1.42,7880,22000,26.296774193548387,34.9,19.2,51.9,152.11,23.580645161290324,16.296774193548387,-100.21000000000001,65.87995529550983,15.7,23.188792822377998
2017,6,PETROLINA,Manga,173360,1.42,7880,22000,24.3,31.8,19.0,11.5,125.27,25.956666666666667,14.3,-113.77,90.81982916899497,12.8,26.191487075866412
2017,7,PETROLINA,Manga,173360,1.42,7880,22000,22.661290322580644,30.6,17.4,8.9,128.85,29.88387096774193,12.661290322580644,-119.94999999999999,93.09274350019402,13.200000000000003,23.30788590146668
2017,8,PETROLINA,Manga,173360,1.42,7880,22000,24.63225806451613,32.9,18.0,2.2,176.9,26.01935483870968,14.63225806451613,-174.70000000000002,98.75635952515546,14.899999999999999,24.551321488371016
2017,9,PETROLINA,Manga,173360,1.42,7880,22000,23.96333333333333,32.3,19.0,9.5,153.69,29.37,13.963333333333331,-144.19,93.81872600689701,13.299999999999997,25.45934626757717
2017,10,PETROLINA,Manga,173360,1.42,7880,22000,26.993548387096773,35.3,20.1,2.8000000000000003,225.21,26.41290322580645,16.993548387096773,-222.41,98.75671595399848,15.199999999999996,22.581714434313355
2017,11,PETROLINA,Manga,173360,1.42,7880,22000,28.426666666666662,36.3,21.0,22.1,202.86,22.92,18.426666666666662,-180.76000000000002,89.10578724243321,15.299999999999997,19.373661864679153
2017,12,PETROLINA,Manga,173360,1.42,7880,22000,28.48709677419355,36.0,21.4,35.9,202.45,21.677419354838708,18.48709677419355,-166.54999999999998,82.267226475673,14.600000000000001,19.52142159697899
2017,1,PETROLINA,Uva,336400,5.236,5800,58000,29.55806451612903,36.5,22.5,5.6,251.75,24.68387096774193,19.55806451612903,-246.15,97.77557100297915,14.0,16.41244520611266
2017,2,PETROLINA,Uva,336400,5.236,5800,58000,28.75,35.5,22.1,36.4,191.47,22.442857142857143,18.75,-155.07,80.98918890687837,13.399999999999999,19.229227983124197
2017,3,PETROLINA,Uva,336400,5.236,5800,58000,28.69032258064516,36.2,22.5,75.5,204.57,20.76129032258065,18.69032258064516,-129.07,63.09331769076599,13.700000000000003,19.299834368949547
2017,4,PETROLINA,Uva,336400,5.236,5800,58000,27.59,35.0,21.0,46.7,175.06,22.80333333333333,17.59,-128.36,73.32343196618302,14.0,22.181876363917855
2017,5,PETROLINA,Uva,336400,5.236,5800,58000,26.296774193548387,34.9,19.2,51.9,152.11,23.580645161290324,16.296774193548387,-100.21000000000001,65.87995529550983,15.7,23.188792822377998
2017,6,PETROLINA,Uva,336400,5.236,5800,58000,24.3,31.8,19.0,11.5,125.27,25.956666666666667,14.3,-113.77,90.81982916899497,12.8,26.191487075866412
2017,7,PETROLINA,Uva,336400,5.236,5800,58000,22.661290322580644,30.6,17.4,8.9,128.85,29.88387096774193,12.661290322580644,-119.94999999999999,93.09274350019402,13.200000000000003,23.30788590146668
2017,8,PETROLINA,Uva,336400,5.236,5800,58000,24.63225806451613,32.9,18.0,2.2,176.9,26.01935483870968,14.63225806451613,-174.70000000000002,98.75635952515546,14.899999999999999,24.551321488371016
2017,9,PETROLINA,Uva,336400,5.236,5800,58000,23.96333333333333,32.3,19.0,9.5,153.69,29.37,13.963333333333331,-144.19,93.81872600689701,13.299999999999997,25.45934626757717
2017,10,PETROLINA,Uva,336400,5.236,5800,58000,26.993548387096773,35.3,20.1,2.8000000000000003,225.21,26.41290322580645,16.993548387096773,-222.41,98.75671595399848,15.199999999999996,22.581714434313355
2017,11,PETROLINA,Uva,336400,5.236,5800,58000,28.426666666666662,36.3,21.0,22.1,202.86,22.92,18.426666666666662,-180.76000000000002,89.10578724243321,15.299999999999997,19.373661864679153
2017,12,PETROLINA,Uva,336400,5.236,5800,58000,28.48709677419355,36.0,21.4,35.9,202.45,21.677419354838708,18.48709677419355,-166.54999999999998,82.267226475673,14.600000000000001,19.52142159697899
2018,1,PETROLINA,Manga,366750,1.11,8150,45000,27.97741935483871,35.2,21.8,49.6,199.06,21.47741935483871,17.97741935483871,-149.46,75.08288958103084,13.400000000000002,21.551144687892833
2018,2,PETROLINA,Manga,366750,1.11,8150,45000,26.24285714285714,34.1,21.2,90.4,130.6,18.02857142857143,16.24285714285714,-40.19999999999999,30.781010719754963,12.900000000000002,25.546309945051078
2018,3,PETROLINA,Manga,366750,1.11,8150,45000,26.90967741935484,34.0,20.6,91.9,152.6,17.34193548387097,16.90967741935484,-60.69999999999999,39.777195281782426,13.399999999999999,24.068586583209054
2018,4,PETROLINA,Manga,366750,1.11,8150,45000,26.2,33.7,20.7,34.0,149.12,22.383333333333333,16.2,-115.12,77.19957081545064,13.000000000000004,25.518875040377928
2018,5,PETROLINA,Manga,366750,1.11,8150,45000,25.50967741935484,34.3,20.1,4.2,146.14,24.806451612903224,15.50967741935484,-141.94,97.12604351991241,14.199999999999996,25.10142754967181
2018,6,PETROLINA,Manga,366750,1.11,8150,45000,24.53,31.0,18.1,4.9,140.01,25.35666666666667,14.530000000000001,-135.10999999999999,96.50024998214413,12.899999999999999,26.250188575814942
2018,7,PETROLINA,Manga,366750,1.11,8150,45000,24.296774193548387,30.8,17.9,2.8,159.83,25.758064516129032,14.296774193548387,-157.03,98.24813864731277,12.900000000000002,26.103933264351273
2018,8,PETROLINA,Manga,366750,1.11,8150,45000,25.541935483870965,33.6,18.0,1.8,193.34,24.3,15.541935483870965,-191.54,99.0689976207717,15.600000000000001,23.875291478891736
2018,9,PETROLINA,Manga,366750,1.11,8150,45000,26.793333333333333,35.2,18.7,1.3,211.63,25.05333333333333,16.793333333333333,-210.32999999999998,99.38572036100743,16.500000000000004,21.95214987368919
2018,10,PETROLINA,Manga,366750,1.11,8150,45000,28.316129032258065,36.5,20.2,23.4,214.26,22.73225806451613,18.316129032258065,-190.85999999999999,89.07868944273312,16.3,19.189208422901988
2018,11,PETROLINA,Manga,366750,1.11,8150,45000,29.006666666666668,36.4,21.3,6.5,228.06,26.33,19.006666666666668,-221.56,97.14987284048058,15.099999999999998,17.857717893681087
2018,12,PETROLINA,Manga,366750,1.11,8150,45000,26.425806451612903,34.7,20.0,118.4,163.91,18.845161290322583,16.425806451612903,-45.50999999999999,27.765237020316025,14.700000000000003,23.832878084890783
2018,1,PETROLINA,Uva,333750,5.01125,6250,53400,27.97741935483871,35.2,21.8,49.6,199.06,21.47741935483871,17.97741935483871,-149.46,75.08288958103084,13.400000000000002,21.551144687892833
2018,2,PETROLINA,Uva,333750,5.01125,6250,53400,26.24285714285714,34.1,21.2,90.4,130.6,18.02857142857143,16.24285714285714,-40.19999999999999,30.781010719754963,12.900000000000002,25.546309945051078
2018,3,PETROLINA,Uva,333750,5.01125,6250,53400,26.90967741935484,34.0,20.6,91.9,152.6,17.34193548387097,16.90967741935484,-60.69999999999999,39.777195281782426,13.399999999999999,24.068586583209054
2018,4,PETROLINA,Uva,333750,5.01125,6250,53400,26.2,33.7,20.7,34.0,149.12,22.383333333333333,16.2,-115.12,77.19957081545064,13.000000000000004,25.518875040377928
2018,5,PETROLINA,Uva,333750,5.01125,6250,53400,25.50967741935484,34.3,20.1,4.2,146.14,24.806451612903224,15.50967741935484,-141.94,97.12604351991241,14.199999999999996,25.10142754967181
2018,6,PETROLINA,Uva,333750,5.01125,6250,53400,24.53,31.0,18.1,4.9,140.01,25.35666666666667,14.530000000000001,-135.10999999999999,96.50024998214413,12.899999999999999,26.250188575814942
2018,7,PETROLINA,Uva,333750,5.01125,6250,53400,24.296774193548387,30.8,17.9,2.8,159.83,25.758064516129032,14.296774193548387,-157.03,98.24813864731277,12.900000000000002,26.103933264351273
2018,8,PETROLINA,Uva,333750,5.01125,6250,53400,25.541935483870965,33.6,18.0,1.8,193.34,24.3,15.541935483870965,-191.54,99.0689976207717,15.600000000000001,23.875291478891736
2018,9,PETROLINA,Uva,333750,5.01125,6250,53400,26.793333333333333,35.2,18.7,1.3,211.63,25.05333333333333,16.793333333333333,-210.32999999999998,99.38572036100743,16.500000000000004,21.95214987368919
2018,10,PETROLINA,Uva,333750,5.01125,6250,53400,28.316129032258065,36.5,20.2,23.4,214.26,22.73225806451613,18.316129032258065,-190.85999999999999,89.07868944273312,16.3,19.189208422901988
2018,11,PETROLINA,Uva,333750,5.01125,6250,53400,29.006666666666668,36.4,21.3,6.5,228.06,26.33,19.006666666666668,-221.56,97.14987284048058,15.099999999999998,17.857717893681087
2018,12,PETROLINA,Uva,333750,5.01125,6250,53400,26.425806451612903,34.7,20.0,118.4,163.91,18.845161290322583,16.425806451612903,-45.50999999999999,27.765237020316025,14.700000000000003,23.832878084890783
2019,1,PETROLINA,Manga,369000,1.79,8200,45000,29.23548387096774,36.0,22.5,4.9,239.72,23.70967741935484,19.23548387096774,-234.82,97.95594860670782,13.5,17.59492140556428
2019,2,PETROLINA,Manga,369000,1.79,8200,45000,27.810714285714287,36.0,21.6,125.7,158.29,16.55,17.810714285714287,-32.58999999999999,20.588792722218706,14.399999999999999,21.40302142053719
2019,3,PETROLINA,Manga,369000,1.79,8200,45000,27.725806451612904,36.0,21.7,56.6,172.73,18.26774193548387,17.725806451612904,-116.13,67.23209633532102,14.3,21.669348269083226
2019,4,PETROLINA,Manga,369000,1.79,8200,45000,27.5,34.5,21.5,69.8,158.01,18.176666666666662,17.5,-88.21,55.82558065945194,13.0,23.058411245213428
2019,5,PETROLINA,Manga,369000,1.79,8200,45000,27.606451612903225,34.6,20.4,19.2,174.93,21.429032258064517,17.606451612903225,-155.73000000000002,89.02418110101183,14.200000000000003,22.015505934736478
2019,6,PETROLINA,Manga,369000,1.79,8200,45000,25.146666666666665,32.9,19.3,10.0,144.96,27.03,15.146666666666665,-134.96,93.10154525386314,13.599999999999998,25.74681866650846
2019,7,PETROLINA,Manga,369000,1.79,8200,45000,24.506451612903227,33.6,18.1,7.8,149.39,26.574193548387097,14.506451612903227,-141.58999999999997,94.77876698574201,15.5,23.983065368610276
2019,8,PETROLINA,Manga,369000,1.79,8200,45000,24.74516129032258,32.8,16.8,4.4,177.49,27.36774193548387,14.745161290322581,-173.09,97.52098709786466,15.999999999999996,23.633226148706896
2019,9,PETROLINA,Manga,369000,1.79,8200,45000,26.78666666666667,36.8,18.8,3.2,204.36,26.23333333333333,16.78666666666667,-201.16000000000003,98.43413583871599,17.999999999999996,20.899530133778985
2019,10,PETROLINA,Manga,369000,1.79,8200,45000,27.88387096774193,35.9,20.2,79.3,222.36,25.061290322580643,17.88387096774193,-143.06,64.33711099118547,15.7,20.48451156198302
2019,11,PETROLINA,Manga,369000,1.79,8200,45000,29.44333333333333,37.6,22.1,12.5,226.33,23.456666666666667,19.44333333333333,-213.83,94.47709097335749,15.5,16.491265420512704
2019,12,PETROLINA,Manga,369000,1.79,8200,45000,29.858064516129037,37.6,22.6,66.3,241.08,24.68387096774193,19.858064516129037,-174.78000000000003,72.4987555998009,15.0,15.324360783572198
2019,1,PETROLINA,Uva,346500,5.383,6300,55000,29.23548387096774,36.0,22.5,4.9,239.72,23.70967741935484,19.23548387096774,-234.82,97.95594860670782,13.5,17.59492140556428
2019,2,PETROLINA,Uva,346500,5.383,6300,55000,27.810714285714287,36.0,21.6,125.7,158.29,16.55,17.810714285714287,-32.58999999999999,20.588792722218706,14.399999999999999,21.40302142053719
2019,3,PETROLINA,Uva,346500,5.383,6300,55000,27.725806451612904,36.0,21.7,56.6,172.73,18.26774193548387,17.725806451612904,-116.13,67.23209633532102,14.3,21.669348269083226
2019,4,PETROLINA,Uva,346500,5.383,6300,55000,27.5,34.5,21.5,69.8,158.01,18.176666666666662,17.5,-88.21,55.82558065945194,13.0,23.058411245213428
2019,5,PETROLINA,Uva,346500,5.383,6300,55000,27.606451612903225,34.6,20.4,19.2,174.93,21.429032258064517,17.606451612903225,-155.73000000000002,89.02418110101183,14.200000000000003,22.015505934736478
2019,6,PETROLINA,Uva,346500,5.383,6300,55000,25.146666666666665,32.9,19.3,10.0,144.96,27.03,15.146666666666665,-134.96,93.10154525386314,13.599999999999998,25.74681866650846
2019,7,PETROLINA,Uva,346500,5.383,6300,55000,24.506451612903227,33.6,18.1,7.8,149.39,26.574193548387097,14.506451612903227,-141.58999999999997,94.77876698574201,15.5,23.983065368610276
2019,8,PETROLINA,Uva,346500,5.383,6300,55000,24.74516129032258,32.8,16.8,4.4,177.49,27.36774193548387,14.745161290322581,-173.09,97.52098709786466,15.999999999999996,23.633226148706896
2019,9,PETROLINA,Uva,346500,5.383,6300,55000,26.78666666666667,36.8,18.8,3.2,204.36,26.23333333333333,16.78666666666667,-201.16000000000003,98.43413583871599,17.999999999999996,20.899530133778985
2019,10,PETROLINA,Uva,346500,5.383,6300,55000,27.88387096774193,35.9,20.2,79.3,222.36,25.061290322580643,17.88387096774193,-143.06,64.33711099118547,15.7,20.48451156198302
2019,11,PETROLINA,Uva,346500,5.383,6300,55000,29.44333333333333,37.6,22.1,12.5,226.33,23.456666666666667,19.44333333333333,-213.83,94.47709097335749,15.5,16.491265420512704
2019,12,PETROLINA,Uva,346500,5.383,6300,55000,29.858064516129037,37.6,22.6,66.3,241.08,24.68387096774193,19.858064516129037,-174.78000000000003,72.4987555998009,15.0,15.324360783572198
2020,1,PETROLINA,Manga,360000,1.49,9000,40000,27.651612903225807,36.3,21.4,117.0,161.75,17.567741935483873,17.651612903225807,-44.75,27.666151468315302,14.899999999999999,21.474438795272132
2020,2,PETROLINA,Manga,360000,1.49,9000,40000,27.186206896551724,35.0,21.1,211.7,136.97,17.844827586206897,17.186206896551724,74.72999999999999,0.0,13.899999999999999,23.148885012905275
2020,3,PETROLINA,Manga,360000,1.49,9000,40000,26.241935483870968,32.5,22.0,248.8,120.14,18.041935483870965,16.241935483870968,128.66000000000003,0.0,10.5,27.455125191139096
2020,4,PETROLINA,Manga,360000,1.49,9000,40000,26.063333333333333,34.5,20.6,111.1,120.01,19.44,16.063333333333333,-8.91000000000001,7.424381301558213,13.899999999999999,24.925684580333968
2020,5,PETROLINA,Manga,360000,1.49,9000,40000,25.567741935483877,33.0,19.0,40.0,126.53,22.532258064516128,15.567741935483877,-86.53,68.38694380779262,14.0,25.244358743270656
2020,6,PETROLINA,Manga,360000,1.49,9000,40000,23.98333333333333,31.1,18.5,20.4,111.08,25.37333333333333,13.98333333333333,-90.68,81.63485776017285,12.600000000000001,26.067615110229013
2020,7,PETROLINA,Manga,360000,1.49,9000,40000,23.73548387096774,31.3,17.5,6.0,142.92,26.53548387096774,13.735483870967741,-136.92,95.80184718723761,13.8,24.77519016130913
2020,8,PETROLINA,Manga,360000,1.49,9000,40000,24.335483870967742,33.0,17.6,4.4,169.79,26.66774193548387,14.335483870967742,-165.39,97.40856351964192,15.399999999999999,23.980011898668973
2020,9,PETROLINA,Manga,360000,1.49,9000,40000,26.19333333333333,35.9,18.3,1.7,204.82,25.60333333333333,16.19333333333333,-203.12,99.17000292940142,17.599999999999998,21.806814554719203
2020,10,PETROLINA,Manga,360000,1.49,9000,40000,29.225806451612904,37.2,20.2,3.9,240.88,22.12903225806452,19.225806451612904,-236.98,98.38093656592494,17.000000000000004,16.718960699718732
2020,11,PETROLINA,Manga,360000,1.49,9000,40000,26.626666666666665,34.8,19.6,64.8,165.27,20.986666666666668,16.626666666666665,-100.47000000000001,60.79143220185153,15.199999999999996,23.161870069065195
2020,12,PETROLINA,Manga,360000,1.49,9000,40000,28.73548387096774,35.8,21.0,5.7,227.36,22.12903225806452,18.73548387096774,-221.66000000000003,97.4929627023223,14.799999999999997,18.73861085989776
2020,1,PETROLINA,Uva,274730,6.108,6290,43677,27.651612903225807,36.3,21.4,117.0,161.75,17.567741935483873,17.651612903225807,-44.75,27.666151468315302,14.899999999999999,21.474438795272132
2020,2,PETROLINA,Uva,274730,6.108,6290,43677,27.186206896551724,35.0,21.1,211.7,136.97,17.844827586206897,17.186206896551724,74.72999999999999,0.0,13.899999999999999,23.148885012905275
2020,3,PETROLINA,Uva,274730,6.108,6290,43677,26.241935483870968,32.5,22.0,248.8,120.14,18.041935483870965,16.241935483870968,128.66000000000003,0.0,10.5,27.455125191139096
2020,4,PETROLINA,Uva,274730,6.108,6290,43677,26.063333333333333,34.5,20.6,111.1,120.01,19.44,16.063333333333333,-8.91000000000001,7.424381301558213,13.899999999999999,24.925684580333968
2020,5,PETROLINA,Uva,274730,6.108,6290,43677,25.567741935483877,33.0,19.0,40.0,126.53,22.532258064516128,15.567741935483877,-86.53,68.38694380779262,14.0,25.244358743270656
2020,6,PETROLINA,Uva,274730,6.108,6290,43677,23.98333333333333,31.1,18.5,20.4,111.08,25.37333333333333,13.98333333333333,-90.68,81.63485776017285,12.600000000000001,26.067615110229013
2020,7,PETROLINA,Uva,274730,6.108,6290,43677,23.73548387096774,31.3,17.5,6.0,142.92,26.53548387096774,13.735483870967741,-136.92,95.80184718723761,13.8,24.77519016130913
2020,8,PETROLINA,Uva,274730,6.108,6290,43677,24.335483870967742,33.0,17.6,4.4,169.79,26.66774193548387,14.335483870967742,-165.39,97.40856351964192,15.399999999999999,23.980011898668973
2020,9,PETROLINA,Uva,274730,6.108,6290,43677,26.19333333333333,35.9,18.3,1.7,204.82,25.60333333333333,16.19333333333333,-203.12,99.17000292940142,17.599999999999998,21.806814554719203
2020,10,PETROLINA,Uva,274730,6.108,6290,43677,29.225806451612904,37.2,20.2,3.9,240.88,22.12903225806452,19.225806451612904,-236.98,98.38093656592494,17.000000000000004,16.718960699718732
2020,11,PETROLINA,Uva,274730,6.108,6290,43677,26.626666666666665,34.8,19.6,64.8,165.27,20.986666666666668,16.626666666666665,-100.47000000000001,60.79143220185153,15.199999999999996,23.161870069065195
2020,12,PETROLINA,Uva,274730,6.108,6290,43677,28.73548387096774,35.8,21.0,5.7,227.36,22.12903225806452,18.73548387096774,-221.66000000000003,97.4929627023223,14.799999999999997,18.73861085989776
2021,1,PETROLINA,Manga,285000,1.475,9500,30000,28.561290322580643,36.1,21.7,10.0,210.51,21.496774193548383,18.561290322580643,-200.51,95.24963184646809,14.400000000000002,19.397686108588168
2021,2,PETROLINA,Manga,285000,1.475,9500,30000,27.807142857142857,36.5,21.5,42.7,158.5,18.307142857142857,17.807142857142857,-115.8,73.05993690851736,15.0,21.05911511128701
2021,3,PETROLINA,Manga,285000,1.475,9500,30000,28.57741935483871,35.5,21.4,19.5,203.31,20.848387096774196,18.57741935483871,-183.81,90.40873542865575,14.100000000000001,19.477632468602255
2021,4,PETROLINA,Manga,285000,1.475,9500,30000,26.98333333333333,35.6,21.4,39.5,162.09,20.23333333333333,16.98333333333333,-122.59,75.63082238262695,14.200000000000003,23.33065312184977
2021,5,PETROLINA,Manga,285000,1.475,9500,30000,25.58709677419355,33.0,19.2,4.2,158.9,23.20967741935484,15.58709677419355,-154.70000000000002,97.3568281938326,13.8,25.406822442173393
2021,6,PETROLINA,Manga,285000,1.475,9500,30000,25.10333333333333,33.1,17.6,8.3,155.03,23.94333333333333,15.103333333333332,-146.73,94.64619751015933,15.5,24.08706323922598
2021,7,PETROLINA,Manga,285000,1.475,9500,30000,24.30967741935484,33.5,18.9,7.3,149.83,25.932258064516127,14.309677419354841,-142.53,95.12781151972234,14.600000000000001,24.649398728804876
2021,8,PETROLINA,Manga,285000,1.475,9500,30000,24.451612903225808,33.1,17.0,0.7000000000000001,187.29,27.47741935483871,14.451612903225808,-186.59,99.6262480644989,16.1,23.448221151901226
2021,9,PETROLINA,Manga,285000,1.475,9500,30000,27.55,36.7,19.6,0.4,223.52,24.16,17.55,-223.12,99.82104509663566,17.1,20.3406075361216
2021,10,PETROLINA,Manga,285000,1.475,9500,30000,28.641935483870967,37.3,20.2,31.7,230.5,22.4741935483871,18.641935483870967,-198.8,86.2472885032538,17.099999999999998,18.090626061280446
2021,11,PETROLINA,Manga,285000,1.475,9500,30000,27.226666666666667,35.2,21.5,83.2,170.78,20.40333333333333,17.226666666666667,-87.58,51.28235156341492,13.700000000000003,23.20568299724226
2021,12,PETROLINA,Manga,285000,1.475,9500,30000,26.270967741935483,33.7,21.0,157.7,145.66,18.483870967741936,16.270967741935483,12.039999999999992,0.0,12.700000000000003,25.67322942486336
2021,1,PETROLINA,Uva,312500,5.975,6250,50000,28.561290322580643,36.1,21.7,10.0,210.51,21.496774193548383,18.561290322580643,-200.51,95.24963184646809,14.400000000000002,19.397686108588168
2021,2,PETROLINA,Uva,312500,5.975,6250,50000,27.807142857142857,36.5,21.5,42.7,158.5,18.307142857142857,17.807142857142857,-115.8,73.05993690851736,15.0,21.05911511128701
2021,3,PETROLINA,Uva,312500,5.975,6250,50000,28.57741935483871,35.5,21.4,19.5,203.31,20.848387096774196,18.57741935483871,-183.81,90.40873542865575,14.100000000000001,19.477632468602255
2021,4,PETROLINA,Uva,312500,5.975,6250,50000,26.98333333333333,35.6,21.4,39.5,162.09,20.23333333333333,16.98333333333333,-122.59,75.63082238262695,14.200000000000003,23.33065312184977
2021,5,PETROLINA,Uva,312500,5.975,6250,50000,25.58709677419355,33.0,19.2,4.2,158.9,23.20967741935484,15.58709677419355,-154.70000000000002,97.3568281938326,13.8,25.406822442173393
2021,6,PETROLINA,Uva,312500,5.975,6250,50000,25.10333333333333,33.1,17.6,8.3,155.03,23.94333333333333,15.103333333333332,-146.73,94.64619751015933,15.5,24.08706323922598
2021,7,PETROLINA,Uva,312500,5.975,6250,50000,24.30967741935484,33.5,18.9,7.3,149.83,25.932258064516127,14.309677419354841,-142.53,95.12781151972234,14.600000000000001,24.649398728804876
2021,8,PETROLINA,Uva,312500,5.975,6250,50000,24.451612903225808,33.1,17.0,0.7000000000000001,187.29,27.47741935483871,14.451612903225808,-186.59,99.6262480644989,16.1,23.448221151901226
2021,9,PETROLINA,Uva,312500,5.975,6250,50000,27.55,36.7,19.6,0.4,223.52,24.16,17.55,-223.12,99.82104509663566,17.1,20.3406075361216
2021,10,PETROLINA,Uva,312500,5.975,6250,50000,28.641935483870967,37.3,20.2,31.7,230.5,22.4741935483871,18.641935483870967,-198.8,86.2472885032538,17.099999999999998,18.090626061280446
2021,11,PETROLINA,Uva,312500,5.975,6250,50000,27.226666666666667,35.2,21.5,83.2,170.78,20.40333333333333,17.226666666666667,-87.58,51.28235156341492,13.700000000000003,23.20568299724226
2021,12,PETROLINA,Uva,312500,5.975,6250,50000,26.270967741935483,33.7,21.0,157.7,145.66,18.483870967741936,16.270967741935483,12.039999999999992,0.0,12.700000000000003,25.67322942486336
2022,1,PETROLINA,Manga,308000,1.585,8800,35000,25.81290322580645,33.2,20.5,100.2,160.68,18.429032258064517,15.812903225806451,-60.480000000000004,37.64002987303958,12.700000000000003,26.184436813306245
2022,2,PETROLINA,Manga,308000,1.585,8800,35000,27.00714285714286,34.2,21.2,81.4,162.16,17.285714285714285,17.00714285714286,-80.75999999999999,49.80266403552047,13.000000000000004,24.177093396734517
2022,3,PETROLINA,Manga,308000,1.585,8800,35000,26.25483870967742,33.8,20.7,106.7,162.44,19.96451612903226,16.25483870967742,-55.739999999999995,34.31420832307314,13.099999999999998,25.365671203039806
2022,4,PETROLINA,Manga,308000,1.585,8800,35000,26.686666666666667,35.4,20.0,42.7,162.23,21.016666666666666,16.686666666666667,-119.52999999999999,73.67934414103433,15.399999999999999,22.921827938643712
2022,5,PETROLINA,Manga,308000,1.585,8800,35000,25.38064516129032,33.9,18.9,58.5,145.43,23.34193548387097,15.380645161290321,-86.93,59.77446194045246,15.0,24.459803671062968
2022,6,PETROLINA,Manga,308000,1.585,8800,35000,23.92,31.5,17.0,16.700000000000003,135.8,24.206666666666667,13.920000000000002,-119.10000000000001,87.70250368188512,14.5,24.40464432683569
2022,7,PETROLINA,Manga,308000,1.585,8800,35000,23.780645161290323,33.2,17.2,5.1,147.93,26.516129032258064,13.780645161290323,-142.83,96.55242344352058,16.000000000000004,23.031584610474148
2022,8,PETROLINA,Manga,308000,1.585,8800,35000,24.177419354838708,33.8,17.4,5.7,174.03,26.774193548387096,14.177419354838708,-168.33,96.7247026374763,16.4,23.042623797597063
2022,9,PETROLINA,Manga,308000,1.585,8800,35000,26.34,35.2,17.6,1.3,214.23,24.386666666666667,16.34,-212.92999999999998,99.39317555897867,17.6,21.673170795036405
2022,10,PETROLINA,Manga,308000,1.585,8800,35000,28.283870967741933,37.5,20.0,9.4,242.96,25.306451612903224,18.283870967741933,-233.56,96.13105037866315,17.5,18.702528445173044
2022,11,PETROLINA,Manga,308000,1.585,8800,35000,25.78,34.8,20.0,115.6,145.95,19.25333333333333,15.780000000000001,-30.349999999999994,20.794792737238776,14.799999999999997,24.41533552858121
2022,12,PETROLINA,Manga,308000,1.585,8800,35000,25.583870967741937,32.1,20.7,93.1,154.34,17.700000000000003,15.583870967741937,-61.24000000000001,39.6786315925878,11.400000000000002,27.429897209787427
2022,1,PETROLINA,Uva,236500,7.626666666666667,5500,43000,25.81290322580645,33.2,20.5,100.2,160.68,18.429032258064517,15.812903225806451,-60.480000000000004,37.64002987303958,12.700000000000003,26.184436813306245
2022,2,PETROLINA,Uva,236500,7.626666666666667,5500,43000,27.00714285714286,34.2,21.2,81.4,162.16,17.285714285714285,17.00714285714286,-80.75999999999999,49.80266403552047,13.000000000000004,24.177093396734517
2022,3,PETROLINA,Uva,236500,7.626666666666667,5500,43000,26.25483870967742,33.8,20.7,106.7,162.44,19.96451612903226,16.25483870967742,-55.739999999999995,34.31420832307314,13.099999999999998,25.365671203039806
2022,4,PETROLINA,Uva,236500,7.626666666666667,5500,43000,26.686666666666667,35.4,20.0,42.7,162.23,21.016666666666666,16.686666666666667,-119.52999999999999,73.67934414103433,15.399999999999999,22.921827938643712
2022,5,PETROLINA,Uva,236500,7.626666666666667,5500,43000,25.38064516129032,33.9,18.9,58.5,145.43,23.34193548387097,15.380645161290321,-86.93,59.77446194045246,15.0,24.459803671062968
2022,6,PETROLINA,Uva,236500,7.626666666666667,5500,43000,23.92,31.5,17.0,16.700000000000003,135.8,24.206666666666667,13.920000000000002,-119.10000000000001,87.70250368188512,14.5,24.40464432683569
2022,7,PETROLINA,Uva,236500,7.626666666666667,5500,43000,23.780645161290323,33.2,17.2,5.1,147.93,26.516129032258064,13.780645161290323,-142.83,96.55242344352058,16.000000000000004,23.031584610474148
2022,8,PETROLINA,Uva,236500,7.626666666666667,5500,43000,24.177419354838708,33.8,17.4,5.7,174.03,26.774193548387096,14.177419354838708,-168.33,96.7247026374763,16.4,23.042623797597063
2022,9,PETROLINA,Uva,236500,7.626666666666667,5500,43000,26.34,35.2,17.6,1.3,214.23,24.386666666666667,16.34,-212.92999999999998,99.39317555897867,17.6,21.673170795036405
2022,10,PETROLINA,Uva,236500,7.626666666666667,5500,43000,28.283870967741933,37.5,20.0,9.4,242.96,25.306451612903224,18.283870967741933,-233.56,96.13105037866315,17.5,18.702528445173044
2022,11,PETROLINA,Uva,236500,7.626666666666667,5500,43000,25.78,34.8,20.0,115.6,145.95,19.25333333333333,15.780000000000001,-30.349999999999994,20.794792737238776,14.799999999999997,24.41533552858121
2022,12,PETROLINA,Uva,236500,7.626666666666667,5500,43000,25.583870967741937,32.1,20.7,93.1,154.34,17.700000000000003,15.583870967741937,-61.24000000000001,39.6786315925878,11.400000000000002,27.429897209787427
2023,1,PETROLINA,Manga,376000,2.225,9400,40000,26.60322580645161,34.0,21.0,36.9,177.1,18.38064516129032,16.60322580645161,-140.2,79.16431394692265,13.0,24.928106874560893
2023,2,PETROLINA,Manga,376000,2.225,9400,40000,28.13214285714286,35.2,21.3,40.1,184.85,21.417857142857144,18.13214285714286,-144.75,78.30673519069515,13.900000000000002,20.84718594833025
2023,3,PETROLINA,Manga,376000,2.225,9400,40000,26.983870967741936,36.1,20.0,88.7,175.86,19.96451612903226,16.983870967741936,-87.16000000000001,49.56215171158876,16.1,21.954510493825286
2023,4,PETROLINA,Manga,376000,2.225,9400,40000,26.76,34.3,20.5,42.0,158.28,18.65666666666667,16.76,-116.28,73.4647460197119,13.799999999999997,24.034089503761667
2023,5,PETROLINA,Manga,376000,2.225,9400,40000,25.20967741935484,31.5,20.0,22.4,126.22,21.44516129032258,15.20967741935484,-103.82,82.25320868325147,11.5,27.515243770749816
2023,6,PETROLINA,Manga,376000,2.225,9400,40000,24.366666666666667,31.1,19.0,9.6,130.95,25.596666666666668,14.366666666666667,-121.35,92.66895761741122,12.100000000000001,26.82841644146439
2023,7,PETROLINA,Manga,376000,2.225,9400,40000,25.02258064516129,33.7,17.5,1.5,173.2,25.067741935483877,15.022580645161291,-171.7,99.13394919168591,16.200000000000003,23.490044800784734
2023,8,PETROLINA,Manga,376000,2.225,9400,40000,26.22903225806452,36.0,17.8,3.1,187.09,22.538709677419355,16.22903225806452,-183.99,98.34304345502164,18.2,21.326697001021675
2023,9,PETROLINA,Manga,376000,2.225,9400,40000,27.696666666666665,37.4,19.2,0.6000000000000001,222.04,25.24,17.696666666666665,-221.44,99.729778418303,18.2,19.448636290374807
2023,10,PETROLINA,Manga,376000,2.225,9400,40000,29.59032258064516,38.8,20.8,0.1,260.66,24.003225806451614,19.59032258064516,-260.56,99.96163584746412,17.999999999999996,15.591969763888873
2023,11,PETROLINA,Manga,376000,2.225,9400,40000,29.923333333333336,37.8,22.0,24.3,226.74,21.05666666666667,19.923333333333336,-202.44,89.28287906853664,15.799999999999997,15.052327822383614
2023,12,PETROLINA,Manga,376000,2.225,9400,40000,29.66774193548387,39.0,21.2,32.7,227.44,23.148387096774197,19.66774193548387,-194.74,85.62258177981006,17.8,15.44553813567382
2023,1,PETROLINA,Uva,439246,8.6,8500,51676,26.60322580645161,34.0,21.0,36.9,177.1,18.38064516129032,16.60322580645161,-140.2,79.16431394692265,13.0,24.928106874560893
2023,2,PETROLINA,Uva,439246,8.6,8500,51676,28.13214285714286,35.2,21.3,40.1,184.85,21.417857142857144,18.13214285714286,-144.75,78.30673519069515,13.900000000000002,20.84718594833025
2023,3,PETROLINA,Uva,439246,8.6,8500,51676,26.983870967741936,36.1,20.0,88.7,175.86,19.96451612903226,16.983870967741936,-87.16000000000001,49.56215171158876,16.1,21.954510493825286
2023,4,PETROLINA,Uva,439246,8.6,8500,51676,26.76,34.3,20.5,42.0,158.28,18.65666666666667,16.76,-116.28,73.4647460197119,13.799999999999997,24.034089503761667
2023,5,PETROLINA,Uva,439246,8.6,8500,51676,25.20967741935484,31.5,20.0,22.4,126.22,21.44516129032258,15.20967741935484,-103.82,82.25320868325147,11.5,27.515243770749816
2023,6,PETROLINA,Uva,439246,8.6,8500,51676,24.366666666666667,31.1,19.0,9.6,130.95,25.596666666666668,14.366666666666667,-121.35,92.66895761741122,12.100000000000001,26.82841644146439
2023,7,PETROLINA,Uva,439246,8.6,8500,51676,25.02258064516129,33.7,17.5,1.5,173.2,25.067741935483877,15.022580645161291,-171.7,99.13394919168591,16.200000000000003,23.490044800784734
2023,8,PETROLINA,Uva,439246,8.6,8500,51676,26.22903225806452,36.0,17.8,3.1,187.09,22.538709677419355,16.22903225806452,-183.99,98.34304345502164,18.2,21.326697001021675
2023,9,PETROLINA,Uva,439246,8.6,8500,51676,27.696666666666665,37.4,19.2,0.6000000000000001,222.04,25.24,17.696666666666665,-221.44,99.729778418303,18.2,19.448636290374807
2023,10,PETROLINA,Uva,439246,8.6,8500,51676,29.59032258064516,38.8,20.8,0.1,260.66,24.003225806451614,19.59032258064516,-260.56,99.96163584746412,17.999999999999996,15.591969763888873
2023,11,PETROLINA,Uva,439246,8.6,8500,51676,29.923333333333336,37.8,22.0,24.3,226.74,21.05666666666667,19.923333333333336,-202.44,89.28287906853664,15.799999999999997,15.052327822383614
2023,12,PETROLINA,Uva,439246,8.6,8500,51676,29.66774193548387,39.0,21.2,32.7,227.44,23.148387096774197,19.66774193548387,-194.74,85.62258177981006,17.8,15.44553813567382
2024,1,PETROLINA,Manga,282000,2.9,9400,30000,27.9741935483871,36.5,22.2,136.0,163.59,15.570967741935483,17.9741935483871,-27.590000000000003,16.865334066874503,14.3,21.050142682702848
2024,2,PETROLINA,Manga,282000,2.9,9400,30000,26.679310344827588,34.0,21.0,82.4,147.13,18.47241379310345,16.679310344827588,-64.72999999999999,43.99510636851763,13.0,24.798580795354802
2024,3,PETROLINA,Manga,282000,2.9,9400,30000,27.858064516129037,35.3,21.5,49.9,171.75,17.703225806451613,17.858064516129037,-121.85,70.94614264919942,13.799999999999997,21.63836671960425
2024,4,PETROLINA,Manga,282000,2.9,9400,30000,26.636666666666667,33.2,21.8,96.2,141.04,19.686666666666667,16.636666666666667,-44.83999999999999,31.792399319342024,11.400000000000002,26.132534222557055
2024,5,PETROLINA,Manga,282000,2.9,9400,30000,26.19032258064516,34.7,20.0,19.0,151.34,23.648387096774197,16.19032258064516,-132.34,87.44548698295229,14.700000000000003,24.12004781855671
2024,6,PETROLINA,Manga,282000,2.9,9400,30000,25.10666666666667,32.3,19.3,16.4,146.45,24.776666666666664,15.10666666666667,-130.04999999999998,88.80163878456811,12.999999999999996,26.275852511631083
2024,7,PETROLINA,Manga,282000,2.9,9400,30000,24.52258064516129,32.0,16.9,10.9,168.07,25.787096774193547,14.522580645161291,-157.17,93.51460700898436,15.100000000000001,24.334632040015858
2024,8,PETROLINA,Manga,282000,2.9,9400,30000,25.693548387096776,36.0,17.9,1.2,201.82,25.82258064516129,15.693548387096776,-200.62,99.4054107620652,18.1,21.756718335927346
2024,9,PETROLINA,Manga,282000,2.9,9400,30000,27.063333333333333,35.7,17.8,0.6000000000000001,233.36,25.506666666666668,17.063333333333333,-232.76000000000002,99.74288652725403,17.900000000000002,20.60782714007087
2024,10,PETROLINA,Manga,282000,2.9,9400,30000,28.92258064516129,38.2,19.6,26.8,236.36,21.82258064516129,18.92258064516129,-209.56,88.66136402098493,18.6,16.923391354966295
2024,11,PETROLINA,Manga,282000,2.9,9400,30000,28.72,37.0,21.6,45.7,205.23,19.64,18.72,-159.52999999999997,77.73230034595332,15.399999999999999,18.55420625048469
2024,12,PETROLINA,Manga,282000,2.9,9400,30000,29.80967741935484,37.2,22.6,3.2,227.92,18.641935483870967,19.80967741935484,-224.72,98.5959985959986,14.600000000000001,15.51582394082381
2024,1,PETROLINA,Uva,610739,10.877142857142855,11700,52200,27.9741935483871,36.5,22.2,136.0,163.59,15.570967741935483,17.9741935483871,-27.590000000000003,16.865334066874503,14.3,21.050142682702848
2024,2,PETROLINA,Uva,610739,10.877142857142855,11700,52200,26.679310344827588,34.0,21.0,82.4,147.13,18.47241379310345,16.679310344827588,-64.72999999999999,43.99510636851763,13.0,24.798580795354802
2024,3,PETROLINA,Uva,610739,10.877142857142855,11700,52200,27.858064516129037,35.3,21.5,49.9,171.75,17.703225806451613,17.858064516129037,-121.85,70.94614264919942,13.799999999999997,21.63836671960425
2024,4,PETROLINA,Uva,610739,10.877142857142855,11700,52200,26.636666666666667,33.2,21.8,96.2,141.04,19.686666666666667,16.636666666666667,-44.83999999999999,31.792399319342024,11.400000000000002,26.132534222557055
2024,5,PETROLINA,Uva,610739,10.877142857142855,11700,52200,26.19032258064516,34.7,20.0,19.0,151.34,23.648387096774197,16.19032258064516,-132.34,87.44548698295229,14.700000000000003,24.12004781855671
2024,6,PETROLINA,Uva,610739,10.877142857142855,11700,52200,25.10666666666667,32.3,19.3,16.4,146.45,24.776666666666664,15.10666666666667,-130.04999999999998,88.80163878456811,12.999999999999996,26.275852511631083
2024,7,PETROLINA,Uva,610739,10.877142857142855,11700,52200,24.52258064516129,32.0,16.9,10.9,168.07,25.787096774193547,14.522580645161291,-157.17,93.51460700898436,15.100000000000001,24.334632040015858
2024,8,PETROLINA,Uva,610739,10.877142857142855,11700,52200,25.693548387096776,36.0,17.9,1.2,201.82,25.82258064516129,15.693548387096776,-200.62,99.4054107620652,18.1,21.756718335927346
2024,9,PETROLINA,Uva,610739,10.877142857142855,11700,52200,27.063333333333333,35.7,17.8,0.6000000000000001,233.36,25.506666666666668,17.063333333333333,-232.76000000000002,99.74288652725403,17.900000000000002,20.60782714007087
2024,10,PETROLINA,Uva,610739,10.877142857142855,11700,52200,28.92258064516129,38.2,19.6,26.8,236.36,21.82258064516129,18.92258064516129,-209.56,88.66136402098493,18.6,16.923391354966295
2024,11,PETROLINA,Uva,610739,10.877142857142855,11700,52200,28.72,37.0,21.6,45.7,205.23,19.64,18.72,-159.52999999999997,77.73230034595332,15.399999999999999,18.55420625048469
2024,12,PETROLINA,Uva,610739,10.877142857142855,11700,52200,29.80967741935484,37.2,22.6,3.2,227.92,18.641935483870967,19.80967741935484,-224.72,98.5959985959986,14.600000000000001,15.51582394082381
