data,temp_media,temp_max,temp_min,precipitacao,evapotranspiracao,vento_max,municipio
2013-01-01,28.6,34.6,23.0,0.0,7.34,22.7,Petrolina
2013-01-02,29.0,34.2,24.1,0.0,7.08,20.5,Petrolina
2013-01-03,28.6,33.3,24.2,0.0,6.34,19.1,Petrolina
2013-01-04,28.5,33.7,23.7,3.7,7.19,21.6,Petrolina
2013-01-05,26.9,32.2,22.8,5.8,4.65,19.5,Petrolina
2013-01-06,27.9,32.4,23.4,0.0,6.48,19.8,Petrolina
2013-01-07,29.5,35.7,24.1,0.0,7.77,22.4,Petrolina
2013-01-08,29.8,35.6,23.9,0.0,8.32,25.3,Petrolina
2013-01-09,29.8,36.1,23.1,0.0,8.76,24.9,Petrolina
2013-01-10,29.7,35.9,23.3,0.0,8.13,22.8,Petrolina
2013-01-11,30.1,36.1,23.4,0.0,8.69,20.6,Petrolina
2013-01-12,30.0,36.0,24.5,0.0,8.47,27.3,Petrolina
2013-01-13,27.8,32.2,23.1,0.4,5.92,27.4,Petrolina
2013-01-14,29.5,35.4,23.8,0.0,7.76,24.1,Petrolina
2013-01-15,29.2,34.6,23.9,0.0,6.51,24.4,Petrolina
2013-01-16,29.7,33.6,25.8,0.0,5.07,18.0,Petrolina
2013-01-17,29.4,33.8,24.4,2.4,5.43,17.2,Petrolina
2013-01-18,26.8,31.1,23.5,3.2,4.03,10.7,Petrolina
2013-01-19,25.8,29.7,23.7,5.7,3.18,14.4,Petrolina
2013-01-20,26.7,30.5,22.7,4.1,4.16,11.8,Petrolina
2013-01-21,26.4,30.9,23.3,13.7,4.17,12.5,Petrolina
2013-01-22,25.4,30.0,22.6,23.2,3.51,14.0,Petrolina
2013-01-23,26.2,30.3,23.3,0.9,4.31,19.9,Petrolina
2013-01-24,26.9,30.8,23.3,0.0,5.68,16.3,Petrolina
2013-01-25,27.6,32.5,23.7,0.0,5.45,13.0,Petrolina
2013-01-26,27.2,31.5,24.5,1.2,3.6,12.6,Petrolina
2013-01-27,28.3,32.6,24.4,0.5,4.99,9.5,Petrolina
2013-01-28,28.6,33.9,24.8,0.2,6.25,17.2,Petrolina
2013-01-29,28.3,33.2,22.9,0.0,6.6,21.0,Petrolina
2013-01-30,28.5,33.8,22.5,0.0,7.18,19.4,Petrolina
2013-01-31,29.5,35.3,23.7,0.0,8.02,18.5,Petrolina
2013-02-01,29.3,34.7,23.3,0.0,7.9,19.2,Petrolina
2013-02-02,29.2,35.4,22.9,0.0,8.39,24.3,Petrolina
2013-02-03,29.9,36.4,23.1,0.0,9.13,23.9,Petrolina
2013-02-04,30.0,36.5,23.1,0.0,8.94,23.3,Petrolina
2013-02-05,30.0,36.4,23.5,0.0,8.88,21.8,Petrolina
2013-02-06,29.2,33.8,23.3,0.0,7.85,25.9,Petrolina
2013-02-07,29.0,33.9,24.0,0.0,7.15,27.0,Petrolina
2013-02-08,29.4,36.5,23.7,0.0,8.71,27.0,Petrolina
2013-02-09,29.5,35.4,23.9,0.1,8.51,27.1,Petrolina
2013-02-10,29.0,35.9,22.3,0.0,9.01,26.4,Petrolina
2013-02-11,28.9,35.6,22.4,0.0,9.09,23.4,Petrolina
2013-02-12,29.4,36.1,22.6,0.0,9.25,23.7,Petrolina
2013-02-13,29.4,36.0,22.8,0.0,9.01,24.0,Petrolina
2013-02-14,29.4,35.3,23.3,0.0,7.64,22.9,Petrolina
2013-02-15,29.8,35.0,24.0,0.0,7.44,20.8,Petrolina
2013-02-16,29.5,35.3,23.6,0.0,7.88,21.5,Petrolina
2013-02-17,29.3,34.0,24.2,0.0,7.11,18.8,Petrolina
2013-02-18,29.8,35.3,24.5,0.0,8.43,21.4,Petrolina
2013-02-19,29.5,35.7,22.9,0.0,8.97,25.0,Petrolina
2013-02-20,28.9,33.9,23.9,0.0,7.21,24.7,Petrolina
2013-02-21,28.6,33.5,23.8,0.0,6.61,26.6,Petrolina
2013-02-22,29.7,36.5,23.1,0.0,8.5,23.1,Petrolina
2013-02-23,29.8,35.4,24.4,0.0,7.81,24.0,Petrolina
2013-02-24,29.9,35.7,24.0,0.0,8.98,24.7,Petrolina
2013-02-25,29.7,35.7,24.0,0.0,7.4,24.4,Petrolina
2013-02-26,30.2,36.4,23.8,0.0,7.68,23.0,Petrolina
2013-02-27,31.1,36.8,24.5,0.0,8.56,19.2,Petrolina
2013-02-28,31.4,36.8,25.2,0.0,8.25,20.0,Petrolina
2013-03-01,30.9,37.2,24.1,0.0,9.69,28.5,Petrolina
2013-03-02,29.8,36.4,23.0,0.0,9.59,27.1,Petrolina
2013-03-03,29.2,34.8,23.0,0.0,8.65,28.0,Petrolina
2013-03-04,29.2,36.5,22.3,0.0,8.74,26.1,Petrolina
2013-03-05,29.8,35.7,24.8,0.6,7.2,22.1,Petrolina
2013-03-06,30.7,37.2,23.9,0.0,8.78,20.0,Petrolina
2013-03-07,30.6,36.8,24.0,0.0,8.92,19.9,Petrolina
2013-03-08,30.0,36.8,23.2,0.0,8.96,22.4,Petrolina
2013-03-09,30.1,36.5,23.5,0.0,8.41,19.2,Petrolina
2013-03-10,31.2,36.6,24.9,0.0,7.54,21.5,Petrolina
2013-03-11,32.1,37.0,27.0,0.0,7.18,18.5,Petrolina
2013-03-12,33.0,38.4,26.9,0.0,8.39,15.9,Petrolina
2013-03-13,32.4,37.2,26.2,0.0,8.01,18.1,Petrolina
2013-03-14,31.3,36.3,25.5,0.0,7.98,18.6,Petrolina
2013-03-15,29.3,33.6,25.2,0.0,6.64,26.0,Petrolina
2013-03-16,29.4,35.9,23.2,0.0,7.95,25.4,Petrolina
2013-03-17,27.6,31.0,24.8,0.2,4.69,22.3,Petrolina
2013-03-18,29.3,35.5,24.2,0.6,7.16,22.3,Petrolina
2013-03-19,27.7,33.2,24.0,1.4,5.44,20.9,Petrolina
2013-03-20,27.6,32.1,24.3,0.2,5.14,18.9,Petrolina
2013-03-21,27.4,32.2,23.1,1.9,4.95,16.0,Petrolina
2013-03-22,27.9,32.0,23.5,1.7,5.22,18.0,Petrolina
2013-03-23,28.4,32.8,25.2,1.6,5.34,16.6,Petrolina
2013-03-24,29.3,34.2,25.1,0.0,6.27,16.6,Petrolina
2013-03-25,29.1,34.7,25.1,0.0,6.39,16.0,Petrolina
2013-03-26,29.8,35.5,24.6,0.0,5.86,12.9,Petrolina
2013-03-27,30.4,35.7,25.6,0.0,6.58,15.8,Petrolina
2013-03-28,28.5,32.8,24.9,2.0,4.09,11.6,Petrolina
2013-03-29,27.4,32.0,23.5,7.8,4.12,11.5,Petrolina
2013-03-30,28.2,34.2,22.8,0.2,7.39,23.5,Petrolina
2013-03-31,28.7,34.9,22.9,0.0,7.67,21.9,Petrolina
2013-04-01,29.4,36.0,23.1,0.0,8.28,27.6,Petrolina
2013-04-02,29.9,34.6,25.4,0.0,6.45,22.0,Petrolina
2013-04-03,29.8,36.2,23.8,0.0,8.09,25.8,Petrolina
2013-04-04,28.7,34.3,24.7,0.5,6.37,21.9,Petrolina
2013-04-05,29.7,35.2,24.6,0.0,6.3,19.5,Petrolina
2013-04-06,30.3,34.6,26.2,0.2,5.62,14.8,Petrolina
2013-04-07,27.5,31.9,24.9,7.3,3.56,13.5,Petrolina
2013-04-08,27.9,32.5,23.9,1.9,4.29,10.6,Petrolina
2013-04-09,27.7,32.3,24.3,1.9,4.57,19.2,Petrolina
2013-04-10,28.9,34.5,23.8,0.0,6.13,18.7,Petrolina
2013-04-11,29.3,35.4,23.2,0.0,7.54,23.5,Petrolina
2013-04-12,29.8,35.6,24.1,0.0,7.44,22.1,Petrolina
2013-04-13,30.1,36.4,23.7,0.0,7.44,18.7,Petrolina
2013-04-14,30.7,35.8,24.3,0.0,6.0,13.7,Petrolina
2013-04-15,31.3,35.1,26.6,0.0,5.35,14.5,Petrolina
2013-04-16,28.5,34.2,24.4,4.7,4.3,15.3,Petrolina
2013-04-17,26.5,29.2,24.6,6.0,3.57,12.2,Petrolina
2013-04-18,26.5,31.6,23.5,8.9,3.78,16.0,Petrolina
2013-04-19,26.7,31.6,23.4,0.1,5.42,21.9,Petrolina
2013-04-20,26.0,32.6,22.5,0.0,6.12,30.6,Petrolina
2013-04-21,24.7,28.2,22.1,0.3,4.22,26.1,Petrolina
2013-04-22,24.8,28.6,21.4,0.0,4.59,30.8,Petrolina
2013-04-23,24.9,28.1,22.3,0.0,4.18,29.4,Petrolina
2013-04-24,25.2,28.7,22.2,0.1,4.55,29.6,Petrolina
2013-04-25,24.1,25.8,22.7,0.2,2.72,27.0,Petrolina
2013-04-26,24.9,29.1,22.2,0.3,4.14,30.3,Petrolina
2013-04-27,25.9,31.6,21.4,0.0,5.7,24.5,Petrolina
2013-04-28,26.3,32.3,21.3,0.0,6.45,28.6,Petrolina
2013-04-29,25.5,29.9,21.5,0.0,4.87,26.9,Petrolina
2013-04-30,25.6,29.8,22.5,0.0,4.26,25.0,Petrolina
2013-05-01,26.6,31.9,22.9,0.0,4.91,21.7,Petrolina
2013-05-02,26.2,30.6,22.2,0.4,4.55,22.4,Petrolina
2013-05-03,27.0,32.5,22.2,0.0,5.73,23.0,Petrolina
2013-05-04,26.9,33.4,21.3,0.0,6.79,23.7,Petrolina
2013-05-05,27.5,33.5,21.4,0.0,6.49,18.4,Petrolina
2013-05-06,28.3,33.7,22.4,0.0,5.73,14.0,Petrolina
2013-05-07,29.1,34.5,23.8,0.0,5.86,17.8,Petrolina
2013-05-08,29.7,35.1,24.5,0.0,6.97,20.7,Petrolina
2013-05-09,27.1,31.1,24.0,2.0,4.82,25.0,Petrolina
2013-05-10,25.4,30.1,23.0,1.0,4.52,27.9,Petrolina
2013-05-11,24.6,28.7,21.5,0.2,4.59,27.7,Petrolina
2013-05-12,25.0,29.1,22.1,0.6,3.96,25.5,Petrolina
2013-05-13,25.7,30.8,21.9,0.1,5.16,25.5,Petrolina
2013-05-14,25.5,29.8,21.3,0.0,4.56,26.5,Petrolina
2013-05-15,26.2,32.0,21.6,0.1,5.85,27.7,Petrolina
2013-05-16,26.0,30.5,21.7,0.0,4.76,23.8,Petrolina
2013-05-17,25.5,30.3,23.0,1.3,4.27,24.5,Petrolina
2013-05-18,26.2,31.5,22.3,0.0,5.67,25.9,Petrolina
2013-05-19,25.3,29.4,21.4,0.0,4.14,24.7,Petrolina
2013-05-20,25.5,30.7,22.1,0.4,4.48,21.5,Petrolina
2013-05-21,25.9,30.8,21.7,0.0,4.63,20.2,Petrolina
2013-05-22,27.2,33.8,21.1,0.0,5.82,15.9,Petrolina
2013-05-23,27.2,33.1,21.2,0.0,5.57,14.7,Petrolina
2013-05-24,28.0,34.4,21.7,0.0,6.07,20.7,Petrolina
2013-05-25,27.9,33.5,22.6,0.0,5.85,19.3,Petrolina
2013-05-26,27.0,32.2,23.4,0.0,5.4,26.3,Petrolina
2013-05-27,26.0,30.6,22.8,0.0,4.83,26.8,Petrolina
2013-05-28,26.0,30.4,22.5,0.1,4.5,25.5,Petrolina
2013-05-29,26.6,32.8,21.4,0.0,5.63,19.4,Petrolina
2013-05-30,27.5,33.7,21.6,0.0,6.01,19.4,Petrolina
2013-05-31,27.7,33.8,22.0,0.1,5.99,21.0,Petrolina
2013-06-01,27.0,32.6,22.5,0.1,5.88,24.5,Petrolina
2013-06-02,26.3,31.1,22.7,0.3,4.62,18.4,Petrolina
2013-06-03,26.8,32.2,21.5,0.0,5.69,17.6,Petrolina
2013-06-04,27.0,32.9,21.5,0.0,5.86,23.0,Petrolina
2013-06-05,26.7,32.3,22.8,0.4,5.25,23.1,Petrolina
2013-06-06,26.2,32.6,22.4,0.0,5.96,24.6,Petrolina
2013-06-07,25.9,30.6,21.9,0.0,4.12,24.1,Petrolina
2013-06-08,26.1,31.5,21.9,0.0,6.09,27.8,Petrolina
2013-06-09,25.0,29.4,21.5,0.1,4.56,31.1,Petrolina
2013-06-10,24.5,29.3,21.1,0.2,4.18,28.1,Petrolina
2013-06-11,25.1,29.3,21.8,0.0,4.23,25.8,Petrolina
2013-06-12,24.5,28.6,21.1,0.0,3.69,24.6,Petrolina
2013-06-13,25.6,31.4,20.7,0.0,5.71,25.1,Petrolina
2013-06-14,25.6,31.3,21.7,0.0,5.13,21.6,Petrolina
2013-06-15,26.3,32.1,21.4,0.0,5.85,22.3,Petrolina
2013-06-16,26.5,32.5,21.4,0.0,6.16,22.4,Petrolina
2013-06-17,25.6,30.3,22.3,0.4,3.94,22.1,Petrolina
2013-06-18,25.9,31.0,22.4,0.2,4.26,23.0,Petrolina
2013-06-19,26.6,32.0,22.3,0.0,5.57,22.6,Petrolina
2013-06-20,25.9,31.2,21.3,0.0,5.29,23.4,Petrolina
2013-06-21,25.1,29.9,19.5,0.0,4.45,21.3,Petrolina
2013-06-22,26.2,30.9,22.7,0.1,4.51,19.7,Petrolina
2013-06-23,25.9,32.1,20.6,0.0,6.14,24.6,Petrolina
2013-06-24,25.3,31.7,19.5,0.0,6.56,24.6,Petrolina
2013-06-25,24.5,28.4,20.7,0.0,4.26,27.0,Petrolina
2013-06-26,24.9,30.7,19.6,0.0,5.95,25.2,Petrolina
2013-06-27,25.3,31.6,19.6,0.0,6.16,23.7,Petrolina
2013-06-28,26.4,31.9,21.5,0.0,6.01,21.4,Petrolina
2013-06-29,26.9,32.6,21.3,0.0,5.78,20.0,Petrolina
2013-06-30,26.5,32.0,21.2,0.0,6.05,20.2,Petrolina
2013-07-01,26.2,32.0,20.7,0.0,6.33,22.1,Petrolina
2013-07-02,25.7,31.9,19.6,0.0,6.35,22.4,Petrolina
2013-07-03,25.3,30.2,21.3,0.0,5.63,28.8,Petrolina
2013-07-04,25.6,31.0,21.1,0.0,6.21,33.6,Petrolina
2013-07-05,25.2,30.9,20.4,0.0,6.08,27.6,Petrolina
2013-07-06,24.3,28.6,20.1,0.0,4.3,25.2,Petrolina
2013-07-07,25.1,30.6,20.3,0.0,5.71,25.7,Petrolina
2013-07-08,25.0,31.3,19.8,0.0,5.87,25.1,Petrolina
2013-07-09,24.5,28.9,20.7,0.0,4.88,28.0,Petrolina
2013-07-10,23.3,27.1,19.5,0.1,4.23,30.3,Petrolina
2013-07-11,24.0,30.4,19.8,0.0,5.41,30.8,Petrolina
2013-07-12,24.3,29.4,19.4,0.0,5.14,24.7,Petrolina
2013-07-13,24.1,28.7,21.6,0.8,3.62,25.0,Petrolina
2013-07-14,24.6,29.6,21.1,0.0,4.84,26.6,Petrolina
2013-07-15,24.5,30.9,19.7,0.0,5.29,22.3,Petrolina
2013-07-16,25.6,32.7,19.3,0.0,6.19,18.3,Petrolina
2013-07-17,24.6,31.1,18.8,0.0,6.53,24.9,Petrolina
2013-07-18,24.4,30.1,18.8,0.0,5.4,24.8,Petrolina
2013-07-19,24.8,29.0,22.2,0.3,4.09,23.9,Petrolina
2013-07-20,25.3,31.5,20.5,0.0,5.72,20.3,Petrolina
2013-07-21,25.6,32.0,19.3,0.0,6.03,19.2,Petrolina
2013-07-22,25.2,31.3,21.3,0.0,5.89,22.3,Petrolina
2013-07-23,24.7,30.5,18.7,0.0,5.41,20.4,Petrolina
2013-07-24,25.9,31.6,20.1,0.0,6.77,25.0,Petrolina
2013-07-25,25.2,30.0,22.0,0.0,5.04,23.1,Petrolina
2013-07-26,25.3,30.2,21.3,0.0,4.13,26.0,Petrolina
2013-07-27,23.1,26.0,20.8,4.3,2.64,23.7,Petrolina
2013-07-28,23.7,28.4,20.0,0.3,4.17,24.4,Petrolina
2013-07-29,23.7,28.9,18.4,0.0,4.83,22.6,Petrolina
2013-07-30,24.2,29.4,20.3,0.0,5.11,23.1,Petrolina
2013-07-31,23.8,30.2,19.3,0.0,5.38,27.1,Petrolina
2013-08-01,23.3,27.4,20.3,0.0,4.3,26.7,Petrolina
2013-08-02,23.0,26.2,20.2,0.2,3.97,27.1,Petrolina
2013-08-03,23.0,28.6,18.6,0.0,4.44,22.4,Petrolina
2013-08-04,23.5,30.4,16.5,0.0,5.99,19.6,Petrolina
2013-08-05,24.6,31.6,17.8,0.0,6.7,22.2,Petrolina
2013-08-06,25.0,30.4,20.7,0.2,4.89,24.2,Petrolina
2013-08-07,24.1,28.2,20.9,0.1,4.66,23.8,Petrolina
2013-08-08,23.3,28.4,18.6,0.0,4.75,26.1,Petrolina
2013-08-09,24.6,29.1,19.6,0.0,5.53,25.4,Petrolina
2013-08-10,24.7,30.4,19.5,0.0,5.55,23.2,Petrolina
2013-08-11,24.8,31.0,19.3,0.0,6.29,22.9,Petrolina
2013-08-12,25.0,31.9,18.9,0.0,6.54,23.6,Petrolina
2013-08-13,25.3,31.6,20.4,0.0,6.09,25.1,Petrolina
2013-08-14,25.3,31.2,20.6,0.0,5.34,24.8,Petrolina
2013-08-15,25.4,32.4,20.3,0.0,6.27,23.3,Petrolina
2013-08-16,25.3,31.9,20.2,0.0,7.05,26.7,Petrolina
2013-08-17,24.8,30.7,20.1,0.0,5.76,27.6,Petrolina
2013-08-18,24.2,29.0,20.0,0.0,5.16,25.9,Petrolina
2013-08-19,24.2,30.1,19.7,0.0,6.06,28.3,Petrolina
2013-08-20,24.3,30.1,20.3,0.1,5.23,24.7,Petrolina
2013-08-21,24.6,29.2,20.3,0.0,5.43,27.4,Petrolina
2013-08-22,24.2,28.8,20.0,0.0,4.71,26.3,Petrolina
2013-08-23,24.4,30.7,18.9,0.0,6.77,28.5,Petrolina
2013-08-24,25.3,31.5,20.2,0.0,6.2,26.7,Petrolina
2013-08-25,25.2,31.7,20.0,0.0,6.18,25.7,Petrolina
2013-08-26,25.2,31.9,19.8,0.0,6.33,24.9,Petrolina
2013-08-27,26.1,33.3,19.8,0.0,6.57,21.1,Petrolina
2013-08-28,27.1,35.1,19.6,0.0,7.39,22.2,Petrolina
2013-08-29,26.0,31.7,21.4,0.0,6.85,28.2,Petrolina
2013-08-30,24.7,29.6,20.8,0.0,5.33,32.0,Petrolina
2013-08-31,24.7,30.0,21.1,0.4,5.24,27.5,Petrolina
2013-09-01,24.4,30.5,19.4,0.0,5.76,25.0,Petrolina
2013-09-02,24.9,31.7,19.1,0.0,6.66,24.3,Petrolina
2013-09-03,25.7,32.4,18.9,0.0,7.08,22.3,Petrolina
2013-09-04,26.9,34.0,20.1,0.0,7.38,20.6,Petrolina
2013-09-05,26.9,32.9,22.4,0.0,7.64,26.5,Petrolina
2013-09-06,25.4,31.0,20.5,0.0,6.25,28.1,Petrolina
2013-09-07,24.7,29.2,20.6,0.0,4.9,28.1,Petrolina
2013-09-08,24.6,28.8,20.6,0.0,4.95,29.2,Petrolina
2013-09-09,24.5,30.5,19.8,0.0,5.91,28.3,Petrolina
2013-09-10,24.3,28.5,19.3,0.0,5.57,29.0,Petrolina
2013-09-11,24.0,30.3,18.6,0.0,6.6,29.5,Petrolina
2013-09-12,23.9,28.8,19.8,0.2,5.5,26.5,Petrolina
2013-09-13,25.0,32.0,19.3,0.0,6.32,28.0,Petrolina
2013-09-14,25.2,30.2,20.5,0.0,4.7,26.3,Petrolina
2013-09-15,25.9,31.0,21.5,0.0,5.3,26.1,Petrolina
2013-09-16,26.5,33.8,20.4,0.0,6.57,22.8,Petrolina
2013-09-17,27.2,34.5,20.4,0.0,7.38,19.6,Petrolina
2013-09-18,28.3,35.2,21.5,0.0,8.04,24.4,Petrolina
2013-09-19,27.0,33.6,21.2,0.0,8.37,28.3,Petrolina
2013-09-20,25.9,32.7,19.9,0.0,7.75,29.9,Petrolina
2013-09-21,26.4,33.5,19.3,0.0,7.81,24.2,Petrolina
2013-09-22,27.3,34.1,20.5,0.0,7.36,20.3,Petrolina
2013-09-23,28.0,35.3,21.1,0.0,7.78,18.4,Petrolina
2013-09-24,28.3,36.2,19.9,0.0,8.34,17.4,Petrolina
2013-09-25,29.0,36.5,20.7,0.0,7.74,19.0,Petrolina
2013-09-26,29.5,36.1,22.8,0.0,8.31,24.3,Petrolina
2013-09-27,28.1,34.9,21.5,0.0,8.5,26.1,Petrolina
2013-09-28,27.6,34.3,21.4,0.0,8.01,22.8,Petrolina
2013-09-29,27.7,34.8,20.8,0.0,8.64,24.6,Petrolina
2013-09-30,26.6,32.2,20.8,0.0,6.91,25.0,Petrolina
2013-10-01,27.0,33.8,20.3,0.0,7.79,21.9,Petrolina
2013-10-02,27.5,34.7,20.7,0.0,8.14,20.5,Petrolina
2013-10-03,28.7,35.6,21.5,0.0,8.66,22.0,Petrolina
2013-10-04,28.6,35.4,21.3,0.0,8.11,22.2,Petrolina
2013-10-05,29.7,36.2,22.5,0.0,8.08,18.8,Petrolina
2013-10-06,31.1,37.5,23.4,0.0,8.7,27.8,Petrolina
2013-10-07,28.4,34.5,22.6,0.0,7.85,28.9,Petrolina
2013-10-08,28.0,34.4,22.0,0.0,8.55,29.4,Petrolina
2013-10-09,26.9,34.7,21.3,0.0,8.01,30.2,Petrolina
2013-10-10,23.8,28.6,21.1,0.1,4.93,31.4,Petrolina
2013-10-11,24.2,29.7,20.6,0.1,5.36,34.4,Petrolina
2013-10-12,23.3,26.3,21.0,0.0,4.01,33.6,Petrolina
2013-10-13,24.5,28.1,20.8,0.0,5.51,31.7,Petrolina
2013-10-14,24.7,28.9,22.1,0.2,4.72,29.3,Petrolina
2013-10-15,26.0,31.3,21.5,0.0,5.69,26.1,Petrolina
2013-10-16,27.0,32.5,22.2,0.0,6.12,24.9,Petrolina
2013-10-17,27.6,34.8,22.0,0.0,7.18,22.1,Petrolina
2013-10-18,27.3,33.2,21.4,0.0,6.06,21.2,Petrolina
2013-10-19,29.1,35.6,22.5,0.0,7.39,18.5,Petrolina
2013-10-20,30.0,35.6,24.4,0.0,7.91,23.2,Petrolina
2013-10-21,29.1,36.0,23.1,0.0,8.62,23.1,Petrolina
2013-10-22,28.1,35.3,21.4,0.0,8.67,24.6,Petrolina
2013-10-23,27.7,34.6,21.5,0.0,8.59,26.5,Petrolina
2013-10-24,27.4,33.7,21.2,0.0,7.97,27.9,Petrolina
2013-10-25,27.5,34.3,20.9,0.0,8.36,23.7,Petrolina
2013-10-26,27.6,34.1,21.1,0.0,8.8,24.0,Petrolina
2013-10-27,27.9,34.7,21.3,0.0,8.07,23.3,Petrolina
2013-10-28,29.0,34.4,22.1,0.0,6.52,19.2,Petrolina
2013-10-29,30.2,36.0,24.5,0.0,8.67,27.2,Petrolina
2013-10-30,29.1,35.6,23.2,0.0,8.7,25.4,Petrolina
2013-10-31,29.1,35.3,22.6,0.0,8.63,24.3,Petrolina
2013-11-01,28.7,35.0,22.3,0.0,8.94,25.3,Petrolina
2013-11-02,28.3,34.8,21.7,0.0,8.91,26.6,Petrolina
2013-11-03,27.4,34.4,21.7,0.2,8.14,26.7,Petrolina
2013-11-04,24.4,29.2,21.3,6.0,3.95,23.6,Petrolina
2013-11-05,27.4,33.9,22.0,0.0,6.65,22.1,Petrolina
2013-11-06,28.4,34.7,22.9,0.0,7.62,23.0,Petrolina
2013-11-07,28.2,34.7,22.5,0.0,7.95,24.3,Petrolina
2013-11-08,28.3,35.0,21.5,0.0,8.26,21.3,Petrolina
2013-11-09,29.5,35.9,22.4,0.0,8.32,17.3,Petrolina
2013-11-10,29.7,36.2,23.6,0.0,8.42,21.7,Petrolina
2013-11-11,29.1,34.4,23.6,0.0,6.74,20.4,Petrolina
2013-11-12,29.2,34.4,24.0,0.0,7.14,18.7,Petrolina
2013-11-13,29.9,36.0,24.1,0.1,8.33,25.6,Petrolina
2013-11-14,28.3,34.7,22.8,0.0,8.61,27.9,Petrolina
2013-11-15,27.8,33.9,21.5,0.0,8.68,25.7,Petrolina
2013-11-16,26.3,30.9,21.6,0.0,6.7,23.2,Petrolina
2013-11-17,28.2,34.6,21.3,0.0,8.47,21.9,Petrolina
2013-11-18,28.3,34.9,22.1,0.0,8.84,27.3,Petrolina
2013-11-19,27.3,34.0,22.0,0.0,7.7,28.6,Petrolina
2013-11-20,27.0,32.7,21.8,0.0,6.76,25.7,Petrolina
2013-11-21,26.8,33.3,21.2,0.0,7.62,23.9,Petrolina
2013-11-22,27.8,34.0,21.6,0.0,6.97,18.4,Petrolina
2013-11-23,28.2,33.4,23.6,1.4,5.81,13.6,Petrolina
2013-11-24,26.0,28.5,23.3,11.7,3.6,12.9,Petrolina
2013-11-25,27.5,32.4,23.8,0.0,6.37,22.2,Petrolina
2013-11-26,27.1,31.3,23.1,0.0,4.98,19.7,Petrolina
2013-11-27,27.8,32.5,23.0,0.5,5.89,20.9,Petrolina
2013-11-28,26.4,29.6,24.1,1.3,2.96,11.7,Petrolina
2013-11-29,28.1,33.2,23.0,0.0,6.68,22.4,Petrolina
2013-11-30,28.4,34.3,22.2,0.0,7.99,26.4,Petrolina
2013-12-01,28.3,35.4,21.7,0.0,8.9,26.9,Petrolina
2013-12-02,28.3,33.5,22.5,0.1,6.53,23.9,Petrolina
2013-12-03,30.1,35.5,23.6,0.0,7.28,17.9,Petrolina
2013-12-04,31.3,35.9,26.1,0.0,6.47,15.8,Petrolina
2013-12-05,31.5,36.5,27.1,0.1,7.41,17.0,Petrolina
2013-12-06,29.2,33.5,25.0,1.3,5.63,12.0,Petrolina
2013-12-07,27.8,32.0,24.9,2.5,4.6,12.3,Petrolina
2013-12-08,28.4,32.5,23.8,0.4,5.82,18.2,Petrolina
2013-12-09,29.3,35.0,23.6,0.0,8.03,19.9,Petrolina
2013-12-10,29.0,34.9,22.9,0.0,7.81,18.6,Petrolina
2013-12-11,29.8,35.9,22.7,0.0,7.31,16.1,Petrolina
2013-12-12,30.3,34.4,26.0,0.0,6.3,14.8,Petrolina
2013-12-13,27.3,31.9,24.0,4.0,4.5,14.8,Petrolina
2013-12-14,28.2,34.0,24.1,2.9,5.73,15.6,Petrolina
2013-12-15,27.3,33.6,23.4,10.3,5.24,14.8,Petrolina
2013-12-16,25.8,29.3,22.8,14.2,3.7,14.9,Petrolina
2013-12-17,24.2,26.5,22.4,29.0,1.85,9.4,Petrolina
2013-12-18,23.6,26.1,22.2,27.9,1.74,10.7,Petrolina
2013-12-19,23.9,26.9,21.9,15.0,2.1,14.5,Petrolina
2013-12-20,22.9,24.5,22.0,18.6,1.01,7.9,Petrolina
2013-12-21,23.7,27.5,21.8,7.7,2.15,12.2,Petrolina
2013-12-22,23.9,26.0,22.1,15.4,1.62,5.7,Petrolina
2013-12-23,25.1,29.3,21.9,8.7,3.92,17.7,Petrolina
2013-12-24,25.8,30.0,22.4,0.7,4.94,18.2,Petrolina
2013-12-25,25.7,30.7,21.5,0.0,5.16,21.3,Petrolina
2013-12-26,25.8,31.2,21.5,0.0,5.49,19.9,Petrolina
2013-12-27,26.1,30.4,22.7,0.4,5.07,18.4,Petrolina
2013-12-28,25.9,29.9,22.6,0.0,4.95,20.6,Petrolina
2013-12-29,26.0,31.8,21.4,0.0,6.54,17.6,Petrolina
2013-12-30,25.8,30.5,21.2,0.0,5.36,21.9,Petrolina
2013-12-31,26.1,31.8,21.3,0.0,6.27,17.8,Petrolina
2014-01-01,26.1,31.4,21.4,0.0,6.2,18.8,Petrolina
2014-01-02,26.5,32.3,21.1,0.0,6.9,18.1,Petrolina
2014-01-03,26.5,32.4,21.4,0.0,6.95,20.1,Petrolina
2014-01-04,26.9,33.1,20.9,0.0,7.1,17.7,Petrolina
2014-01-05,26.8,32.8,21.1,0.0,7.79,22.5,Petrolina
2014-01-06,26.8,32.7,21.1,0.0,7.21,22.4,Petrolina
2014-01-07,27.0,32.7,22.0,0.0,7.79,21.4,Petrolina
2014-01-08,27.2,33.5,21.3,0.0,8.08,23.2,Petrolina
2014-01-09,27.9,33.1,22.5,0.0,7.01,19.4,Petrolina
2014-01-10,27.4,31.2,24.2,0.4,5.13,19.2,Petrolina
2014-01-11,28.5,33.9,23.7,0.0,7.77,23.2,Petrolina
2014-01-12,27.9,32.9,23.9,0.0,6.41,23.2,Petrolina
2014-01-13,27.9,34.1,22.2,0.0,7.57,22.9,Petrolina
2014-01-14,27.3,32.3,23.0,0.0,6.12,22.7,Petrolina
2014-01-15,27.8,34.0,22.1,0.0,7.28,18.5,Petrolina
2014-01-16,28.1,33.9,23.1,0.0,6.93,19.6,Petrolina
2014-01-17,28.1,34.0,22.3,0.0,7.23,20.8,Petrolina
2014-01-18,28.9,34.5,23.1,0.0,7.64,21.2,Petrolina
2014-01-19,29.4,35.1,23.5,0.0,7.6,20.1,Petrolina
2014-01-20,30.0,35.7,23.9,0.0,8.45,20.7,Petrolina
2014-01-21,29.0,33.8,24.2,0.4,6.92,23.1,Petrolina
2014-01-22,29.0,34.4,23.8,0.0,7.97,22.8,Petrolina
2014-01-23,28.8,34.8,22.7,0.0,8.18,20.9,Petrolina
2014-01-24,28.3,33.4,22.8,0.0,7.54,22.1,Petrolina
2014-01-25,28.4,33.6,23.2,0.0,7.6,21.9,Petrolina
2014-01-26,28.8,34.2,23.7,0.0,7.57,24.0,Petrolina
2014-01-27,28.1,33.8,23.4,0.0,7.74,30.6,Petrolina
2014-01-28,28.0,34.2,22.9,0.0,7.9,24.0,Petrolina
2014-01-29,27.5,32.0,22.1,0.0,6.51,26.0,Petrolina
2014-01-30,28.2,34.6,22.3,0.0,8.08,24.2,Petrolina
2014-01-31,28.2,34.1,22.4,0.0,8.42,24.7,Petrolina
2014-02-01,28.0,32.8,23.7,0.0,6.85,25.1,Petrolina
2014-02-02,28.2,34.0,22.3,0.0,7.74,26.4,Petrolina
2014-02-03,27.8,32.7,23.1,0.0,6.8,28.6,Petrolina
2014-02-04,28.1,34.7,21.9,0.0,7.94,24.1,Petrolina
2014-02-05,27.8,32.8,23.2,0.3,6.74,24.6,Petrolina
2014-02-06,27.0,31.9,22.1,0.1,6.39,22.7,Petrolina
2014-02-07,26.0,30.4,22.8,2.1,4.78,23.3,Petrolina
2014-02-08,27.1,32.8,22.4,0.0,6.52,23.2,Petrolina
2014-02-09,27.6,32.6,22.8,0.0,6.65,23.2,Petrolina
2014-02-10,28.1,33.1,22.8,0.0,6.73,23.5,Petrolina
2014-02-11,28.6,35.2,22.3,0.0,8.26,24.0,Petrolina
2014-02-12,28.8,35.3,22.9,0.0,8.25,24.0,Petrolina
2014-02-13,28.7,34.5,22.9,0.0,7.17,20.5,Petrolina
2014-02-14,29.1,34.3,23.7,0.0,7.13,18.6,Petrolina
2014-02-15,27.7,33.0,24.8,3.5,5.51,18.9,Petrolina
2014-02-16,27.0,31.5,23.3,3.4,4.49,13.6,Petrolina
2014-02-17,26.7,30.9,22.9,0.8,5.12,13.9,Petrolina
2014-02-18,27.4,32.8,23.1,0.7,5.48,18.2,Petrolina
2014-02-19,28.1,32.7,24.1,0.7,5.55,15.9,Petrolina
2014-02-20,26.7,31.7,23.8,7.3,4.21,17.1,Petrolina
2014-02-21,26.2,30.5,22.7,0.6,5.08,26.1,Petrolina
2014-02-22,26.2,31.8,21.8,0.7,5.37,25.8,Petrolina
2014-02-23,27.0,31.6,22.4,0.0,6.04,22.4,Petrolina
2014-02-24,27.7,33.9,23.1,0.0,7.17,25.9,Petrolina
2014-02-25,28.0,34.5,22.8,0.0,7.15,24.6,Petrolina
2014-02-26,28.0,33.1,22.7,0.0,6.81,24.1,Petrolina
2014-02-27,27.5,32.6,22.6,0.0,5.89,20.0,Petrolina
2014-02-28,27.0,32.8,23.4,2.8,4.63,17.5,Petrolina
2014-03-01,25.9,30.2,22.8,3.3,3.05,19.4,Petrolina
2014-03-02,25.6,31.1,22.9,22.0,4.19,16.2,Petrolina
2014-03-03,25.4,30.2,22.3,4.4,4.14,20.7,Petrolina
2014-03-04,25.7,29.7,22.7,3.0,4.25,20.6,Petrolina
2014-03-05,26.3,30.8,22.4,0.0,5.59,23.7,Petrolina
2014-03-06,25.7,30.9,21.0,0.0,5.36,22.9,Petrolina
2014-03-07,26.2,31.5,22.0,0.0,5.42,13.9,Petrolina
2014-03-08,26.1,30.3,22.7,0.3,4.56,13.2,Petrolina
2014-03-09,26.4,30.6,23.2,1.4,3.72,17.5,Petrolina
2014-03-10,28.0,33.7,23.4,0.0,6.75,21.3,Petrolina
2014-03-11,28.0,33.6,22.9,0.0,7.2,23.4,Petrolina
2014-03-12,27.9,32.6,23.2,0.0,6.73,22.4,Petrolina
2014-03-13,28.6,34.4,23.4,0.0,7.94,24.0,Petrolina
2014-03-14,28.2,34.4,22.3,0.0,7.62,22.9,Petrolina
2014-03-15,28.5,34.9,23.3,0.0,7.51,25.1,Petrolina
2014-03-16,27.3,32.9,23.8,2.4,5.83,21.5,Petrolina
2014-03-17,26.7,31.6,23.2,0.0,4.55,22.2,Petrolina
2014-03-18,27.2,32.6,23.2,0.3,5.13,21.3,Petrolina
2014-03-19,27.7,32.8,23.0,0.0,6.09,20.0,Petrolina
2014-03-20,28.4,33.1,23.5,0.0,6.36,22.7,Petrolina
2014-03-21,29.2,34.4,24.8,0.8,6.52,21.1,Petrolina
2014-03-22,29.5,35.3,24.1,0.0,6.71,20.7,Petrolina
2014-03-23,30.1,35.5,24.5,0.0,7.24,20.2,Petrolina
2014-03-24,30.0,35.5,24.1,0.0,8.09,22.4,Petrolina
2014-03-25,29.5,35.8,23.5,0.0,8.33,22.2,Petrolina
2014-03-26,29.2,34.8,23.1,0.0,7.19,20.0,Petrolina
2014-03-27,28.9,33.2,24.6,0.5,5.93,20.4,Petrolina
2014-03-28,28.7,33.0,24.2,0.0,6.02,19.7,Petrolina
2014-03-29,27.9,32.5,24.4,0.4,5.33,21.0,Petrolina
2014-03-30,28.3,31.9,23.6,1.7,4.96,16.6,Petrolina
2014-03-31,29.1,35.1,23.4,0.0,7.9,23.3,Petrolina
2014-04-01,29.4,35.1,23.7,0.0,7.85,21.9,Petrolina
2014-04-02,28.8,34.9,22.9,0.0,7.5,22.2,Petrolina
2014-04-03,29.4,35.2,23.6,0.0,7.51,20.8,Petrolina
2014-04-04,29.2,34.7,24.8,0.0,5.42,18.2,Petrolina
2014-04-05,29.2,34.3,24.4,0.3,6.0,17.8,Petrolina
2014-04-06,28.4,33.2,24.7,1.1,5.34,18.6,Petrolina
2014-04-07,27.4,32.6,22.9,6.5,4.82,12.5,Petrolina
2014-04-08,26.7,31.3,22.8,6.5,4.18,12.3,Petrolina
2014-04-09,26.2,30.7,23.0,17.4,3.99,11.9,Petrolina
2014-04-10,23.9,26.1,22.3,18.4,1.88,12.7,Petrolina
2014-04-11,25.4,29.2,21.9,2.1,3.45,16.9,Petrolina
2014-04-12,25.9,30.2,22.8,0.7,4.71,20.9,Petrolina
2014-04-13,26.2,31.1,22.7,0.4,5.22,19.5,Petrolina
2014-04-14,26.0,30.2,23.1,1.1,4.23,17.5,Petrolina
2014-04-15,26.3,31.3,22.3,0.0,5.44,21.6,Petrolina
2014-04-16,26.0,30.7,21.9,0.0,4.86,23.6,Petrolina
2014-04-17,26.6,31.1,23.3,0.0,5.19,20.6,Petrolina
2014-04-18,26.8,31.7,22.1,0.0,5.2,16.6,Petrolina
2014-04-19,27.4,33.1,22.1,0.0,6.11,19.6,Petrolina
2014-04-20,27.4,32.1,23.5,0.0,5.61,20.9,Petrolina
2014-04-21,26.9,31.2,22.8,0.0,4.7,19.9,Petrolina
2014-04-22,27.4,31.6,23.1,0.0,4.92,19.5,Petrolina
2014-04-23,27.7,32.3,23.9,0.1,5.85,21.3,Petrolina
2014-04-24,28.0,32.4,23.8,0.0,5.46,17.4,Petrolina
2014-04-25,28.6,34.2,23.2,0.0,5.55,12.2,Petrolina
2014-04-26,28.3,33.5,24.2,12.1,4.79,11.7,Petrolina
2014-04-27,24.2,27.5,22.2,12.2,2.5,22.7,Petrolina
2014-04-28,23.2,26.2,21.1,3.3,2.4,24.7,Petrolina
2014-04-29,23.4,26.2,21.3,0.0,3.38,30.2,Petrolina
2014-04-30,23.2,25.9,20.8,0.0,3.61,31.3,Petrolina
2014-05-01,23.2,25.6,20.4,0.0,3.12,28.5,Petrolina
2014-05-02,24.7,28.8,22.2,0.0,3.73,28.5,Petrolina
2014-05-03,25.0,28.6,22.5,0.8,3.89,22.9,Petrolina
2014-05-04,25.3,30.1,21.9,0.0,5.21,22.9,Petrolina
2014-05-05,25.1,30.5,21.1,0.0,5.37,26.6,Petrolina
2014-05-06,25.2,30.2,20.9,0.0,4.54,22.7,Petrolina
2014-05-07,25.3,29.5,21.8,0.8,4.41,20.1,Petrolina
2014-05-08,25.7,30.9,21.5,0.0,5.68,23.2,Petrolina
2014-05-09,25.7,31.1,20.6,0.0,4.74,17.1,Petrolina
2014-05-10,26.9,32.5,20.6,0.0,5.01,12.3,Petrolina
2014-05-11,26.1,31.8,22.7,0.3,5.17,28.5,Petrolina
2014-05-12,24.0,27.6,21.5,0.0,4.07,33.6,Petrolina
2014-05-13,23.8,29.3,19.7,0.0,5.15,27.1,Petrolina
2014-05-14,24.9,30.0,19.7,0.0,4.82,22.5,Petrolina
2014-05-15,25.4,29.2,21.9,0.6,3.52,23.6,Petrolina
2014-05-16,25.6,29.7,22.3,0.1,3.78,18.2,Petrolina
2014-05-17,26.1,31.3,22.7,0.0,4.55,18.8,Petrolina
2014-05-18,26.0,32.0,21.5,0.0,5.33,23.0,Petrolina
2014-05-19,25.9,29.7,23.2,0.1,3.85,18.3,Petrolina
2014-05-20,26.0,30.5,22.2,0.0,4.82,21.7,Petrolina
2014-05-21,26.0,31.3,21.1,0.0,5.72,24.8,Petrolina
2014-05-22,25.4,29.1,22.4,0.0,3.67,24.4,Petrolina
2014-05-23,26.0,30.5,22.2,0.0,3.68,18.4,Petrolina
2014-05-24,27.2,32.6,22.3,0.0,5.28,18.1,Petrolina
2014-05-25,27.2,33.0,22.1,0.0,5.87,19.9,Petrolina
2014-05-26,26.4,32.3,21.0,0.0,6.44,20.9,Petrolina
2014-05-27,25.3,31.7,19.2,0.0,6.04,19.2,Petrolina
2014-05-28,26.3,32.2,20.3,0.0,5.67,16.1,Petrolina
2014-05-29,26.4,32.0,21.1,0.0,5.34,19.5,Petrolina
2014-05-30,26.3,31.5,22.1,0.0,5.56,25.5,Petrolina
2014-05-31,25.1,28.5,22.4,0.6,4.33,27.4,Petrolina
2014-06-01,24.5,29.8,20.6,0.0,4.41,24.5,Petrolina
2014-06-02,25.1,30.9,19.3,0.0,5.18,19.6,Petrolina
2014-06-03,26.6,33.2,19.9,0.0,5.79,20.9,Petrolina
2014-06-04,27.1,33.1,21.7,0.0,6.72,23.2,Petrolina
2014-06-05,26.4,32.5,21.0,0.0,6.29,26.6,Petrolina
2014-06-06,26.6,32.4,21.5,0.0,5.84,23.5,Petrolina
2014-06-07,25.8,30.5,21.7,0.0,5.04,24.5,Petrolina
2014-06-08,25.4,30.8,20.4,0.0,5.23,24.8,Petrolina
2014-06-09,25.5,32.2,20.8,0.0,5.45,24.2,Petrolina
2014-06-10,24.9,28.9,22.3,0.2,4.09,29.2,Petrolina
2014-06-11,24.7,28.7,21.4,0.2,4.68,31.5,Petrolina
2014-06-12,24.5,31.2,19.3,0.0,5.58,29.5,Petrolina
2014-06-13,25.0,29.7,21.2,0.1,5.2,28.2,Petrolina
2014-06-14,25.0,30.6,20.6,0.0,5.86,27.0,Petrolina
2014-06-15,24.9,30.2,20.8,0.0,5.71,25.6,Petrolina
2014-06-16,24.3,29.4,19.3,0.0,5.05,30.1,Petrolina
2014-06-17,24.0,27.1,21.6,0.6,3.41,27.9,Petrolina
2014-06-18,24.4,27.9,21.5,0.2,3.79,28.0,Petrolina
2014-06-19,24.4,27.9,21.6,0.3,3.71,23.2,Petrolina
2014-06-20,24.2,27.8,21.6,0.0,4.29,23.2,Petrolina
2014-06-21,24.1,29.8,19.6,0.0,5.58,23.4,Petrolina
2014-06-22,24.2,28.8,20.8,0.0,4.25,27.6,Petrolina
2014-06-23,23.7,27.9,20.6,0.0,3.94,30.0,Petrolina
2014-06-24,23.0,26.1,20.5,0.0,3.53,30.6,Petrolina
2014-06-25,23.7,29.1,19.6,0.0,4.66,25.1,Petrolina
2014-06-26,24.3,30.2,19.4,0.0,5.16,21.2,Petrolina
2014-06-27,24.1,26.1,22.3,0.0,2.49,19.9,Petrolina
2014-06-28,24.8,29.4,21.7,0.1,4.0,23.5,Petrolina
2014-06-29,25.0,29.4,21.3,0.0,3.86,20.9,Petrolina
2014-06-30,25.1,30.4,21.0,0.0,5.12,19.9,Petrolina
2014-07-01,24.8,31.4,19.2,0.0,5.95,20.0,Petrolina
2014-07-02,24.5,30.4,19.2,0.0,5.48,23.1,Petrolina
2014-07-03,24.4,28.9,20.3,0.0,3.98,24.0,Petrolina
2014-07-04,24.1,29.8,19.8,0.0,5.74,25.2,Petrolina
2014-07-05,23.2,27.5,19.5,0.3,3.8,26.1,Petrolina
2014-07-06,23.9,28.3,20.3,0.1,4.23,28.5,Petrolina
2014-07-07,23.8,27.9,19.8,0.0,4.57,29.3,Petrolina
2014-07-08,23.8,29.6,18.9,0.0,4.62,28.1,Petrolina
2014-07-09,23.9,27.9,20.5,0.0,4.11,26.2,Petrolina
2014-07-10,24.1,30.2,18.8,0.0,5.62,21.2,Petrolina
2014-07-11,24.6,30.2,19.7,0.0,5.62,20.0,Petrolina
2014-07-12,24.7,31.0,19.0,0.0,5.97,20.6,Petrolina
2014-07-13,24.4,29.5,20.4,0.0,5.11,28.8,Petrolina
2014-07-14,23.4,27.1,21.1,0.4,3.64,29.3,Petrolina
2014-07-15,23.8,27.5,20.7,0.0,4.23,28.8,Petrolina
2014-07-16,22.4,24.4,21.1,1.0,2.57,30.8,Petrolina
2014-07-17,23.0,27.0,20.5,0.2,3.55,29.5,Petrolina
2014-07-18,23.2,26.8,20.2,0.1,3.28,25.2,Petrolina
2014-07-19,24.1,28.4,20.7,0.1,3.56,20.7,Petrolina
2014-07-20,24.3,30.1,19.7,0.0,5.55,23.5,Petrolina
2014-07-21,24.7,29.5,20.8,0.2,4.7,24.8,Petrolina
2014-07-22,24.4,30.4,20.1,0.0,6.1,29.5,Petrolina
2014-07-23,24.3,30.6,20.3,0.1,5.37,30.1,Petrolina
2014-07-24,23.9,28.8,19.6,0.6,4.2,28.6,Petrolina
2014-07-25,24.7,30.3,20.1,0.4,4.79,23.4,Petrolina
2014-07-26,25.3,30.2,21.6,0.0,5.54,22.2,Petrolina
2014-07-27,24.6,30.5,19.5,0.0,5.31,26.0,Petrolina
2014-07-28,23.6,28.6,21.0,20.9,3.77,22.4,Petrolina
2014-07-29,23.2,28.0,19.8,0.0,5.24,28.0,Petrolina
2014-07-30,23.0,26.8,20.5,0.1,3.94,30.7,Petrolina
2014-07-31,22.6,26.9,19.7,0.1,3.53,25.3,Petrolina
2014-08-01,22.8,27.2,19.6,0.0,3.54,22.7,Petrolina
2014-08-02,23.3,28.9,19.6,0.0,4.31,22.9,Petrolina
2014-08-03,24.0,29.9,19.5,0.0,5.28,21.3,Petrolina
2014-08-04,24.6,30.8,19.4,0.0,5.56,22.0,Petrolina
2014-08-05,25.1,31.8,19.9,0.0,5.94,21.6,Petrolina
2014-08-06,24.5,29.7,20.6,0.0,5.99,30.6,Petrolina
2014-08-07,21.7,24.5,19.9,0.4,3.71,31.1,Petrolina
2014-08-08,22.7,27.8,18.6,0.0,4.42,27.0,Petrolina
2014-08-09,23.1,28.7,18.4,0.0,6.16,29.3,Petrolina
2014-08-10,23.4,29.7,18.9,0.0,6.0,26.5,Petrolina
2014-08-11,23.8,29.8,18.7,0.0,6.46,24.4,Petrolina
2014-08-12,23.1,27.8,18.1,0.0,5.95,24.9,Petrolina
2014-08-13,24.1,30.1,19.4,0.0,5.64,22.7,Petrolina
2014-08-14,24.8,31.0,19.4,0.0,6.57,25.3,Petrolina
2014-08-15,23.8,28.3,20.8,0.5,5.26,33.0,Petrolina
2014-08-16,22.8,28.8,19.2,0.0,4.76,29.0,Petrolina
2014-08-17,22.7,26.7,19.2,0.2,4.05,27.2,Petrolina
2014-08-18,23.1,27.7,19.0,0.0,4.51,25.4,Petrolina
2014-08-19,23.1,28.7,18.7,0.0,4.61,24.4,Petrolina
2014-08-20,24.2,29.8,19.8,0.0,6.44,25.8,Petrolina
2014-08-21,24.1,30.5,18.7,0.0,6.26,27.2,Petrolina
2014-08-22,23.9,30.0,18.7,0.0,6.38,25.0,Petrolina
2014-08-23,23.7,30.7,18.2,0.0,6.43,26.5,Petrolina
2014-08-24,24.1,30.8,18.2,0.0,6.86,28.3,Petrolina
2014-08-25,24.1,30.9,18.3,0.0,6.9,25.1,Petrolina
2014-08-26,24.5,31.3,17.9,0.0,6.95,25.9,Petrolina
2014-08-27,25.1,31.4,19.2,0.0,6.4,21.3,Petrolina
2014-08-28,26.2,32.8,19.6,0.0,6.63,19.2,Petrolina
2014-08-29,26.1,32.8,20.9,0.0,6.64,22.3,Petrolina
2014-08-30,26.0,32.7,20.3,0.0,7.26,26.7,Petrolina
2014-08-31,25.2,31.8,19.3,0.0,7.03,25.8,Petrolina
2014-09-01,25.7,32.1,19.1,0.0,6.71,18.3,Petrolina
2014-09-02,27.3,34.2,19.4,0.0,6.52,15.0,Petrolina
2014-09-03,29.0,35.5,21.8,0.0,7.2,16.5,Petrolina
2014-09-04,29.3,34.8,22.8,0.0,6.82,20.4,Petrolina
2014-09-05,25.8,32.2,21.7,0.2,6.67,34.4,Petrolina
2014-09-06,23.7,29.1,20.1,0.0,6.55,32.9,Petrolina
2014-09-07,23.1,27.8,18.2,0.0,5.64,29.3,Petrolina
2014-09-08,23.8,28.8,19.9,0.0,5.71,28.0,Petrolina
2014-09-09,24.9,31.5,19.2,0.0,7.31,29.8,Petrolina
2014-09-10,25.1,32.0,19.0,0.0,7.46,29.0,Petrolina
2014-09-11,24.7,30.2,20.5,0.1,5.33,27.3,Petrolina
2014-09-12,25.4,31.3,20.9,0.9,5.94,22.8,Petrolina
2014-09-13,25.3,31.7,19.8,0.0,7.16,29.3,Petrolina
2014-09-14,24.9,30.9,20.1,0.0,6.35,26.5,Petrolina
2014-09-15,25.1,32.0,19.0,0.0,7.44,23.7,Petrolina
2014-09-16,26.7,33.3,20.5,0.0,7.26,20.3,Petrolina
2014-09-17,27.0,34.7,20.4,0.0,7.98,25.1,Petrolina
2014-09-18,25.6,32.5,19.9,0.0,7.51,27.5,Petrolina
2014-09-19,26.2,32.3,20.2,0.0,6.08,24.5,Petrolina
2014-09-20,26.3,31.0,21.5,0.0,5.37,21.1,Petrolina
2014-09-21,27.8,35.0,20.4,0.0,7.2,17.5,Petrolina
2014-09-22,29.9,37.2,22.3,0.0,8.66,26.8,Petrolina
2014-09-23,27.6,33.8,22.0,0.0,8.24,29.7,Petrolina
2014-09-24,26.8,33.1,20.7,0.0,7.9,26.4,Petrolina
2014-09-25,26.3,33.2,19.7,0.0,7.89,27.3,Petrolina
2014-09-26,26.7,33.7,20.7,0.0,7.37,24.7,Petrolina
2014-09-27,27.9,34.8,20.9,0.0,8.09,24.7,Petrolina
2014-09-28,28.1,34.6,21.7,0.0,8.31,27.4,Petrolina
2014-09-29,28.0,35.1,21.1,0.0,8.34,26.3,Petrolina
2014-09-30,28.4,35.0,22.1,0.0,7.66,21.9,Petrolina
2014-10-01,28.5,35.0,22.1,0.0,7.75,22.9,Petrolina
2014-10-02,28.4,34.6,22.3,0.0,7.92,27.8,Petrolina
2014-10-03,26.4,32.1,22.4,0.0,6.55,29.4,Petrolina
2014-10-04,23.3,26.9,20.7,0.0,5.26,36.5,Petrolina
2014-10-05,23.4,27.7,20.1,0.0,5.86,33.1,Petrolina
2014-10-06,23.6,28.4,19.0,0.0,5.92,34.2,Petrolina
2014-10-07,24.2,29.0,19.7,0.0,6.26,29.9,Petrolina
2014-10-08,24.5,28.2,20.9,0.0,5.51,30.2,Petrolina
2014-10-09,25.0,29.4,20.4,0.0,5.13,29.2,Petrolina
2014-10-10,26.1,33.1,19.8,0.0,7.9,29.8,Petrolina
2014-10-11,26.7,32.8,22.1,0.0,7.18,29.1,Petrolina
2014-10-12,25.7,30.6,20.0,0.0,5.48,26.9,Petrolina
2014-10-13,27.1,34.0,21.6,0.0,8.04,27.6,Petrolina
2014-10-14,27.3,34.3,20.9,0.0,8.16,26.3,Petrolina
2014-10-15,27.7,34.8,21.2,0.0,8.21,22.4,Petrolina
2014-10-16,28.1,35.1,21.0,0.0,8.59,28.7,Petrolina
2014-10-17,27.7,34.6,21.4,0.0,7.87,24.2,Petrolina
2014-10-18,28.2,34.7,22.4,0.0,7.73,20.7,Petrolina
2014-10-19,28.7,35.0,22.1,0.0,7.83,19.6,Petrolina
2014-10-20,29.1,35.2,22.1,0.0,7.65,17.3,Petrolina
2014-10-21,28.9,34.9,23.1,0.0,7.84,24.0,Petrolina
2014-10-22,27.6,33.3,21.9,0.0,7.32,25.5,Petrolina
2014-10-23,27.0,32.5,21.4,0.0,7.15,27.5,Petrolina
2014-10-24,26.2,30.7,21.5,0.5,5.25,23.5,Petrolina
2014-10-25,27.1,32.7,21.5,0.0,5.93,22.8,Petrolina
2014-10-26,28.5,35.3,21.7,0.0,8.6,20.3,Petrolina
2014-10-27,29.0,35.7,22.2,0.0,8.5,21.6,Petrolina
2014-10-28,29.3,35.6,22.9,0.0,8.23,24.0,Petrolina
2014-10-29,29.9,35.7,23.7,0.0,7.98,24.3,Petrolina
2014-10-30,29.0,35.8,23.5,0.0,8.39,26.3,Petrolina
2014-10-31,28.2,34.6,22.3,0.0,8.08,26.1,Petrolina
2014-11-01,27.6,33.2,22.3,0.0,6.89,25.7,Petrolina
2014-11-02,27.8,33.4,22.2,0.0,7.34,24.2,Petrolina
2014-11-03,27.7,33.1,22.1,0.0,7.32,25.0,Petrolina
2014-11-04,27.4,33.1,21.5,0.0,6.19,21.7,Petrolina
2014-11-05,28.5,34.1,22.2,0.0,7.16,21.8,Petrolina
2014-11-06,28.7,34.8,22.9,0.0,7.92,23.7,Petrolina
2014-11-07,27.9,33.9,22.3,0.0,7.52,28.3,Petrolina
2014-11-08,29.0,35.2,22.4,0.0,7.94,20.0,Petrolina
2014-11-09,29.3,33.6,23.5,0.0,5.82,18.8,Petrolina
2014-11-10,30.7,35.7,25.0,0.0,6.95,15.5,Petrolina
2014-11-11,29.7,34.2,24.4,0.5,6.68,20.7,Petrolina
2014-11-12,29.8,35.3,25.5,2.0,6.92,18.5,Petrolina
2014-11-13,28.6,32.7,25.1,1.0,4.88,12.6,Petrolina
2014-11-14,31.2,36.3,26.1,0.0,7.43,16.3,Petrolina
2014-11-15,31.2,35.4,26.8,0.0,6.32,16.9,Petrolina
2014-11-16,29.2,33.8,24.0,14.0,5.87,19.1,Petrolina
2014-11-17,23.6,26.1,22.5,35.5,1.71,11.4,Petrolina
2014-11-18,23.7,26.8,21.5,1.5,2.78,21.4,Petrolina
2014-11-19,23.2,27.0,21.2,2.7,2.45,19.4,Petrolina
2014-11-20,23.7,27.3,21.3,0.2,3.57,26.2,Petrolina
2014-11-21,25.3,30.4,21.0,0.0,5.04,24.2,Petrolina
2014-11-22,25.3,29.8,21.3,0.0,4.62,21.4,Petrolina
2014-11-23,25.2,29.3,21.3,0.3,4.61,18.9,Petrolina
2014-11-24,25.9,31.3,21.1,0.0,6.03,22.1,Petrolina
2014-11-25,26.3,32.0,21.7,0.0,5.55,24.2,Petrolina
2014-11-26,26.4,32.0,21.8,0.0,5.75,21.4,Petrolina
2014-11-27,27.2,34.0,21.2,0.0,7.64,19.6,Petrolina
2014-11-28,28.0,34.5,22.3,0.0,7.77,22.7,Petrolina
2014-11-29,28.2,34.4,22.2,0.0,8.26,21.9,Petrolina
2014-11-30,27.7,34.1,21.3,0.0,8.58,25.2,Petrolina
2014-12-01,26.9,33.7,21.3,0.0,7.94,25.2,Petrolina
2014-12-02,27.0,33.4,21.1,0.0,8.4,26.7,Petrolina
2014-12-03,27.3,34.0,21.3,0.0,7.95,24.6,Petrolina
2014-12-04,27.7,34.4,21.7,0.0,7.75,22.1,Petrolina
2014-12-05,27.9,32.5,23.0,0.0,5.78,18.9,Petrolina
2014-12-06,27.0,31.6,24.1,4.3,4.79,17.6,Petrolina
2014-12-07,27.1,32.0,22.9,0.0,5.92,22.6,Petrolina
2014-12-08,27.0,32.5,22.6,0.0,7.17,23.0,Petrolina
2014-12-09,26.8,33.8,21.0,0.0,7.54,25.3,Petrolina
2014-12-10,27.1,32.9,21.1,0.0,6.78,24.7,Petrolina
2014-12-11,28.0,33.9,22.6,0.0,6.85,25.4,Petrolina
2014-12-12,28.0,34.2,23.2,0.3,7.01,20.9,Petrolina
2014-12-13,28.0,33.8,22.8,0.0,6.36,23.5,Petrolina
2014-12-14,28.3,32.7,23.6,0.0,5.18,18.8,Petrolina
2014-12-15,28.9,33.3,25.0,0.0,5.36,18.9,Petrolina
2014-12-16,27.0,32.6,23.6,14.6,4.55,15.9,Petrolina
2014-12-17,23.6,26.6,22.1,16.7,1.81,11.8,Petrolina
2014-12-18,24.8,28.0,21.2,1.7,3.65,9.9,Petrolina
2014-12-19,26.0,31.2,23.1,2.3,4.57,15.5,Petrolina
2014-12-20,25.0,29.6,22.7,9.4,2.8,15.3,Petrolina
2014-12-21,26.5,31.8,22.6,0.0,5.77,18.6,Petrolina
2014-12-22,26.3,31.7,22.2,0.0,5.99,18.8,Petrolina
2014-12-23,26.3,31.1,22.8,0.4,5.37,20.2,Petrolina
2014-12-24,27.0,32.7,22.8,0.0,6.49,20.9,Petrolina
2014-12-25,27.1,32.2,22.5,0.0,6.62,23.7,Petrolina
2014-12-26,26.2,30.7,21.2,0.0,5.92,27.2,Petrolina
2014-12-27,26.5,32.7,20.8,0.0,7.46,26.4,Petrolina
2014-12-28,26.6,32.1,22.2,0.0,5.56,23.2,Petrolina
2014-12-29,27.3,33.5,21.2,0.0,6.56,20.1,Petrolina
2014-12-30,28.6,34.6,22.6,0.0,6.78,16.3,Petrolina
2014-12-31,27.7,33.6,24.0,3.3,5.61,15.5,Petrolina
2015-01-01,28.1,33.5,23.5,0.0,6.73,19.6,Petrolina
2015-01-02,27.8,32.3,23.2,0.0,5.93,20.5,Petrolina
2015-01-03,28.6,34.1,23.4,0.0,7.37,21.4,Petrolina
2015-01-04,28.3,34.6,23.0,0.0,7.79,20.2,Petrolina
2015-01-05,28.5,32.9,23.2,0.0,6.31,18.7,Petrolina
2015-01-06,29.4,33.8,24.7,0.0,7.36,19.0,Petrolina
2015-01-07,28.6,33.2,23.5,0.0,7.58,24.6,Petrolina
2015-01-08,27.8,33.7,23.1,0.0,7.28,23.5,Petrolina
2015-01-09,28.4,35.0,22.4,0.0,8.4,23.5,Petrolina
2015-01-10,28.6,34.8,22.4,0.0,8.49,21.9,Petrolina
2015-01-11,29.3,35.1,23.2,0.0,7.71,24.8,Petrolina
2015-01-12,29.1,34.4,23.6,0.0,7.67,23.5,Petrolina
2015-01-13,28.7,35.1,22.2,0.0,8.73,24.6,Petrolina
2015-01-14,28.8,34.8,22.5,0.0,8.71,24.3,Petrolina
2015-01-15,28.6,35.0,22.6,0.0,8.19,23.3,Petrolina
2015-01-16,28.7,34.5,22.9,0.0,7.89,24.1,Petrolina
2015-01-17,29.4,35.2,23.4,0.0,8.24,21.6,Petrolina
2015-01-18,29.8,35.9,23.8,0.0,8.62,22.1,Petrolina
2015-01-19,29.4,35.3,23.4,0.2,8.55,22.4,Petrolina
2015-01-20,29.3,35.1,23.5,0.0,8.44,20.5,Petrolina
2015-01-21,28.7,33.5,23.4,0.0,6.82,21.4,Petrolina
2015-01-22,28.7,32.0,24.6,0.0,5.47,18.6,Petrolina
2015-01-23,27.9,33.0,23.5,0.9,6.29,20.1,Petrolina
2015-01-24,28.0,34.1,22.7,0.1,7.53,26.3,Petrolina
2015-01-25,27.3,32.9,23.5,3.8,5.64,20.2,Petrolina
2015-01-26,28.1,33.3,23.6,0.0,6.26,17.9,Petrolina
2015-01-27,28.8,35.1,22.5,0.0,8.14,18.7,Petrolina
2015-01-28,29.0,35.7,22.7,0.0,9.1,23.0,Petrolina
2015-01-29,29.1,35.4,22.5,0.0,8.67,24.9,Petrolina
2015-01-30,29.5,35.3,24.0,0.0,7.16,19.7,Petrolina
2015-01-31,29.7,34.5,24.4,0.0,7.3,20.1,Petrolina
2015-02-01,29.5,35.2,23.8,0.0,8.3,24.3,Petrolina
2015-02-02,29.2,34.6,23.8,0.0,8.12,22.1,Petrolina
2015-02-03,29.2,33.8,24.6,0.0,6.44,19.7,Petrolina
2015-02-04,25.2,28.3,23.2,6.8,2.55,12.1,Petrolina
2015-02-05,26.7,32.4,22.4,1.8,5.21,13.5,Petrolina
2015-02-06,27.8,33.0,23.5,0.2,5.23,14.7,Petrolina
2015-02-07,29.3,34.5,24.2,0.0,6.06,15.4,Petrolina
2015-02-08,29.5,34.6,24.8,0.0,7.16,21.4,Petrolina
2015-02-09,29.2,35.4,23.5,0.0,8.61,27.4,Petrolina
2015-02-10,29.6,36.2,22.8,0.0,9.15,25.9,Petrolina
2015-02-11,29.8,36.2,23.3,0.0,9.0,26.1,Petrolina
2015-02-12,29.9,35.6,24.1,0.0,8.36,24.1,Petrolina
2015-02-13,29.6,34.5,24.3,0.0,7.58,24.5,Petrolina
2015-02-14,29.8,34.9,25.0,0.0,6.8,22.7,Petrolina
2015-02-15,28.7,34.4,24.5,1.9,6.09,18.0,Petrolina
2015-02-16,27.8,33.8,23.7,2.4,6.08,23.2,Petrolina
2015-02-17,29.4,35.7,24.3,0.0,8.31,24.7,Petrolina
2015-02-18,28.4,34.2,24.2,2.4,6.5,25.4,Petrolina
2015-02-19,27.1,33.6,23.4,4.2,5.96,26.0,Petrolina
2015-02-20,26.5,33.2,22.4,6.9,5.84,20.0,Petrolina
2015-02-21,25.8,31.9,22.2,10.6,5.65,24.9,Petrolina
2015-02-22,24.2,28.7,22.3,13.2,3.42,21.9,Petrolina
2015-02-23,24.3,28.8,21.8,7.3,3.56,20.1,Petrolina
2015-02-24,24.6,29.7,21.9,2.0,3.28,18.5,Petrolina
2015-02-25,26.1,30.3,22.4,0.5,5.03,23.2,Petrolina
2015-02-26,26.4,31.8,22.4,0.0,5.47,19.7,Petrolina
2015-02-27,26.7,31.7,22.5,0.3,5.16,16.4,Petrolina
2015-02-28,27.4,32.5,23.7,0.4,5.33,13.3,Petrolina
2015-03-01,26.6,31.8,23.3,4.2,4.17,11.5,Petrolina
2015-03-02,26.0,31.2,21.7,2.4,4.58,17.8,Petrolina
2015-03-03,26.8,31.2,22.8,0.0,5.24,20.5,Petrolina
2015-03-04,27.2,33.0,21.6,0.0,7.34,22.3,Petrolina
2015-03-05,27.6,33.8,22.4,0.0,6.88,21.7,Petrolina
2015-03-06,27.0,33.0,23.5,2.8,5.35,19.8,Petrolina
2015-03-07,27.7,34.0,22.1,0.2,7.13,23.6,Petrolina
2015-03-08,28.9,34.9,23.0,0.0,7.43,19.5,Petrolina
2015-03-09,29.0,34.4,24.8,0.0,6.75,19.4,Petrolina
2015-03-10,28.1,32.7,23.7,6.1,5.77,18.4,Petrolina
2015-03-11,29.5,34.6,24.3,0.1,7.11,18.4,Petrolina
2015-03-12,29.6,35.2,23.3,0.0,7.87,19.9,Petrolina
2015-03-13,29.9,35.8,24.0,0.0,8.49,21.6,Petrolina
2015-03-14,30.0,35.9,23.5,0.0,8.53,20.2,Petrolina
2015-03-15,29.6,35.0,23.7,0.0,7.95,21.4,Petrolina
2015-03-16,29.8,35.9,23.4,0.0,8.27,21.3,Petrolina
2015-03-17,30.2,35.6,24.5,0.0,7.2,20.2,Petrolina
2015-03-18,29.8,35.0,25.0,0.0,7.72,20.4,Petrolina
2015-03-19,29.4,34.8,24.4,0.0,7.5,21.3,Petrolina
2015-03-20,29.2,34.6,24.0,0.0,7.61,21.3,Petrolina
2015-03-21,27.9,32.2,24.6,1.5,5.04,17.4,Petrolina
2015-03-22,24.2,27.9,22.5,128.0,1.4,10.4,Petrolina
2015-03-23,24.2,27.6,22.4,8.7,1.99,9.0,Petrolina
2015-03-24,26.4,30.5,22.8,0.0,4.87,15.5,Petrolina
2015-03-25,26.4,30.3,23.3,1.4,4.18,17.2,Petrolina
2015-03-26,26.9,31.5,23.4,0.0,5.69,15.3,Petrolina
2015-03-27,27.1,31.9,23.2,0.0,5.27,18.0,Petrolina
2015-03-28,27.3,31.9,23.7,0.2,5.27,17.1,Petrolina
2015-03-29,26.5,31.5,21.2,0.0,5.75,16.9,Petrolina
2015-03-30,27.7,32.9,24.1,0.0,5.6,16.4,Petrolina
2015-03-31,28.0,33.5,23.9,0.0,6.59,16.9,Petrolina
2015-04-01,27.0,32.4,21.8,0.0,5.95,17.2,Petrolina
2015-04-02,27.2,32.8,22.2,0.0,5.39,14.3,Petrolina
2015-04-03,28.1,34.3,22.4,0.0,7.02,23.6,Petrolina
2015-04-04,28.4,33.6,23.9,0.0,6.48,19.9,Petrolina
2015-04-05,27.9,32.0,23.2,1.5,5.16,15.9,Petrolina
2015-04-06,27.4,31.7,24.1,0.5,4.82,12.4,Petrolina
2015-04-07,28.0,32.3,24.3,0.3,5.08,14.2,Petrolina
2015-04-08,26.6,31.9,23.2,7.8,4.45,10.4,Petrolina
2015-04-09,26.6,30.8,23.3,1.7,4.69,22.0,Petrolina
2015-04-10,26.6,31.0,23.4,0.2,5.09,25.0,Petrolina
2015-04-11,25.6,29.8,23.2,0.9,4.65,22.9,Petrolina
2015-04-12,26.4,31.2,22.3,0.0,5.11,21.7,Petrolina
2015-04-13,26.7,31.2,23.0,0.0,4.99,21.3,Petrolina
2015-04-14,26.7,31.6,23.4,0.6,5.22,23.6,Petrolina
2015-04-15,27.3,33.7,22.8,0.0,6.47,21.9,Petrolina
2015-04-16,27.8,33.6,22.7,0.0,6.55,18.3,Petrolina
2015-04-17,28.2,33.9,22.6,0.0,6.72,19.8,Petrolina
2015-04-18,28.8,35.1,23.5,0.0,7.21,22.9,Petrolina
2015-04-19,29.1,34.8,23.4,0.0,7.11,21.7,Petrolina
2015-04-20,29.0,33.8,24.5,0.0,5.86,18.5,Petrolina
2015-04-21,27.6,32.4,24.2,0.2,4.11,17.8,Petrolina
2015-04-22,28.9,34.1,24.0,0.0,5.59,14.2,Petrolina
2015-04-23,28.0,32.5,24.7,3.9,5.0,12.7,Petrolina
2015-04-24,27.2,32.4,23.9,3.2,4.69,17.3,Petrolina
2015-04-25,27.6,32.9,23.6,0.0,4.88,15.5,Petrolina
2015-04-26,27.7,32.1,23.5,0.1,4.95,15.9,Petrolina
2015-04-27,27.8,32.7,23.9,0.3,5.48,22.8,Petrolina
2015-04-28,27.1,32.0,23.2,0.0,5.11,22.6,Petrolina
2015-04-29,27.9,33.6,23.5,0.0,5.83,20.1,Petrolina
2015-04-30,27.6,32.3,23.7,0.0,5.35,21.6,Petrolina
2015-05-01,27.4,33.0,23.5,0.0,5.57,20.5,Petrolina
2015-05-02,26.8,32.6,22.7,0.0,5.54,23.9,Petrolina
2015-05-03,26.1,31.7,22.7,0.5,4.77,27.4,Petrolina
2015-05-04,26.7,31.2,23.0,0.0,4.62,21.8,Petrolina
2015-05-05,27.1,33.0,22.3,0.0,5.6,19.9,Petrolina
2015-05-06,27.4,32.9,22.8,0.0,5.71,18.1,Petrolina
2015-05-07,27.7,33.4,22.9,0.3,5.55,18.0,Petrolina
2015-05-08,28.6,34.0,23.3,0.0,6.62,24.2,Petrolina
2015-05-09,27.6,33.6,23.7,0.0,6.43,24.3,Petrolina
2015-05-10,27.4,32.3,23.0,0.0,5.69,25.0,Petrolina
2015-05-11,27.7,32.9,23.3,0.3,5.51,19.5,Petrolina
2015-05-12,28.5,34.2,22.7,0.0,6.03,18.5,Petrolina
2015-05-13,29.1,34.5,23.6,0.0,7.36,22.7,Petrolina
2015-05-14,27.5,32.7,22.8,0.0,6.32,25.8,Petrolina
2015-05-15,25.2,30.0,22.4,0.8,5.04,30.7,Petrolina
2015-05-16,24.8,28.7,22.1,0.0,4.22,29.8,Petrolina
2015-05-17,24.9,29.6,22.7,1.4,3.97,29.5,Petrolina
2015-05-18,24.7,29.0,21.9,1.0,3.69,27.3,Petrolina
2015-05-19,24.6,28.1,22.2,0.1,3.56,29.6,Petrolina
2015-05-20,25.3,29.8,22.1,0.5,4.31,23.2,Petrolina
2015-05-21,25.2,29.4,22.1,0.2,4.1,27.3,Petrolina
2015-05-22,24.6,28.9,22.0,1.5,4.03,34.1,Petrolina
2015-05-23,23.8,26.1,21.7,0.0,3.16,30.1,Petrolina
2015-05-24,23.9,27.0,21.4,0.2,2.98,26.0,Petrolina
2015-05-25,24.7,29.0,21.8,0.8,3.22,24.6,Petrolina
2015-05-26,25.1,30.0,21.9,0.9,3.55,23.4,Petrolina
2015-05-27,25.5,30.1,22.6,0.2,4.41,22.1,Petrolina
2015-05-28,24.9,29.1,21.1,0.0,4.29,24.0,Petrolina
2015-05-29,25.2,31.3,19.6,0.0,5.29,22.2,Petrolina
2015-05-30,25.9,32.0,20.6,0.0,5.51,23.2,Petrolina
2015-05-31,26.1,31.1,21.6,0.0,5.01,24.8,Petrolina
2015-06-01,25.3,29.1,21.1,0.0,4.32,20.4,Petrolina
2015-06-02,25.8,31.3,21.6,0.0,5.22,23.0,Petrolina
2015-06-03,25.3,29.9,21.4,0.0,5.08,25.8,Petrolina
2015-06-04,25.1,29.5,22.0,0.5,4.26,25.8,Petrolina
2015-06-05,24.9,29.5,21.7,0.0,4.12,25.5,Petrolina
2015-06-06,25.0,29.8,21.5,0.0,4.05,26.5,Petrolina
2015-06-07,24.9,29.1,21.8,0.0,3.89,22.5,Petrolina
2015-06-08,25.1,30.2,21.6,0.2,4.22,23.9,Petrolina
2015-06-09,25.8,31.7,21.8,0.0,5.32,20.3,Petrolina
2015-06-10,25.6,31.8,21.3,0.0,5.74,21.0,Petrolina
2015-06-11,25.1,30.0,21.7,0.0,4.26,26.8,Petrolina
2015-06-12,25.3,29.9,21.4,0.0,4.57,22.1,Petrolina
2015-06-13,25.7,31.1,22.1,0.0,4.79,21.5,Petrolina
2015-06-14,25.4,30.2,21.5,0.0,3.87,21.3,Petrolina
2015-06-15,25.8,31.5,21.7,0.0,4.56,17.3,Petrolina
2015-06-16,26.4,32.5,21.3,0.0,6.0,25.5,Petrolina
2015-06-17,25.0,30.5,21.0,0.0,5.9,24.9,Petrolina
2015-06-18,23.8,27.3,20.1,0.0,3.75,22.1,Petrolina
2015-06-19,25.0,30.8,21.0,0.0,5.55,23.5,Petrolina
2015-06-20,25.3,30.6,21.6,0.0,5.82,28.0,Petrolina
2015-06-21,24.5,28.2,21.6,0.0,4.42,27.7,Petrolina
2015-06-22,23.8,28.4,20.5,0.4,4.01,24.1,Petrolina
2015-06-23,23.7,27.8,20.2,0.0,3.32,20.9,Petrolina
2015-06-24,23.7,27.2,21.2,1.3,2.97,24.1,Petrolina
2015-06-25,23.1,25.8,21.0,0.3,2.98,31.3,Petrolina
2015-06-26,22.9,26.8,20.3,0.4,3.68,32.1,Petrolina
2015-06-27,22.6,26.1,20.4,0.3,3.12,27.8,Petrolina
2015-06-28,22.9,26.2,20.5,0.0,2.94,25.8,Petrolina
2015-06-29,24.2,28.9,20.9,0.0,4.0,26.7,Petrolina
2015-06-30,24.3,28.1,21.2,0.5,3.92,27.8,Petrolina
2015-07-01,24.4,28.7,21.0,0.0,4.47,26.4,Petrolina
2015-07-02,23.7,26.6,20.7,0.0,3.44,26.2,Petrolina
2015-07-03,24.5,28.3,21.5,0.0,3.53,23.8,Petrolina
2015-07-04,25.2,29.9,21.6,0.2,4.01,23.7,Petrolina
2015-07-05,24.7,28.5,21.9,0.0,2.9,20.2,Petrolina
2015-07-06,25.4,30.5,21.8,0.0,5.45,29.1,Petrolina
2015-07-07,24.3,28.8,21.4,0.0,4.03,26.2,Petrolina
2015-07-08,24.0,29.0,21.3,0.0,3.19,22.4,Petrolina
2015-07-09,24.8,29.9,20.9,0.0,4.77,22.2,Petrolina
2015-07-10,25.2,32.0,20.6,0.0,5.34,24.4,Petrolina
2015-07-11,25.5,31.6,20.4,0.0,6.06,24.7,Petrolina
2015-07-12,24.4,31.1,19.4,0.0,5.64,23.6,Petrolina
2015-07-13,25.7,32.1,20.7,0.0,5.89,22.9,Petrolina
2015-07-14,24.9,30.8,19.9,0.0,6.31,29.1,Petrolina
2015-07-15,24.5,28.9,21.5,0.0,5.07,34.0,Petrolina
2015-07-16,24.2,30.5,20.7,0.1,5.24,33.7,Petrolina
2015-07-17,24.0,29.3,19.8,0.0,5.45,25.9,Petrolina
2015-07-18,23.7,29.4,19.8,0.0,5.5,28.1,Petrolina
2015-07-19,23.2,28.2,18.4,0.0,5.17,27.2,Petrolina
2015-07-20,23.5,28.0,19.6,0.0,4.07,27.1,Petrolina
2015-07-21,23.9,30.2,18.8,0.0,5.76,24.0,Petrolina
2015-07-22,24.6,30.9,18.9,0.0,6.06,23.2,Petrolina
2015-07-23,23.6,27.6,20.7,0.8,3.8,25.8,Petrolina
2015-07-24,23.6,27.4,21.2,0.1,3.51,23.0,Petrolina
2015-07-25,24.4,30.5,20.3,0.0,5.43,23.7,Petrolina
2015-07-26,23.9,28.1,19.9,0.0,3.69,21.4,Petrolina
2015-07-27,25.7,31.5,21.4,0.0,6.2,22.0,Petrolina
2015-07-28,25.3,31.9,20.3,0.0,6.13,27.5,Petrolina
2015-07-29,24.9,30.9,20.1,0.0,6.42,26.0,Petrolina
2015-07-30,24.8,31.2,20.5,0.0,6.13,29.3,Petrolina
2015-07-31,23.7,27.5,19.8,0.0,4.54,28.6,Petrolina
2015-08-01,23.1,28.1,17.3,0.0,4.72,26.0,Petrolina
2015-08-02,23.8,29.2,20.5,0.0,5.55,26.3,Petrolina
2015-08-03,23.7,29.9,18.5,0.0,5.78,27.0,Petrolina
2015-08-04,23.6,29.9,18.6,0.0,6.35,22.1,Petrolina
2015-08-05,24.3,30.8,17.9,0.0,6.15,19.3,Petrolina
2015-08-06,25.0,31.2,20.3,0.0,5.49,22.5,Petrolina
2015-08-07,24.6,30.6,19.5,0.0,6.49,22.2,Petrolina
2015-08-08,23.8,30.0,17.8,0.0,6.59,23.4,Petrolina
2015-08-09,23.9,30.7,19.0,0.0,6.05,24.0,Petrolina
2015-08-10,23.4,27.6,19.6,0.1,4.4,27.9,Petrolina
2015-08-11,23.3,29.0,19.3,0.0,6.17,33.4,Petrolina
2015-08-12,22.2,27.6,17.7,0.0,5.48,31.9,Petrolina
2015-08-13,23.1,28.9,18.5,0.0,6.55,29.0,Petrolina
2015-08-14,23.8,28.4,19.8,0.3,4.69,28.8,Petrolina
2015-08-15,24.4,29.6,20.1,0.4,4.86,25.4,Petrolina
2015-08-16,23.6,27.9,19.6,0.0,4.93,27.9,Petrolina
2015-08-17,23.6,28.2,18.9,0.0,5.38,29.6,Petrolina
2015-08-18,24.6,31.1,20.0,0.0,6.65,25.4,Petrolina
2015-08-19,24.5,29.9,20.3,0.3,5.1,25.0,Petrolina
2015-08-20,25.1,31.3,19.4,0.0,6.05,21.6,Petrolina
2015-08-21,26.1,33.3,19.2,0.0,6.8,24.5,Petrolina
2015-08-22,26.1,33.0,20.6,0.0,7.05,24.0,Petrolina
2015-08-23,25.3,31.7,20.0,0.0,6.45,24.0,Petrolina
2015-08-24,25.6,32.4,19.9,0.0,6.96,21.4,Petrolina
2015-08-25,25.9,32.7,19.8,0.0,7.32,21.5,Petrolina
2015-08-26,27.1,33.1,21.4,0.0,6.42,23.4,Petrolina
2015-08-27,27.1,33.6,21.8,0.0,6.81,22.2,Petrolina
2015-08-28,26.8,33.1,20.6,0.0,7.83,25.1,Petrolina
2015-08-29,26.1,32.8,19.7,0.0,7.5,27.9,Petrolina
2015-08-30,25.7,31.7,20.5,0.0,6.8,26.6,Petrolina
2015-08-31,25.0,31.6,19.2,0.0,6.87,27.2,Petrolina
2015-09-01,25.1,31.7,19.6,0.0,6.17,23.6,Petrolina
2015-09-02,26.4,33.4,19.5,0.0,7.55,25.2,Petrolina
2015-09-03,26.2,32.7,20.3,0.0,7.14,24.7,Petrolina
2015-09-04,26.9,34.0,20.2,0.0,7.23,18.7,Petrolina
2015-09-05,28.0,35.6,20.5,0.0,7.54,16.6,Petrolina
2015-09-06,28.3,35.8,20.9,0.0,8.51,21.4,Petrolina
2015-09-07,27.2,34.2,20.0,0.0,8.05,22.5,Petrolina
2015-09-08,27.5,34.6,20.3,0.0,7.92,20.0,Petrolina
2015-09-09,27.9,34.6,21.1,0.0,7.64,20.9,Petrolina
2015-09-10,27.5,34.7,21.1,0.0,8.14,24.5,Petrolina
2015-09-11,27.0,33.7,20.1,0.0,7.45,22.7,Petrolina
2015-09-12,27.8,34.8,20.9,0.0,7.84,21.0,Petrolina
2015-09-13,27.7,34.4,21.5,0.0,7.73,22.5,Petrolina
2015-09-14,27.0,33.6,20.8,0.0,8.0,24.2,Petrolina
2015-09-15,26.8,32.1,22.6,0.0,6.89,27.2,Petrolina
2015-09-16,25.4,32.2,20.0,0.0,6.35,28.5,Petrolina
2015-09-17,26.1,31.9,20.8,0.0,6.84,25.2,Petrolina
2015-09-18,25.4,31.0,20.5,0.1,5.36,25.0,Petrolina
2015-09-19,26.6,33.2,21.3,0.0,6.66,22.7,Petrolina
2015-09-20,26.9,33.6,21.5,0.0,7.34,23.4,Petrolina
2015-09-21,26.9,33.9,20.6,0.0,7.91,21.9,Petrolina
2015-09-22,26.6,33.5,19.8,0.0,7.96,25.4,Petrolina
2015-09-23,27.2,34.5,20.5,0.0,7.8,23.7,Petrolina
2015-09-24,27.5,34.4,20.8,0.0,8.06,22.5,Petrolina
2015-09-25,27.8,34.5,21.1,0.0,7.67,21.3,Petrolina
2015-09-26,28.3,35.1,21.3,0.0,8.28,23.5,Petrolina
2015-09-27,27.4,34.0,21.8,0.0,7.71,25.1,Petrolina
2015-09-28,27.8,34.4,21.1,0.0,7.89,21.8,Petrolina
2015-09-29,28.2,35.3,21.3,0.0,8.44,22.4,Petrolina
2015-09-30,28.1,35.6,20.9,0.0,8.78,25.4,Petrolina
2015-10-01,27.7,33.8,22.8,0.1,7.13,24.5,Petrolina
2015-10-02,26.7,33.3,20.3,0.0,7.99,24.0,Petrolina
2015-10-03,27.8,35.1,20.5,0.0,8.26,24.8,Petrolina
2015-10-04,28.9,36.0,22.0,0.0,8.17,20.0,Petrolina
2015-10-05,30.4,37.5,22.6,0.0,8.1,21.1,Petrolina
2015-10-06,29.6,35.0,24.5,0.0,7.25,23.7,Petrolina
2015-10-07,28.4,33.8,23.2,0.0,7.5,25.2,Petrolina
2015-10-08,26.4,31.0,22.5,0.0,6.08,30.6,Petrolina
2015-10-09,26.0,30.5,21.9,0.3,6.25,28.1,Petrolina
2015-10-10,27.2,33.8,21.3,0.0,7.98,24.5,Petrolina
2015-10-11,26.8,33.1,20.7,0.0,8.18,28.5,Petrolina
2015-10-12,26.6,33.6,20.6,0.0,8.09,26.1,Petrolina
2015-10-13,27.7,35.0,20.6,0.0,8.47,25.6,Petrolina
2015-10-14,27.5,33.6,21.9,0.1,6.76,25.8,Petrolina
2015-10-15,28.1,34.5,22.1,0.0,8.36,29.0,Petrolina
2015-10-16,27.5,34.9,21.0,0.0,8.41,26.2,Petrolina
2015-10-17,27.5,34.8,20.4,0.0,8.33,22.4,Petrolina
2015-10-18,27.7,34.9,20.6,0.0,8.63,21.8,Petrolina
2015-10-19,27.5,33.4,22.2,0.0,6.7,26.3,Petrolina
2015-10-20,28.2,34.3,21.9,0.0,7.75,22.3,Petrolina
2015-10-21,28.9,35.9,21.8,0.0,8.01,20.1,Petrolina
2015-10-22,30.1,36.0,23.0,0.0,7.99,18.7,Petrolina
2015-10-23,30.6,36.9,23.8,0.0,8.46,19.4,Petrolina
2015-10-24,29.9,34.9,24.9,0.0,7.39,23.7,Petrolina
2015-10-25,29.1,35.9,23.0,0.0,8.79,23.8,Petrolina
2015-10-26,28.3,34.8,22.0,0.0,8.55,22.6,Petrolina
2015-10-27,28.7,35.7,21.8,0.0,9.12,21.9,Petrolina
2015-10-28,29.1,35.8,22.3,0.0,8.41,21.5,Petrolina
2015-10-29,29.9,35.7,22.9,0.0,7.84,19.4,Petrolina
2015-10-30,29.4,33.9,24.4,0.0,7.19,23.9,Petrolina
2015-10-31,28.2,32.4,24.0,0.1,6.53,21.3,Petrolina
2015-11-01,28.1,33.1,23.1,0.0,7.14,21.3,Petrolina
2015-11-02,28.4,34.4,22.1,0.0,8.5,27.2,Petrolina
2015-11-03,29.0,36.0,22.8,0.0,8.74,26.8,Petrolina
2015-11-04,28.7,35.2,22.2,0.0,8.68,25.4,Petrolina
2015-11-05,29.5,35.8,22.6,0.0,7.85,19.0,Petrolina
2015-11-06,30.9,36.9,23.8,0.0,8.05,19.2,Petrolina
2015-11-07,30.5,36.9,24.1,0.0,8.86,23.4,Petrolina
2015-11-08,28.2,33.9,23.0,0.0,7.38,23.9,Petrolina
2015-11-09,27.6,32.4,22.1,0.0,6.77,26.5,Petrolina
2015-11-10,27.5,32.9,22.4,0.0,6.82,25.2,Petrolina
2015-11-11,27.9,34.8,20.8,0.0,8.88,28.2,Petrolina
2015-11-12,29.0,36.3,21.5,0.0,8.43,20.3,Petrolina
2015-11-13,31.0,37.8,23.1,0.0,8.73,17.2,Petrolina
2015-11-14,31.7,37.7,25.2,0.0,8.17,17.3,Petrolina
2015-11-15,31.6,36.6,25.7,0.0,8.25,18.8,Petrolina
2015-11-16,31.8,36.6,26.2,0.0,8.24,20.9,Petrolina
2015-11-17,31.1,37.3,25.4,0.0,8.84,21.3,Petrolina
2015-11-18,30.8,36.7,24.6,0.0,8.4,19.0,Petrolina
2015-11-19,30.7,36.4,23.7,0.0,7.9,18.0,Petrolina
2015-11-20,31.7,36.9,25.4,0.0,7.11,18.9,Petrolina
2015-11-21,32.0,36.8,27.2,0.0,7.98,17.4,Petrolina
2015-11-22,31.1,37.1,25.0,0.0,8.22,20.2,Petrolina
2015-11-23,31.2,36.3,25.0,0.0,7.63,19.3,Petrolina
2015-11-24,31.8,36.4,26.1,0.0,7.16,17.7,Petrolina
2015-11-25,31.7,35.6,27.8,0.0,6.44,13.2,Petrolina
2015-11-26,31.9,36.7,27.8,0.5,6.36,16.1,Petrolina
2015-11-27,31.7,35.9,27.1,0.4,6.74,17.6,Petrolina
2015-11-28,30.9,35.9,25.8,0.0,7.76,23.7,Petrolina
2015-11-29,31.3,37.2,24.8,0.0,8.6,24.7,Petrolina
2015-11-30,31.0,37.6,24.1,0.0,9.72,21.5,Petrolina
2015-12-01,30.7,37.5,23.9,0.0,9.64,23.6,Petrolina
2015-12-02,30.1,36.9,22.9,0.0,9.13,22.9,Petrolina
2015-12-03,31.2,37.4,24.1,0.0,8.08,19.8,Petrolina
2015-12-04,32.2,37.5,25.8,0.0,7.6,15.6,Petrolina
2015-12-05,32.1,35.9,28.6,0.0,6.36,14.7,Petrolina
2015-12-06,30.8,34.9,28.0,1.6,5.9,11.8,Petrolina
2015-12-07,31.4,35.7,27.6,0.2,6.83,15.2,Petrolina
2015-12-08,31.7,37.6,25.7,0.0,9.1,20.6,Petrolina
2015-12-09,30.0,36.5,23.4,0.0,9.03,22.8,Petrolina
2015-12-10,29.6,35.6,23.3,0.0,8.13,21.3,Petrolina
2015-12-11,30.9,36.2,24.3,0.0,7.93,18.7,Petrolina
2015-12-12,31.5,37.0,24.9,0.0,8.69,20.3,Petrolina
2015-12-13,31.0,37.4,25.1,0.0,9.5,24.3,Petrolina
2015-12-14,29.5,36.1,23.1,0.0,9.45,27.7,Petrolina
2015-12-15,29.4,35.8,23.3,0.0,8.86,22.2,Petrolina
2015-12-16,29.9,36.3,23.1,0.0,8.71,20.8,Petrolina
2015-12-17,30.3,36.4,24.4,0.0,8.9,20.3,Petrolina
2015-12-18,30.0,35.8,24.2,0.0,8.66,25.3,Petrolina
2015-12-19,28.5,35.2,24.2,1.8,6.91,23.1,Petrolina
2015-12-20,29.1,35.2,23.8,0.2,8.07,20.3,Petrolina
2015-12-21,28.6,35.1,23.4,0.0,8.06,24.8,Petrolina
2015-12-22,28.7,34.6,24.0,0.0,8.13,27.0,Petrolina
2015-12-23,28.6,35.0,23.1,0.0,8.6,29.6,Petrolina
2015-12-24,28.0,33.3,22.8,0.3,7.06,27.8,Petrolina
2015-12-25,28.0,33.2,23.5,2.3,6.89,22.7,Petrolina
2015-12-26,29.0,35.3,23.4,0.0,7.68,24.1,Petrolina
2015-12-27,28.7,34.6,23.2,0.9,7.82,23.9,Petrolina
2015-12-28,28.8,35.4,23.4,0.2,7.52,22.7,Petrolina
2015-12-29,27.8,33.1,24.5,3.6,5.98,20.6,Petrolina
2015-12-30,27.9,33.3,23.8,0.0,6.67,18.5,Petrolina
2015-12-31,28.4,33.9,23.4,0.0,6.78,24.0,Petrolina
2016-01-01,29.1,34.1,24.4,0.0,6.61,16.6,Petrolina
2016-01-02,30.1,34.8,24.8,0.0,6.1,12.3,Petrolina
2016-01-03,31.4,36.1,27.2,0.0,6.25,15.2,Petrolina
2016-01-04,29.2,35.4,25.1,13.4,5.78,15.7,Petrolina
2016-01-05,26.8,31.5,23.3,6.1,3.89,16.9,Petrolina
2016-01-06,25.3,27.9,23.3,19.4,2.66,17.3,Petrolina
2016-01-07,25.1,28.2,22.6,15.8,3.17,11.1,Petrolina
2016-01-08,23.5,24.7,22.6,38.9,0.96,14.1,Petrolina
2016-01-09,25.0,28.8,22.3,3.5,3.48,20.8,Petrolina
2016-01-10,26.0,30.3,22.7,0.8,4.92,21.3,Petrolina
2016-01-11,26.5,31.4,22.9,0.5,5.44,20.5,Petrolina
2016-01-12,26.8,31.4,23.5,0.0,5.01,18.3,Petrolina
2016-01-13,27.0,31.0,23.6,0.0,4.26,18.4,Petrolina
2016-01-14,25.3,28.6,22.9,5.6,3.02,9.0,Petrolina
2016-01-15,26.1,30.3,22.4,4.7,4.1,9.1,Petrolina
2016-01-16,26.6,31.2,23.5,4.2,3.95,8.5,Petrolina
2016-01-17,24.3,26.1,23.2,14.3,1.56,8.9,Petrolina
2016-01-18,25.8,29.5,22.9,5.5,3.59,9.8,Petrolina
2016-01-19,25.1,28.2,22.9,5.4,1.97,11.9,Petrolina
2016-01-20,24.2,25.6,23.3,9.7,1.63,10.4,Petrolina
2016-01-21,24.2,26.1,22.7,11.6,1.87,9.4,Petrolina
2016-01-22,23.6,24.7,22.7,18.4,1.22,8.7,Petrolina
2016-01-23,24.8,27.8,22.5,13.5,3.48,11.8,Petrolina
2016-01-24,25.1,28.6,22.7,6.7,2.98,10.5,Petrolina
2016-01-25,25.9,29.8,23.3,9.9,3.89,14.1,Petrolina
2016-01-26,25.8,29.7,23.2,2.5,3.42,13.0,Petrolina
2016-01-27,25.9,28.9,23.5,1.6,3.11,14.4,Petrolina
2016-01-28,24.8,29.4,22.4,2.3,3.66,12.5,Petrolina
2016-01-29,25.5,30.8,21.7,0.3,5.78,23.2,Petrolina
2016-01-30,25.0,29.9,21.2,0.2,5.46,26.9,Petrolina
2016-01-31,24.7,29.9,20.6,0.9,5.48,22.2,Petrolina
2016-02-01,25.2,29.9,21.8,1.8,4.63,22.5,Petrolina
2016-02-02,25.5,29.9,22.2,0.5,4.7,19.4,Petrolina
2016-02-03,25.5,29.3,22.4,0.2,3.75,16.5,Petrolina
2016-02-04,26.0,31.0,21.6,0.0,6.14,18.1,Petrolina
2016-02-05,26.2,31.6,21.2,0.0,6.44,21.4,Petrolina
2016-02-06,26.3,31.9,22.4,0.0,6.53,20.9,Petrolina
2016-02-07,26.4,31.8,21.2,0.0,7.04,20.1,Petrolina
2016-02-08,26.4,32.3,21.1,0.0,7.03,21.5,Petrolina
2016-02-09,26.7,33.0,20.7,0.0,7.31,21.4,Petrolina
2016-02-10,27.5,33.0,22.5,0.0,6.49,20.9,Petrolina
2016-02-11,28.4,33.8,23.1,0.2,6.11,15.3,Petrolina
2016-02-12,29.2,34.3,23.8,0.0,5.76,12.3,Petrolina
2016-02-13,28.0,32.2,24.6,1.8,5.2,7.9,Petrolina
2016-02-14,27.1,32.4,24.4,3.0,4.93,14.2,Petrolina
2016-02-15,28.2,34.5,23.3,0.0,7.4,19.0,Petrolina
2016-02-16,28.1,33.6,23.8,0.2,6.41,26.1,Petrolina
2016-02-17,28.1,33.6,22.8,0.0,8.06,24.3,Petrolina
2016-02-18,27.9,33.7,22.6,0.0,6.5,20.5,Petrolina
2016-02-19,27.2,32.4,23.7,0.1,5.55,20.7,Petrolina
2016-02-20,27.9,34.2,23.7,1.4,6.05,23.2,Petrolina
2016-02-21,28.3,34.7,22.2,0.0,8.17,25.7,Petrolina
2016-02-22,28.1,34.7,22.2,0.0,8.01,26.6,Petrolina
2016-02-23,28.4,35.1,22.2,0.0,8.09,24.9,Petrolina
2016-02-24,29.3,35.6,23.5,0.0,7.83,21.3,Petrolina
2016-02-25,29.4,35.7,24.3,0.2,7.62,20.0,Petrolina
2016-02-26,29.2,35.6,23.3,0.0,7.68,20.7,Petrolina
2016-02-27,28.9,35.9,23.0,0.0,8.24,22.9,Petrolina
2016-02-28,28.9,35.7,22.7,0.0,8.03,23.7,Petrolina
2016-02-29,29.8,36.0,24.0,0.0,8.31,21.6,Petrolina
2016-03-01,29.5,35.7,24.2,0.0,8.52,24.2,Petrolina
2016-03-02,28.9,35.3,22.8,0.0,8.35,22.0,Petrolina
2016-03-03,29.1,34.9,23.3,0.0,6.81,17.8,Petrolina
2016-03-04,30.2,35.9,24.6,0.0,7.29,19.4,Petrolina
2016-03-05,30.5,34.9,26.3,0.0,7.19,21.5,Petrolina
2016-03-06,29.5,36.0,23.9,0.0,8.15,24.8,Petrolina
2016-03-07,29.5,35.6,23.8,0.0,8.1,25.4,Petrolina
2016-03-08,29.1,34.1,23.9,0.0,6.54,22.6,Petrolina
2016-03-09,29.1,33.9,23.8,0.0,6.63,23.7,Petrolina
2016-03-10,30.2,35.7,24.5,0.0,7.85,19.1,Petrolina
2016-03-11,29.9,33.9,25.5,0.0,6.35,15.7,Petrolina
2016-03-12,29.5,34.6,25.6,0.0,5.67,17.8,Petrolina
2016-03-13,30.2,35.5,25.1,0.0,8.08,21.9,Petrolina
2016-03-14,29.3,35.2,23.5,0.0,8.18,24.6,Petrolina
2016-03-15,29.5,35.4,23.5,0.0,8.26,23.7,Petrolina
2016-03-16,29.5,34.9,23.6,0.0,8.18,24.1,Petrolina
2016-03-17,29.8,35.0,24.4,0.0,7.49,22.7,Petrolina
2016-03-18,29.4,33.4,25.1,0.7,5.98,20.1,Petrolina
2016-03-19,30.0,34.9,25.6,0.0,6.7,18.5,Petrolina
2016-03-20,29.6,35.1,25.3,0.2,6.46,19.2,Petrolina
2016-03-21,29.7,34.6,24.9,0.2,6.71,18.8,Petrolina
2016-03-22,30.7,36.3,25.6,0.0,7.71,17.4,Petrolina
2016-03-23,30.0,34.9,25.9,0.3,6.26,19.4,Petrolina
2016-03-24,28.8,32.9,24.6,4.1,4.92,14.7,Petrolina
2016-03-25,29.8,35.7,24.7,0.0,7.9,23.3,Petrolina
2016-03-26,30.1,36.0,23.8,0.0,8.06,23.1,Petrolina
2016-03-27,30.1,35.8,24.7,0.0,7.59,23.7,Petrolina
2016-03-28,29.9,35.8,24.1,0.0,8.81,24.0,Petrolina
2016-03-29,29.4,35.4,23.9,0.0,7.57,25.7,Petrolina
2016-03-30,28.7,33.4,24.7,0.2,5.89,19.6,Petrolina
2016-03-31,29.3,35.0,25.3,0.0,7.95,28.3,Petrolina
2016-04-01,28.5,35.0,23.1,0.0,7.08,23.3,Petrolina
2016-04-02,28.4,34.1,22.7,0.0,7.15,20.0,Petrolina
2016-04-03,28.4,33.6,23.3,0.0,6.06,19.8,Petrolina
2016-04-04,29.4,34.9,24.4,0.0,7.08,19.4,Petrolina
2016-04-05,27.9,31.5,23.4,0.6,5.85,23.6,Petrolina
2016-04-06,29.1,34.5,24.2,0.0,7.15,21.1,Petrolina
2016-04-07,29.3,34.8,23.8,0.0,6.93,20.2,Petrolina
2016-04-08,29.5,34.5,24.7,0.0,5.87,15.5,Petrolina
2016-04-09,30.6,35.3,25.7,0.0,6.67,21.4,Petrolina
2016-04-10,30.2,35.6,25.4,0.0,7.5,21.3,Petrolina
2016-04-11,29.9,35.2,25.0,0.0,7.34,22.6,Petrolina
2016-04-12,29.4,34.2,24.7,0.0,7.6,25.6,Petrolina
2016-04-13,28.8,34.5,22.5,0.0,8.08,27.7,Petrolina
2016-04-14,27.7,32.5,24.4,0.8,6.05,25.3,Petrolina
2016-04-15,28.2,32.4,23.7,0.0,6.17,26.6,Petrolina
2016-04-16,28.3,34.4,22.6,0.0,7.4,26.7,Petrolina
2016-04-17,28.1,32.9,23.7,0.0,6.8,26.4,Petrolina
2016-04-18,27.8,32.7,24.1,0.1,5.82,29.2,Petrolina
2016-04-19,27.8,34.2,21.9,0.0,7.18,26.6,Petrolina
2016-04-20,27.4,33.6,21.3,0.0,7.18,23.2,Petrolina
2016-04-21,27.6,33.0,21.9,0.0,6.14,26.0,Petrolina
2016-04-22,28.6,33.9,23.2,0.0,6.82,22.2,Petrolina
2016-04-23,28.4,34.6,22.6,0.0,7.21,23.8,Petrolina
2016-04-24,28.3,34.3,22.5,0.0,7.2,22.4,Petrolina
2016-04-25,28.4,34.4,22.7,0.0,7.12,23.4,Petrolina
2016-04-26,28.5,34.3,22.8,0.0,6.87,18.4,Petrolina
2016-04-27,29.3,35.3,23.3,0.0,7.1,20.8,Petrolina
2016-04-28,29.9,35.9,24.3,0.0,7.43,19.3,Petrolina
2016-04-29,29.3,34.8,23.9,0.0,7.1,19.5,Petrolina
2016-04-30,29.3,34.9,24.2,0.0,6.72,19.0,Petrolina
2016-05-01,29.6,35.6,23.5,0.0,7.59,19.8,Petrolina
2016-05-02,28.9,34.6,23.6,0.0,7.53,22.6,Petrolina
2016-05-03,27.1,32.1,23.8,0.5,5.64,24.2,Petrolina
2016-05-04,27.2,32.4,22.7,0.0,5.58,22.3,Petrolina
2016-05-05,27.2,32.9,21.2,0.0,7.03,21.8,Petrolina
2016-05-06,27.5,33.1,22.6,0.0,6.77,23.8,Petrolina
2016-05-07,27.2,32.0,22.0,0.0,6.26,25.1,Petrolina
2016-05-08,26.8,32.3,21.5,0.0,6.47,24.1,Petrolina
2016-05-09,26.8,31.9,21.0,0.0,6.37,23.3,Petrolina
2016-05-10,27.3,32.4,22.0,0.0,5.89,22.2,Petrolina
2016-05-11,27.9,32.7,24.0,0.0,5.05,19.4,Petrolina
2016-05-12,28.3,33.9,23.1,0.0,6.24,18.6,Petrolina
2016-05-13,28.4,33.7,23.4,0.0,6.68,20.7,Petrolina
2016-05-14,27.8,33.3,22.5,0.0,7.14,23.4,Petrolina
2016-05-15,26.8,31.2,23.7,0.5,5.22,23.4,Petrolina
2016-05-16,26.4,30.5,23.0,0.0,4.25,21.7,Petrolina
2016-05-17,27.4,32.7,22.0,0.0,5.18,19.0,Petrolina
2016-05-18,28.2,34.1,22.7,0.0,6.25,19.1,Petrolina
2016-05-19,27.5,33.2,22.3,0.0,6.83,23.7,Petrolina
2016-05-20,26.2,31.0,21.6,0.0,6.5,27.9,Petrolina
2016-05-21,27.0,32.7,21.2,0.0,5.88,20.5,Petrolina
2016-05-22,27.8,33.5,22.6,0.0,6.78,20.1,Petrolina
2016-05-23,27.3,33.4,21.8,0.0,6.01,22.6,Petrolina
2016-05-24,26.7,30.8,23.7,0.3,4.2,22.4,Petrolina
2016-05-25,24.2,25.9,22.7,2.2,2.57,27.8,Petrolina
2016-05-26,24.5,28.4,22.1,0.2,3.59,30.3,Petrolina
2016-05-27,24.7,29.3,21.4,0.0,5.1,24.2,Petrolina
2016-05-28,25.6,31.7,20.8,0.0,5.42,25.3,Petrolina
2016-05-29,25.5,30.5,22.0,0.0,3.79,22.4,Petrolina
2016-05-30,26.3,30.0,23.2,0.0,3.92,20.6,Petrolina
2016-05-31,26.9,32.2,22.6,0.0,5.03,20.9,Petrolina
2016-06-01,26.5,32.6,21.7,0.0,6.0,21.7,Petrolina
2016-06-02,26.1,32.5,19.9,0.0,5.48,17.8,Petrolina
2016-06-03,27.2,33.2,21.5,0.0,5.63,17.8,Petrolina
2016-06-04,28.6,34.8,22.6,0.0,6.15,19.5,Petrolina
2016-06-05,28.4,33.6,23.9,0.0,5.25,18.9,Petrolina
2016-06-06,28.1,33.3,22.9,0.0,5.62,15.8,Petrolina
2016-06-07,28.3,34.0,22.4,0.0,5.31,15.5,Petrolina
2016-06-08,29.0,35.1,22.9,0.0,6.15,16.6,Petrolina
2016-06-09,27.9,33.7,22.3,0.0,6.05,17.0,Petrolina
2016-06-10,27.1,32.6,22.0,0.0,5.55,21.6,Petrolina
2016-06-11,26.8,32.8,21.1,0.0,5.61,18.4,Petrolina
2016-06-12,26.9,33.0,21.3,0.0,6.47,19.5,Petrolina
2016-06-13,26.0,31.9,20.4,0.0,6.55,23.1,Petrolina
2016-06-14,24.3,30.1,21.2,0.0,5.12,30.4,Petrolina
2016-06-15,23.3,27.2,20.3,0.0,3.62,26.8,Petrolina
2016-06-16,24.4,28.3,20.6,0.0,4.72,27.2,Petrolina
2016-06-17,24.0,28.4,21.1,0.4,4.56,28.0,Petrolina
2016-06-18,24.1,29.3,21.2,0.2,4.01,21.6,Petrolina
2016-06-19,24.3,29.8,19.9,0.1,3.96,21.7,Petrolina
2016-06-20,24.7,30.2,20.6,0.0,5.76,23.6,Petrolina
2016-06-21,24.3,30.4,19.0,0.0,5.86,27.6,Petrolina
2016-06-22,23.9,28.0,21.1,0.4,3.91,30.6,Petrolina
2016-06-23,24.9,30.0,20.9,0.0,5.45,26.6,Petrolina
2016-06-24,24.1,28.7,19.8,0.0,4.83,23.4,Petrolina
2016-06-25,23.5,28.2,19.9,0.1,4.03,29.4,Petrolina
2016-06-26,23.4,28.1,21.2,0.3,3.81,29.3,Petrolina
2016-06-27,23.8,28.4,20.5,0.0,5.03,30.3,Petrolina
2016-06-28,23.2,26.2,19.0,0.0,4.15,27.5,Petrolina
2016-06-29,23.9,30.3,19.8,0.0,5.55,28.5,Petrolina
2016-06-30,23.9,29.6,19.7,0.0,5.13,32.1,Petrolina
2016-07-01,24.0,28.1,20.8,0.0,4.53,27.5,Petrolina
2016-07-02,24.7,30.0,21.0,0.0,5.92,29.0,Petrolina
2016-07-03,24.5,29.2,20.5,0.0,5.21,29.4,Petrolina
2016-07-04,24.9,30.6,21.1,0.0,5.43,29.5,Petrolina
2016-07-05,24.1,29.2,20.4,0.0,4.6,27.6,Petrolina
2016-07-06,24.3,28.5,20.6,0.0,4.31,26.2,Petrolina
2016-07-07,25.4,31.7,19.9,0.0,5.7,19.2,Petrolina
2016-07-08,25.5,31.7,20.2,0.0,5.4,22.2,Petrolina
2016-07-09,25.1,30.7,20.7,0.0,6.09,24.7,Petrolina
2016-07-10,24.1,28.3,20.8,0.0,4.15,23.5,Petrolina
2016-07-11,24.3,28.6,19.9,0.1,4.34,23.3,Petrolina
2016-07-12,24.2,30.1,19.7,0.0,4.81,19.7,Petrolina
2016-07-13,24.9,31.2,18.9,0.0,5.42,18.9,Petrolina
2016-07-14,25.0,30.8,19.9,0.0,6.03,21.0,Petrolina
2016-07-15,24.9,30.7,19.9,0.0,5.96,22.8,Petrolina
2016-07-16,24.5,30.5,18.6,0.0,5.32,18.3,Petrolina
2016-07-17,26.2,32.8,19.6,0.0,5.04,14.1,Petrolina
2016-07-18,26.9,34.2,20.2,0.0,6.82,23.5,Petrolina
2016-07-19,25.3,31.5,19.6,0.0,6.7,25.7,Petrolina
2016-07-20,24.5,30.5,19.1,0.0,5.05,22.5,Petrolina
2016-07-21,24.6,31.0,18.3,0.0,6.27,22.1,Petrolina
2016-07-22,24.6,30.8,18.5,0.0,6.64,25.0,Petrolina
2016-07-23,23.9,27.9,19.3,0.0,4.82,26.8,Petrolina
2016-07-24,24.4,30.3,19.8,0.2,5.58,28.4,Petrolina
2016-07-25,24.6,30.4,19.9,0.0,6.57,31.7,Petrolina
2016-07-26,24.3,30.1,19.5,0.0,6.15,28.1,Petrolina
2016-07-27,24.1,29.8,19.0,0.0,5.6,23.5,Petrolina
2016-07-28,24.2,30.4,19.1,0.0,5.88,26.7,Petrolina
2016-07-29,23.7,27.9,20.5,0.0,4.9,29.1,Petrolina
2016-07-30,23.3,27.6,19.3,0.1,4.84,29.2,Petrolina
2016-07-31,24.0,30.5,19.9,0.0,6.34,33.7,Petrolina
2016-08-01,23.0,27.1,19.8,0.6,3.86,26.2,Petrolina
2016-08-02,23.9,29.8,19.8,0.0,4.9,26.1,Petrolina
2016-08-03,23.7,28.9,18.1,0.0,5.2,27.0,Petrolina
2016-08-04,23.4,29.3,17.9,0.0,6.43,27.6,Petrolina
2016-08-05,23.9,28.5,19.8,0.0,4.76,24.4,Petrolina
2016-08-06,23.7,30.0,18.4,0.0,6.01,24.7,Petrolina
2016-08-07,24.1,30.7,17.9,0.0,6.22,19.6,Petrolina
2016-08-08,25.0,31.3,18.7,0.0,6.25,18.6,Petrolina
2016-08-09,25.2,31.6,18.9,0.0,6.64,20.5,Petrolina
2016-08-10,25.5,32.6,18.8,0.0,6.74,18.9,Petrolina
2016-08-11,25.8,32.7,19.5,0.0,6.33,19.6,Petrolina
2016-08-12,25.5,32.5,19.7,0.0,7.01,25.0,Petrolina
2016-08-13,24.7,31.4,18.4,0.0,7.04,26.0,Petrolina
2016-08-14,25.0,31.2,18.8,0.0,6.59,23.2,Petrolina
2016-08-15,25.6,32.7,18.6,0.0,6.97,19.3,Petrolina
2016-08-16,26.9,33.9,19.5,0.0,6.52,16.3,Petrolina
2016-08-17,27.4,34.4,20.9,0.0,7.16,24.7,Petrolina
2016-08-18,26.8,34.3,20.4,0.0,7.29,21.8,Petrolina
2016-08-19,25.8,32.2,20.1,0.0,7.24,28.6,Petrolina
2016-08-20,26.0,32.0,20.4,0.0,5.93,23.7,Petrolina
2016-08-21,26.2,32.4,20.8,0.0,6.12,19.4,Petrolina
2016-08-22,27.2,34.9,19.6,0.0,7.22,22.8,Petrolina
2016-08-23,26.4,32.3,20.2,0.0,7.89,29.1,Petrolina
2016-08-24,24.9,29.0,20.4,0.2,5.11,26.4,Petrolina
2016-08-25,23.3,26.2,21.4,0.9,3.78,31.0,Petrolina
2016-08-26,23.9,28.6,20.3,0.0,5.01,27.6,Petrolina
2016-08-27,25.0,29.6,21.8,0.0,4.89,28.1,Petrolina
2016-08-28,25.1,30.7,20.2,0.0,7.05,26.0,Petrolina
2016-08-29,25.5,32.0,20.0,0.0,6.34,23.2,Petrolina
2016-08-30,26.2,33.5,19.9,0.0,7.42,25.3,Petrolina
2016-08-31,26.3,32.5,21.5,0.0,6.28,23.2,Petrolina
2016-09-01,26.0,32.5,20.4,0.0,7.23,26.0,Petrolina
2016-09-02,25.4,30.2,20.6,0.0,5.87,26.6,Petrolina
2016-09-03,25.4,31.7,20.2,0.0,6.95,29.0,Petrolina
2016-09-04,25.5,32.4,20.7,0.0,7.14,31.6,Petrolina
2016-09-05,24.9,30.2,20.3,0.0,5.46,26.9,Petrolina
2016-09-06,25.4,32.2,19.8,0.0,7.27,26.6,Petrolina
2016-09-07,25.8,32.7,20.1,0.0,7.12,25.6,Petrolina
2016-09-08,26.1,32.8,20.4,0.0,7.09,22.7,Petrolina
2016-09-09,25.5,32.6,18.9,0.0,7.75,27.0,Petrolina
2016-09-10,25.2,30.2,20.5,0.0,6.07,27.6,Petrolina
2016-09-11,25.3,29.8,20.9,0.1,5.38,25.9,Petrolina
2016-09-12,26.1,32.2,20.3,0.0,6.95,25.9,Petrolina
2016-09-13,25.9,32.5,19.7,0.0,7.83,26.4,Petrolina
2016-09-14,26.5,33.4,20.0,0.0,7.46,23.7,Petrolina
2016-09-15,27.1,33.8,20.3,0.0,7.25,18.7,Petrolina
2016-09-16,28.3,35.2,21.4,0.0,8.09,22.3,Petrolina
2016-09-17,27.6,34.0,22.0,0.0,7.61,24.4,Petrolina
2016-09-18,26.6,32.8,21.0,0.0,7.57,23.2,Petrolina
2016-09-19,26.6,33.4,19.7,0.0,7.35,20.5,Petrolina
2016-09-20,28.2,34.4,20.9,0.0,7.34,18.2,Petrolina
2016-09-21,29.3,35.9,21.7,0.0,7.75,20.1,Petrolina
2016-09-22,28.3,33.8,22.7,0.1,7.27,25.4,Petrolina
2016-09-23,27.2,31.7,22.5,0.0,6.17,24.3,Petrolina
2016-09-24,26.6,31.2,22.1,0.0,5.35,22.6,Petrolina
2016-09-25,28.2,34.7,21.2,0.0,7.62,20.0,Petrolina
2016-09-26,28.9,34.8,22.4,0.0,7.12,17.1,Petrolina
2016-09-27,28.5,34.0,23.3,0.0,6.67,23.7,Petrolina
2016-09-28,28.3,34.7,23.0,0.0,8.08,29.8,Petrolina
2016-09-29,27.9,34.1,22.9,0.0,6.69,23.8,Petrolina
2016-09-30,28.6,34.6,22.3,0.0,7.69,22.3,Petrolina
2016-10-01,29.2,35.4,23.6,0.0,8.06,24.3,Petrolina
2016-10-02,27.9,34.7,21.4,0.0,8.97,28.6,Petrolina
2016-10-03,27.8,34.5,21.7,0.0,8.13,28.2,Petrolina
2016-10-04,28.2,34.9,21.7,0.0,7.71,23.5,Petrolina
2016-10-05,29.8,35.7,22.4,0.0,6.94,14.6,Petrolina
2016-10-06,29.8,36.0,25.0,3.4,6.81,20.4,Petrolina
2016-10-07,27.2,31.5,23.8,3.0,4.16,13.8,Petrolina
2016-10-08,28.2,32.8,25.4,1.8,4.55,22.1,Petrolina
2016-10-09,27.7,33.5,22.9,0.0,7.21,24.2,Petrolina
2016-10-10,27.2,33.6,21.5,0.0,8.49,28.3,Petrolina
2016-10-11,26.9,34.1,21.0,0.0,8.14,31.1,Petrolina
2016-10-12,26.7,31.5,21.7,0.2,6.25,27.9,Petrolina
2016-10-13,27.5,34.6,21.3,0.0,8.04,27.1,Petrolina
2016-10-14,27.6,33.6,22.6,0.0,7.07,26.8,Petrolina
2016-10-15,27.3,33.9,21.2,0.0,8.4,25.8,Petrolina
2016-10-16,27.8,34.9,21.1,0.0,8.63,28.2,Petrolina
2016-10-17,28.1,34.8,21.7,0.0,8.02,26.6,Petrolina
2016-10-18,28.5,34.7,22.9,0.0,7.63,23.0,Petrolina
2016-10-19,28.8,35.2,22.8,0.0,7.98,24.9,Petrolina
2016-10-20,28.8,35.4,22.8,0.1,7.47,19.4,Petrolina
2016-10-21,27.9,32.6,22.7,0.0,5.46,19.5,Petrolina
2016-10-22,29.3,35.6,24.0,0.0,8.13,24.6,Petrolina
2016-10-23,28.7,35.2,23.1,0.0,8.61,25.4,Petrolina
2016-10-24,28.1,34.2,22.1,0.0,7.75,23.3,Petrolina
2016-10-25,28.9,35.4,22.2,0.0,8.7,23.0,Petrolina
2016-10-26,28.9,35.5,22.5,0.0,8.7,22.8,Petrolina
2016-10-27,28.9,35.6,22.1,0.0,8.32,23.0,Petrolina
2016-10-28,30.4,36.9,22.9,0.0,8.59,20.1,Petrolina
2016-10-29,30.6,37.0,23.9,0.0,9.51,27.5,Petrolina
2016-10-30,28.1,33.8,22.8,0.0,7.64,29.8,Petrolina
2016-10-31,28.5,35.5,22.3,0.0,8.71,27.2,Petrolina
2016-11-01,28.9,35.5,22.2,0.0,9.26,27.7,Petrolina
2016-11-02,28.4,35.3,21.5,0.0,9.28,26.7,Petrolina
2016-11-03,27.6,34.2,21.7,0.0,7.83,28.7,Petrolina
2016-11-04,28.2,35.0,21.7,0.0,8.99,27.5,Petrolina
2016-11-05,27.9,34.2,22.0,0.0,7.72,27.3,Petrolina
2016-11-06,27.7,34.4,21.7,0.0,8.51,28.0,Petrolina
2016-11-07,27.9,34.7,22.1,0.0,7.53,24.8,Petrolina
2016-11-08,28.9,35.5,22.2,0.0,8.18,24.4,Petrolina
2016-11-09,29.0,34.9,23.0,0.0,7.32,26.8,Petrolina
2016-11-10,29.1,34.2,23.5,0.0,6.65,24.5,Petrolina
2016-11-11,29.4,34.6,24.3,0.0,7.21,20.1,Petrolina
2016-11-12,29.9,35.8,25.1,0.0,7.07,22.3,Petrolina
2016-11-13,29.0,34.9,24.5,0.0,6.48,19.9,Petrolina
2016-11-14,29.9,35.4,24.4,0.0,6.76,17.7,Petrolina
2016-11-15,29.9,35.3,25.1,0.5,6.83,20.0,Petrolina
2016-11-16,28.8,34.2,25.5,2.4,5.24,14.8,Petrolina
2016-11-17,29.5,35.6,24.3,0.0,6.53,17.8,Petrolina
2016-11-18,30.2,35.1,24.7,0.0,6.71,17.4,Petrolina
2016-11-19,30.5,35.8,25.4,0.0,6.74,13.9,Petrolina
2016-11-20,27.3,31.2,24.5,4.4,3.92,22.4,Petrolina
2016-11-21,27.0,32.6,23.0,0.0,6.07,24.4,Petrolina
2016-11-22,27.9,34.7,22.1,0.0,6.83,24.9,Petrolina
2016-11-23,29.4,36.3,22.7,0.0,8.27,22.9,Petrolina
2016-11-24,31.0,37.8,24.1,0.0,8.93,23.0,Petrolina
2016-11-25,30.6,37.3,24.5,0.0,9.8,24.5,Petrolina
2016-11-26,28.6,35.7,21.4,0.0,9.25,24.5,Petrolina
2016-11-27,29.0,35.8,22.0,0.0,8.7,22.7,Petrolina
2016-11-28,29.6,36.0,23.2,0.0,8.71,20.1,Petrolina
2016-11-29,30.2,37.0,23.4,0.0,8.93,17.7,Petrolina
2016-11-30,30.4,35.9,23.6,0.0,8.01,18.8,Petrolina
2016-12-01,30.3,35.2,24.7,0.0,8.09,29.1,Petrolina
2016-12-02,29.3,35.3,24.4,0.1,7.79,25.3,Petrolina
2016-12-03,29.9,35.0,24.4,0.0,7.48,21.4,Petrolina
2016-12-04,31.2,36.8,25.0,0.0,7.82,17.5,Petrolina
2016-12-05,32.1,36.8,26.1,0.0,7.27,14.7,Petrolina
2016-12-06,32.4,36.9,27.3,0.0,7.44,15.5,Petrolina
2016-12-07,32.5,36.9,27.2,0.0,7.34,16.2,Petrolina
2016-12-08,30.8,34.9,27.0,0.0,6.4,17.7,Petrolina
2016-12-09,31.2,36.3,26.6,0.0,7.53,20.0,Petrolina
2016-12-10,31.2,36.4,25.2,0.0,7.77,18.1,Petrolina
2016-12-11,31.3,35.8,26.5,0.0,6.67,15.2,Petrolina
2016-12-12,31.8,36.0,27.4,0.0,6.27,13.2,Petrolina
2016-12-13,28.5,33.6,25.2,7.6,5.4,17.9,Petrolina
2016-12-14,28.8,33.7,24.9,0.0,6.3,17.7,Petrolina
2016-12-15,29.0,34.1,24.0,0.0,6.95,22.1,Petrolina
2016-12-16,27.8,32.7,24.1,0.3,6.72,23.9,Petrolina
2016-12-17,26.3,31.0,22.5,1.1,6.13,25.7,Petrolina
2016-12-18,26.6,30.8,22.2,0.0,5.93,21.9,Petrolina
2016-12-19,27.5,33.2,23.3,0.0,6.74,22.4,Petrolina
2016-12-20,26.8,32.9,22.8,0.6,6.83,25.6,Petrolina
2016-12-21,27.9,33.9,22.9,0.1,6.94,25.2,Petrolina
2016-12-22,27.9,32.4,23.2,0.0,6.15,27.9,Petrolina
2016-12-23,27.7,34.5,22.0,0.0,7.87,28.4,Petrolina
2016-12-24,28.2,34.4,22.8,0.0,8.02,22.9,Petrolina
2016-12-25,28.9,35.7,22.8,0.0,7.86,20.7,Petrolina
2016-12-26,29.7,35.7,23.8,0.0,7.93,20.4,Petrolina
2016-12-27,30.0,36.7,23.9,0.0,8.7,24.6,Petrolina
2016-12-28,28.6,34.8,22.7,0.0,7.84,27.5,Petrolina
2016-12-29,28.8,34.9,23.4,0.0,8.08,25.5,Petrolina
2016-12-30,28.8,34.7,22.7,0.0,8.47,24.7,Petrolina
2016-12-31,29.1,35.9,22.5,0.0,8.66,23.8,Petrolina
2017-01-01,28.9,35.0,23.0,0.0,8.18,26.9,Petrolina
2017-01-02,29.5,34.3,23.5,0.0,7.67,23.2,Petrolina
2017-01-03,30.2,35.0,24.6,0.0,7.88,18.0,Petrolina
2017-01-04,29.6,34.5,23.8,0.1,8.06,26.0,Petrolina
2017-01-05,29.1,35.0,23.2,0.0,8.95,27.2,Petrolina
2017-01-06,28.3,34.2,22.5,0.0,8.16,23.3,Petrolina
2017-01-07,28.8,34.9,22.6,0.0,8.77,31.0,Petrolina
2017-01-08,28.9,34.3,23.5,0.0,8.28,23.7,Petrolina
2017-01-09,29.1,34.3,23.0,0.0,8.06,24.8,Petrolina
2017-01-10,30.2,34.8,24.8,0.0,7.28,22.4,Petrolina
2017-01-11,27.9,30.8,24.4,4.6,4.77,18.9,Petrolina
2017-01-12,29.5,34.0,25.2,0.7,6.46,16.2,Petrolina
2017-01-13,30.2,35.1,24.9,0.0,8.02,24.7,Petrolina
2017-01-14,29.9,35.1,24.0,0.0,7.94,23.3,Petrolina
2017-01-15,29.8,33.9,25.4,0.0,7.08,21.9,Petrolina
2017-01-16,29.4,34.9,23.6,0.0,8.89,24.3,Petrolina
2017-01-17,29.3,34.5,23.1,0.0,8.74,28.0,Petrolina
2017-01-18,29.7,34.7,23.5,0.0,8.09,23.2,Petrolina
2017-01-19,29.3,34.7,24.4,0.0,7.91,27.5,Petrolina
2017-01-20,29.6,35.7,23.6,0.0,9.04,30.2,Petrolina
2017-01-21,30.0,35.7,23.8,0.0,9.31,24.9,Petrolina
2017-01-22,30.0,35.8,23.6,0.0,8.11,23.9,Petrolina
2017-01-23,31.2,36.5,24.9,0.0,8.89,24.0,Petrolina
2017-01-24,30.4,35.3,24.5,0.0,8.4,27.2,Petrolina
2017-01-25,29.6,34.2,24.6,0.0,7.68,22.6,Petrolina
2017-01-26,29.6,34.2,24.1,0.0,7.76,20.9,Petrolina
2017-01-27,29.9,35.2,23.9,0.0,8.66,28.3,Petrolina
2017-01-28,29.4,33.8,24.3,0.2,7.97,24.1,Petrolina
2017-01-29,29.5,35.9,23.2,0.0,8.65,25.1,Petrolina
2017-01-30,29.4,35.0,22.9,0.0,9.26,30.3,Petrolina
2017-01-31,30.1,35.4,24.2,0.0,8.83,29.2,Petrolina
2017-02-01,30.4,35.2,24.9,0.1,7.89,22.6,Petrolina
2017-02-02,28.7,33.8,25.0,3.4,5.75,19.8,Petrolina
2017-02-03,29.8,35.2,24.5,0.0,7.43,19.2,Petrolina
2017-02-04,30.2,35.3,24.3,0.0,7.8,21.0,Petrolina
2017-02-05,30.2,35.5,23.8,0.0,8.09,28.8,Petrolina
2017-02-06,30.5,35.0,24.6,0.0,7.88,23.0,Petrolina
2017-02-07,30.0,34.2,24.9,0.4,7.08,19.5,Petrolina
2017-02-08,29.3,33.4,25.5,2.1,5.73,14.3,Petrolina
2017-02-09,29.4,33.3,25.4,0.6,6.21,15.6,Petrolina
2017-02-10,26.8,30.4,24.2,7.8,3.96,22.2,Petrolina
2017-02-11,28.0,33.2,23.7,1.4,6.67,21.7,Petrolina
2017-02-12,27.5,33.1,23.3,0.0,5.98,21.9,Petrolina
2017-02-13,27.8,32.5,22.6,0.0,6.17,24.7,Petrolina
2017-02-14,26.6,29.3,23.6,2.8,4.47,26.6,Petrolina
2017-02-15,27.5,30.9,23.6,0.3,6.0,29.3,Petrolina
2017-02-16,28.4,33.7,23.0,0.0,7.51,22.2,Petrolina
2017-02-17,28.8,34.3,23.4,0.0,7.77,26.3,Petrolina
2017-02-18,29.1,33.9,24.0,0.0,7.41,20.0,Petrolina
2017-02-19,29.2,34.2,23.5,0.0,8.12,20.8,Petrolina
2017-02-20,29.3,35.0,23.9,0.7,7.99,27.2,Petrolina
2017-02-21,25.7,30.0,22.9,13.8,4.53,22.2,Petrolina
2017-02-22,27.3,32.1,22.6,1.3,6.59,24.2,Petrolina
2017-02-23,27.9,33.7,22.1,0.0,7.5,24.1,Petrolina
2017-02-24,28.9,34.7,23.0,0.0,7.84,25.0,Petrolina
2017-02-25,29.6,35.0,23.5,0.0,7.68,20.2,Petrolina
2017-02-26,29.6,34.6,24.0,0.0,7.49,20.3,Petrolina
2017-02-27,29.5,34.7,23.3,0.0,7.72,22.6,Petrolina
2017-02-28,29.0,33.3,23.9,1.7,6.21,23.1,Petrolina
2017-03-01,27.6,32.3,25.0,1.9,4.76,17.8,Petrolina
2017-03-02,28.3,32.2,24.2,0.1,5.82,22.5,Petrolina
2017-03-03,28.4,33.7,22.6,0.0,7.93,22.2,Petrolina
2017-03-04,29.2,35.3,23.2,0.0,8.34,22.9,Petrolina
2017-03-05,29.7,35.5,23.7,0.0,8.49,20.3,Petrolina
2017-03-06,30.4,36.2,24.0,0.1,8.15,21.5,Petrolina
2017-03-07,30.7,35.2,25.0,0.1,7.42,19.5,Petrolina
2017-03-08,29.8,34.5,25.6,0.6,7.33,21.0,Petrolina
2017-03-09,28.8,32.6,25.2,0.6,6.2,20.8,Petrolina
2017-03-10,28.8,34.8,22.8,0.0,8.96,27.8,Petrolina
2017-03-11,29.1,34.2,23.4,0.0,7.8,25.4,Petrolina
2017-03-12,29.1,34.0,24.2,0.0,7.28,23.4,Petrolina
2017-03-13,29.1,33.9,24.4,0.0,6.65,20.8,Petrolina
2017-03-14,29.0,33.4,24.5,0.0,6.5,21.3,Petrolina
2017-03-15,28.3,34.0,23.2,0.0,6.64,25.5,Petrolina
2017-03-16,28.9,35.1,24.0,0.1,7.2,24.4,Petrolina
2017-03-17,27.6,33.5,23.4,7.0,5.68,21.6,Petrolina
2017-03-18,25.6,29.9,22.5,7.4,3.87,15.1,Petrolina
2017-03-19,27.1,31.9,22.7,1.1,5.18,14.9,Petrolina
2017-03-20,28.1,32.8,23.3,0.0,6.22,18.4,Petrolina
2017-03-21,28.5,34.4,22.9,0.0,7.55,23.3,Petrolina
2017-03-22,29.1,35.0,23.1,0.0,8.19,26.1,Petrolina
2017-03-23,28.6,33.3,23.7,0.2,6.91,24.8,Petrolina
2017-03-24,28.6,33.0,23.9,0.1,6.81,23.0,Petrolina
2017-03-25,28.9,32.7,23.6,0.1,6.72,18.5,Petrolina
2017-03-26,29.9,34.1,25.0,0.0,7.16,18.5,Petrolina
2017-03-27,30.4,34.2,25.8,0.3,6.11,16.4,Petrolina
2017-03-28,30.2,34.8,25.6,0.4,6.0,19.1,Petrolina
2017-03-29,28.9,34.2,24.9,19.2,5.22,13.5,Petrolina
2017-03-30,25.7,28.5,23.1,32.3,2.88,16.7,Petrolina
2017-03-31,27.0,31.5,23.4,3.9,4.6,16.6,Petrolina
2017-04-01,25.7,28.6,23.5,20.1,2.87,15.8,Petrolina
2017-04-02,25.7,28.3,23.5,4.4,3.96,17.5,Petrolina
2017-04-03,25.3,29.9,23.0,16.3,3.76,18.5,Petrolina
2017-04-04,26.3,31.4,22.2,0.1,5.63,23.3,Petrolina
2017-04-05,26.4,31.4,21.9,0.1,5.08,23.1,Petrolina
2017-04-06,26.9,31.2,23.1,0.0,5.75,21.4,Petrolina
2017-04-07,26.3,32.0,21.0,0.1,6.09,21.1,Petrolina
2017-04-08,26.9,31.9,22.1,0.0,5.75,23.4,Petrolina
2017-04-09,26.8,30.9,22.5,0.6,5.32,22.4,Petrolina
2017-04-10,27.8,33.0,22.5,0.0,7.08,23.7,Petrolina
2017-04-11,28.4,33.7,23.9,0.2,6.23,22.1,Petrolina
2017-04-12,29.3,34.2,25.1,0.3,6.65,18.6,Petrolina
2017-04-13,29.0,33.7,25.0,0.7,6.16,23.8,Petrolina
2017-04-14,27.6,31.7,24.9,0.6,5.42,31.1,Petrolina
2017-04-15,27.6,32.2,23.6,0.8,5.53,25.6,Petrolina
2017-04-16,27.5,32.7,23.4,0.5,5.7,24.2,Petrolina
2017-04-17,28.1,33.1,23.5,0.4,5.97,20.2,Petrolina
2017-04-18,29.0,34.9,24.0,0.0,6.89,23.1,Petrolina
2017-04-19,28.1,33.2,23.0,0.0,7.59,30.2,Petrolina
2017-04-20,26.7,30.4,23.4,0.2,5.0,27.2,Petrolina
2017-04-21,26.8,31.7,23.0,0.6,5.16,21.7,Petrolina
2017-04-22,27.8,33.1,22.6,0.0,6.39,18.6,Petrolina
2017-04-23,29.0,34.0,24.0,0.1,6.34,18.4,Petrolina
2017-04-24,29.1,33.8,24.4,0.0,6.7,23.4,Petrolina
2017-04-25,28.5,33.5,22.5,0.0,6.86,22.2,Petrolina
2017-04-26,28.4,33.3,23.4,0.0,5.76,20.5,Petrolina
2017-04-27,29.3,35.0,23.5,0.0,7.4,23.4,Petrolina
2017-04-28,29.0,33.8,24.5,0.1,6.65,23.8,Petrolina
2017-04-29,27.4,32.7,22.4,0.5,5.92,27.5,Petrolina
2017-04-30,27.0,30.4,22.8,0.0,5.45,28.3,Petrolina
2017-05-01,26.4,30.4,22.1,0.0,5.33,27.0,Petrolina
2017-05-02,26.5,31.5,22.4,0.5,5.12,24.0,Petrolina
2017-05-03,25.9,29.7,21.5,0.0,4.73,29.7,Petrolina
2017-05-04,26.1,29.6,22.4,0.1,4.64,28.3,Petrolina
2017-05-05,26.7,30.6,22.9,0.3,4.57,23.5,Petrolina
2017-05-06,26.7,32.0,21.1,0.0,5.49,23.5,Petrolina
2017-05-07,27.2,33.2,21.9,0.0,6.53,25.1,Petrolina
2017-05-08,27.9,33.3,22.8,0.0,6.67,21.5,Petrolina
2017-05-09,27.7,32.6,22.1,0.0,6.73,18.2,Petrolina
2017-05-10,28.4,33.5,23.4,0.0,6.77,22.7,Petrolina
2017-05-11,28.0,33.7,23.1,0.0,6.99,26.4,Petrolina
2017-05-12,27.1,32.7,22.2,0.0,7.12,35.9,Petrolina
2017-05-13,26.3,30.7,21.9,0.0,5.18,27.5,Petrolina
2017-05-14,26.9,32.4,22.0,0.0,5.24,21.4,Petrolina
2017-05-15,28.1,33.0,22.9,0.0,4.79,11.9,Petrolina
2017-05-16,30.1,34.9,24.5,0.0,5.59,12.1,Petrolina
2017-05-17,29.2,33.8,24.5,0.3,6.06,18.0,Petrolina
2017-05-18,27.7,32.5,23.8,0.1,6.1,24.0,Petrolina
2017-05-19,26.2,30.6,23.0,0.9,4.62,24.3,Petrolina
2017-05-20,26.1,30.3,23.1,1.3,4.04,22.3,Petrolina
2017-05-21,26.9,31.8,23.4,1.0,5.48,27.8,Petrolina
2017-05-22,27.3,32.4,22.5,0.0,5.59,25.1,Petrolina
2017-05-23,23.7,26.0,22.5,30.8,1.31,21.7,Petrolina
2017-05-24,23.9,27.0,21.5,11.0,1.89,22.1,Petrolina
2017-05-25,24.7,28.8,22.1,0.4,3.77,25.7,Petrolina
2017-05-26,23.8,27.1,21.1,0.0,4.37,28.4,Petrolina
2017-05-27,23.4,25.9,21.0,3.7,2.14,23.4,Petrolina
2017-05-28,24.3,27.4,22.0,0.3,3.15,26.4,Petrolina
2017-05-29,23.7,28.4,20.5,0.0,4.9,26.7,Petrolina
2017-05-30,23.9,28.8,19.2,0.0,4.51,20.0,Petrolina
2017-05-31,24.4,28.1,22.2,1.2,2.69,16.4,Petrolina
2017-06-01,23.7,25.8,21.3,3.7,2.11,19.2,Petrolina
2017-06-02,25.7,29.9,22.4,0.0,4.03,21.1,Petrolina
2017-06-03,25.4,29.2,22.2,0.5,3.93,21.8,Petrolina
2017-06-04,24.5,28.7,21.0,0.1,4.15,27.9,Petrolina
2017-06-05,24.1,29.6,19.3,0.0,5.09,23.3,Petrolina
2017-06-06,24.4,28.9,19.8,0.0,4.54,23.6,Petrolina
2017-06-07,25.0,29.8,20.8,0.4,4.51,27.5,Petrolina
2017-06-08,24.8,31.1,19.3,0.0,4.93,23.6,Petrolina
2017-06-09,25.5,30.6,21.9,0.0,4.34,20.8,Petrolina
2017-06-10,25.3,30.7,20.1,0.0,4.89,15.2,Petrolina
2017-06-11,26.2,31.8,21.1,0.0,5.25,23.3,Petrolina
2017-06-12,25.7,30.4,21.5,0.1,5.11,22.4,Petrolina
2017-06-13,24.9,30.7,22.0,1.5,4.43,28.3,Petrolina
2017-06-14,24.4,29.8,20.9,0.4,4.61,27.8,Petrolina
2017-06-15,25.0,30.1,20.4,0.0,5.31,25.8,Petrolina
2017-06-16,23.9,26.9,20.8,0.4,3.38,26.5,Petrolina
2017-06-17,24.3,29.9,20.9,0.0,5.09,32.8,Petrolina
2017-06-18,23.8,27.5,20.9,0.5,3.38,28.7,Petrolina
2017-06-19,23.9,27.3,21.1,1.3,3.42,27.1,Petrolina
2017-06-20,23.4,27.4,19.5,0.0,3.65,27.7,Petrolina
2017-06-21,23.8,27.1,21.0,0.0,3.72,29.1,Petrolina
2017-06-22,24.2,29.3,20.6,0.1,5.07,30.6,Petrolina
2017-06-23,24.1,28.0,21.1,0.4,4.09,28.2,Petrolina
2017-06-24,23.8,27.4,20.9,0.2,3.9,27.9,Petrolina
2017-06-25,23.6,27.1,20.5,0.4,3.77,28.9,Petrolina
2017-06-26,23.5,28.0,19.8,0.0,4.22,31.2,Petrolina
2017-06-27,23.3,27.2,19.9,0.4,4.05,29.1,Petrolina
2017-06-28,23.6,28.1,19.6,0.0,4.53,28.8,Petrolina
2017-06-29,22.7,26.1,19.0,0.0,3.5,26.7,Petrolina
2017-06-30,22.5,24.5,20.8,1.1,2.27,23.8,Petrolina
2017-07-01,23.6,27.3,20.4,0.4,3.4,23.9,Petrolina
2017-07-02,23.7,28.0,20.1,0.0,4.55,28.8,Petrolina
2017-07-03,22.5,25.8,20.2,0.3,4.1,34.4,Petrolina
2017-07-04,21.2,25.1,18.8,0.1,4.3,39.0,Petrolina
2017-07-05,21.3,24.5,18.2,0.0,4.15,34.1,Petrolina
2017-07-06,22.1,26.5,18.4,0.0,3.92,28.5,Petrolina
2017-07-07,22.9,27.6,19.3,0.0,4.43,28.8,Petrolina
2017-07-08,21.7,24.5,18.5,0.3,3.46,33.1,Petrolina
2017-07-09,22.1,25.3,18.9,0.4,3.57,29.1,Petrolina
2017-07-10,23.3,28.2,19.0,0.0,4.2,24.7,Petrolina
2017-07-11,23.1,26.9,20.5,1.1,3.47,31.1,Petrolina
2017-07-12,22.6,26.7,18.0,0.1,4.05,33.2,Petrolina
2017-07-13,23.1,26.7,20.2,0.7,3.99,32.6,Petrolina
2017-07-14,21.8,26.4,17.5,0.5,3.86,31.6,Petrolina
2017-07-15,21.6,26.5,17.6,0.7,3.53,28.6,Petrolina
2017-07-16,22.3,26.8,18.0,0.2,4.89,29.4,Petrolina
2017-07-17,21.8,26.6,17.4,0.4,3.93,29.3,Petrolina
2017-07-18,21.9,26.7,18.2,0.2,3.49,22.1,Petrolina
2017-07-19,23.0,27.7,18.3,0.0,4.25,23.2,Petrolina
2017-07-20,22.9,26.1,20.1,1.2,3.41,27.0,Petrolina
2017-07-21,24.0,30.6,20.1,0.6,5.05,28.6,Petrolina
2017-07-22,23.9,27.0,19.9,0.0,4.03,25.7,Petrolina
2017-07-23,23.9,29.1,19.6,0.0,5.02,30.3,Petrolina
2017-07-24,23.3,27.6,20.6,0.7,3.88,29.2,Petrolina
2017-07-25,22.9,27.1,19.1,0.0,4.83,32.6,Petrolina
2017-07-26,22.6,27.2,19.2,0.0,4.5,31.3,Petrolina
2017-07-27,22.8,27.0,19.3,0.3,4.36,31.9,Petrolina
2017-07-28,22.8,26.5,18.5,0.1,4.26,28.5,Petrolina
2017-07-29,23.0,28.6,19.8,0.3,5.1,32.9,Petrolina
2017-07-30,22.1,25.9,19.4,0.2,3.66,34.8,Petrolina
2017-07-31,22.7,28.3,18.8,0.1,5.21,28.1,Petrolina
2017-08-01,22.4,26.5,18.0,0.0,3.87,28.8,Petrolina
2017-08-02,23.4,28.4,18.9,0.0,4.04,25.1,Petrolina
2017-08-03,24.7,31.4,19.4,0.0,5.53,22.1,Petrolina
2017-08-04,26.1,32.6,19.8,0.0,6.24,23.6,Petrolina
2017-08-05,26.5,32.9,21.0,0.0,6.86,27.3,Petrolina
2017-08-06,25.2,31.2,20.1,0.0,6.28,26.8,Petrolina
2017-08-07,23.9,28.5,19.5,0.0,5.29,27.9,Petrolina
2017-08-08,23.8,29.4,18.8,0.0,5.8,26.4,Petrolina
2017-08-09,24.8,31.0,19.1,0.0,5.59,22.5,Petrolina
2017-08-10,25.6,32.2,19.6,0.0,6.18,21.3,Petrolina
2017-08-11,25.8,31.6,20.2,0.0,6.76,26.0,Petrolina
2017-08-12,25.1,31.0,19.9,0.0,6.44,30.3,Petrolina
2017-08-13,25.0,31.1,19.5,0.0,6.8,24.2,Petrolina
2017-08-14,24.1,29.2,19.4,0.0,6.21,25.2,Petrolina
2017-08-15,23.9,29.9,18.0,0.0,6.59,25.1,Petrolina
2017-08-16,24.4,30.1,18.8,0.0,6.08,22.4,Petrolina
2017-08-17,24.9,30.8,19.4,0.0,5.81,20.9,Petrolina
2017-08-18,25.8,32.5,19.8,0.0,6.36,26.1,Petrolina
2017-08-19,25.4,31.8,20.6,0.0,5.91,25.3,Petrolina
2017-08-20,25.1,29.1,21.6,0.4,4.38,24.2,Petrolina
2017-08-21,25.8,31.1,20.5,0.0,5.43,24.6,Petrolina
2017-08-22,24.8,28.8,20.5,0.1,5.53,31.3,Petrolina
2017-08-23,24.1,28.1,20.5,0.5,4.88,30.6,Petrolina
2017-08-24,23.2,26.5,20.3,0.8,3.74,28.7,Petrolina
2017-08-25,24.5,30.8,19.8,0.0,6.31,28.0,Petrolina
2017-08-26,23.5,28.7,18.7,0.0,5.39,30.2,Petrolina
2017-08-27,24.0,29.0,19.1,0.0,5.38,25.9,Petrolina
2017-08-28,23.8,29.1,18.6,0.0,5.48,28.9,Petrolina
2017-08-29,24.7,30.6,19.0,0.0,6.33,26.5,Petrolina
2017-08-30,23.9,28.5,19.4,0.4,4.6,26.7,Petrolina
2017-08-31,25.4,31.9,19.0,0.0,6.81,23.7,Petrolina
2017-09-01,25.5,30.6,20.1,0.0,6.38,30.8,Petrolina
2017-09-02,24.5,29.4,19.2,0.1,6.24,31.8,Petrolina
2017-09-03,23.7,28.0,20.2,0.9,5.33,32.6,Petrolina
2017-09-04,22.4,26.1,19.8,0.6,3.96,36.3,Petrolina
2017-09-05,21.9,24.0,19.6,0.9,3.1,32.3,Petrolina
2017-09-06,22.5,25.4,20.6,0.3,2.89,26.8,Petrolina
2017-09-07,23.4,27.1,20.5,0.8,3.81,30.3,Petrolina
2017-09-08,23.6,28.8,19.2,0.0,4.79,26.1,Petrolina
2017-09-09,23.6,28.2,19.0,0.0,5.03,28.4,Petrolina
2017-09-10,23.8,28.9,20.2,0.0,5.36,32.6,Petrolina
2017-09-11,23.5,28.1,19.5,0.1,4.75,31.6,Petrolina
2017-09-12,23.6,28.0,19.8,2.7,4.94,28.4,Petrolina
2017-09-13,23.7,28.5,19.6,0.5,5.09,28.0,Petrolina
2017-09-14,24.0,29.0,19.7,0.0,5.56,31.8,Petrolina
2017-09-15,23.6,28.8,19.6,0.0,5.72,30.0,Petrolina
2017-09-16,23.8,28.5,20.5,0.4,4.82,29.7,Petrolina
2017-09-17,23.8,28.9,20.1,1.3,4.83,28.8,Petrolina
2017-09-18,23.9,29.5,19.7,0.2,5.3,31.4,Petrolina
2017-09-19,23.9,29.2,19.9,0.3,4.95,29.6,Petrolina
2017-09-20,24.1,28.7,19.9,0.0,5.49,28.6,Petrolina
2017-09-21,23.5,28.1,19.1,0.2,4.76,29.6,Petrolina
2017-09-22,23.0,26.1,19.6,0.2,4.08,28.8,Petrolina
2017-09-23,23.7,28.1,19.0,0.0,5.0,27.5,Petrolina
2017-09-24,24.1,30.8,19.4,0.0,5.76,29.8,Petrolina
2017-09-25,23.9,28.6,19.5,0.0,5.02,29.5,Petrolina
2017-09-26,24.1,29.6,19.2,0.0,5.18,28.6,Petrolina
2017-09-27,25.4,31.1,19.4,0.0,5.97,26.8,Petrolina
2017-09-28,26.3,32.2,20.6,0.0,6.57,26.7,Petrolina
2017-09-29,25.9,32.0,20.5,0.0,5.93,28.4,Petrolina
2017-09-30,26.2,32.3,21.1,0.0,7.08,19.5,Petrolina
2017-10-01,26.9,33.8,20.1,0.0,7.61,23.1,Petrolina
2017-10-02,27.3,33.4,21.8,0.0,7.56,23.2,Petrolina
2017-10-03,27.1,33.4,21.3,0.0,7.69,22.5,Petrolina
2017-10-04,26.7,33.6,21.1,0.0,7.52,29.8,Petrolina
2017-10-05,26.5,33.7,20.2,0.0,8.15,33.5,Petrolina
2017-10-06,25.4,32.1,20.3,0.3,6.2,27.2,Petrolina
2017-10-07,25.7,30.5,21.4,0.0,5.83,24.3,Petrolina
2017-10-08,25.9,32.2,20.1,0.0,7.57,24.5,Petrolina
2017-10-09,26.1,32.4,20.2,0.0,7.52,26.8,Petrolina
2017-10-10,26.4,33.2,20.2,0.0,7.9,29.2,Petrolina
2017-10-11,26.3,32.1,20.6,0.0,7.09,27.2,Petrolina
2017-10-12,26.3,32.3,20.7,0.0,6.23,25.1,Petrolina
2017-10-13,26.8,34.3,20.5,0.0,7.96,29.2,Petrolina
2017-10-14,27.9,34.5,21.2,0.0,7.55,22.9,Petrolina
2017-10-15,27.8,34.0,22.1,0.0,6.33,24.6,Petrolina
2017-10-16,27.3,33.7,21.4,0.0,8.6,27.7,Petrolina
2017-10-17,26.1,31.5,20.5,0.0,6.89,31.5,Petrolina
2017-10-18,25.6,31.0,21.4,0.5,6.15,28.5,Petrolina
2017-10-19,26.0,31.7,21.8,0.9,5.76,27.5,Petrolina
2017-10-20,27.3,34.3,20.8,0.0,7.9,29.8,Petrolina
2017-10-21,27.9,34.4,22.4,0.8,8.25,30.9,Petrolina
2017-10-22,27.2,33.7,21.0,0.0,8.2,31.1,Petrolina
2017-10-23,26.9,33.0,20.7,0.0,7.53,23.7,Petrolina
2017-10-24,26.5,31.1,21.9,0.1,5.61,27.9,Petrolina
2017-10-25,27.0,33.8,21.5,0.0,8.0,29.0,Petrolina
2017-10-26,26.9,33.0,21.0,0.0,6.3,26.0,Petrolina
2017-10-27,28.1,34.4,21.9,0.0,7.66,23.2,Petrolina
2017-10-28,28.7,35.3,22.2,0.0,8.05,20.8,Petrolina
2017-10-29,28.7,35.2,21.4,0.0,7.96,21.3,Petrolina
2017-10-30,29.1,35.0,22.4,0.0,8.05,22.9,Petrolina
2017-10-31,28.4,33.2,22.8,0.2,5.59,23.9,Petrolina
2017-11-01,28.5,32.8,24.0,3.3,5.37,18.3,Petrolina
2017-11-02,29.1,34.0,24.9,0.6,7.32,27.9,Petrolina
2017-11-03,27.1,32.8,23.9,0.2,6.62,26.7,Petrolina
2017-11-04,27.4,32.0,22.8,0.0,5.95,22.7,Petrolina
2017-11-05,27.7,32.2,22.6,0.0,5.7,22.2,Petrolina
2017-11-06,29.1,34.2,23.5,0.0,7.36,22.7,Petrolina
2017-11-07,27.8,31.8,24.0,0.4,5.25,23.7,Petrolina
2017-11-08,26.6,31.2,23.8,5.7,4.85,21.2,Petrolina
2017-11-09,28.2,34.8,23.4,0.0,7.53,25.0,Petrolina
2017-11-10,27.7,31.8,22.6,0.0,6.03,23.0,Petrolina
2017-11-11,29.3,35.6,22.7,0.0,7.02,22.7,Petrolina
2017-11-12,31.1,36.3,24.9,0.0,7.22,14.8,Petrolina
2017-11-13,30.5,35.3,26.9,0.3,6.57,21.2,Petrolina
2017-11-14,25.9,29.8,23.6,9.8,3.84,19.2,Petrolina
2017-11-15,26.9,33.4,22.9,0.0,7.2,31.3,Petrolina
2017-11-16,26.8,32.2,22.1,0.0,6.56,25.6,Petrolina
2017-11-17,26.1,30.9,21.0,0.0,5.71,23.5,Petrolina
2017-11-18,27.9,33.7,21.4,0.0,7.49,21.2,Petrolina
2017-11-19,29.0,34.0,23.0,0.0,7.13,20.5,Petrolina
2017-11-20,29.5,34.8,23.2,0.0,7.61,26.5,Petrolina
2017-11-21,29.4,35.5,23.0,0.0,8.66,23.9,Petrolina
2017-11-22,29.0,34.0,23.1,0.0,6.98,21.7,Petrolina
2017-11-23,30.1,35.0,24.4,0.0,7.11,17.5,Petrolina
2017-11-24,29.1,33.6,24.9,0.7,6.91,23.3,Petrolina
2017-11-25,27.8,32.0,23.0,0.2,6.46,24.0,Petrolina
2017-11-26,27.9,33.2,22.8,0.0,7.18,22.7,Petrolina
2017-11-27,28.9,34.8,22.8,0.0,8.53,24.6,Petrolina
2017-11-28,29.3,34.5,22.8,0.0,8.24,23.5,Petrolina
2017-11-29,29.4,34.8,23.0,0.0,7.24,26.1,Petrolina
2017-11-30,29.7,34.6,24.2,0.9,7.22,20.4,Petrolina
2017-12-01,30.1,34.8,25.5,0.3,7.12,22.5,Petrolina
2017-12-02,30.5,35.2,25.4,0.0,7.67,22.3,Petrolina
2017-12-03,29.7,34.9,24.5,0.0,7.32,20.7,Petrolina
2017-12-04,30.1,35.3,24.0,0.0,8.1,18.8,Petrolina
2017-12-05,31.3,35.8,26.0,0.0,7.88,22.4,Petrolina
2017-12-06,31.2,36.0,25.5,0.0,7.77,21.1,Petrolina
2017-12-07,30.4,34.5,25.0,0.0,7.16,20.8,Petrolina
2017-12-08,28.7,31.9,25.5,1.0,6.03,21.5,Petrolina
2017-12-09,27.8,31.9,25.2,8.6,4.66,24.5,Petrolina
2017-12-10,24.9,26.0,23.5,18.0,1.89,23.7,Petrolina
2017-12-11,25.3,28.1,23.0,4.6,2.58,9.3,Petrolina
2017-12-12,27.0,31.2,24.2,2.2,4.23,14.1,Petrolina
2017-12-13,27.9,32.5,24.2,0.0,6.4,21.1,Petrolina
2017-12-14,27.0,32.0,22.3,0.0,7.11,20.1,Petrolina
2017-12-15,26.4,32.0,21.4,0.0,7.26,22.9,Petrolina
2017-12-16,26.8,32.5,21.4,0.0,6.75,23.6,Petrolina
2017-12-17,27.9,33.2,22.9,0.0,7.15,28.4,Petrolina
2017-12-18,28.0,33.0,23.9,0.0,7.02,26.7,Petrolina
2017-12-19,27.2,31.9,22.5,0.0,5.84,26.4,Petrolina
2017-12-20,27.7,34.0,22.5,0.0,7.81,26.3,Petrolina
2017-12-21,27.6,32.2,22.9,0.1,6.55,21.5,Petrolina
2017-12-22,28.4,33.2,24.0,0.0,6.91,22.4,Petrolina
2017-12-23,28.0,34.4,23.4,0.4,6.54,25.1,Petrolina
2017-12-24,27.8,31.4,23.5,0.2,5.78,22.9,Petrolina
2017-12-25,28.5,32.8,23.5,0.2,6.2,20.8,Petrolina
2017-12-26,29.1,34.3,23.6,0.0,7.48,19.5,Petrolina
2017-12-27,28.8,33.8,23.8,0.0,6.89,22.2,Petrolina
2017-12-28,29.1,33.8,23.7,0.0,6.91,20.7,Petrolina
2017-12-29,29.7,33.8,24.2,0.1,6.72,17.3,Petrolina
2017-12-30,30.0,34.3,24.1,0.0,7.22,20.0,Petrolina
2017-12-31,30.2,34.5,24.5,0.2,7.5,22.4,Petrolina
2018-01-01,30.2,35.2,24.1,0.0,7.34,23.8,Petrolina
2018-01-02,30.2,35.0,24.6,0.0,6.73,14.6,Petrolina
2018-01-03,29.4,33.0,25.6,1.0,5.85,19.8,Petrolina
2018-01-04,26.7,30.5,23.8,6.4,3.86,12.0,Petrolina
2018-01-05,25.6,27.5,23.5,16.1,3.44,18.7,Petrolina
2018-01-06,26.1,30.4,22.1,0.1,5.23,21.9,Petrolina
2018-01-07,26.6,30.5,22.5,0.1,5.74,21.9,Petrolina
2018-01-08,27.2,32.2,22.4,0.0,7.36,22.2,Petrolina
2018-01-09,27.5,32.6,22.2,0.0,7.46,29.0,Petrolina
2018-01-10,27.5,32.3,23.5,1.4,5.86,27.7,Petrolina
2018-01-11,26.9,30.1,23.9,0.8,4.85,23.2,Petrolina
2018-01-12,27.2,30.9,23.0,0.0,5.58,21.0,Petrolina
2018-01-13,28.3,33.6,23.8,0.0,6.65,20.4,Petrolina
2018-01-14,28.7,33.8,23.9,0.1,7.47,22.4,Petrolina
2018-01-15,28.9,34.5,23.1,0.1,8.55,25.9,Petrolina
2018-01-16,28.2,34.3,22.9,0.1,7.94,28.1,Petrolina
2018-01-17,28.2,34.7,21.8,0.0,8.11,29.3,Petrolina
2018-01-18,28.5,33.5,22.6,0.0,8.1,29.1,Petrolina
2018-01-19,28.5,34.5,23.4,0.0,7.47,24.9,Petrolina
2018-01-20,29.1,34.0,23.3,0.2,7.36,21.7,Petrolina
2018-01-21,29.6,34.7,23.7,0.0,8.11,21.1,Petrolina
2018-01-22,29.4,34.0,23.6,0.0,8.29,23.8,Petrolina
2018-01-23,29.4,35.2,23.2,0.0,9.06,24.7,Petrolina
2018-01-24,28.5,33.5,23.8,0.0,6.94,23.6,Petrolina
2018-01-25,29.5,35.0,23.8,0.2,6.89,21.3,Petrolina
2018-01-26,28.0,31.1,24.9,0.7,5.06,15.8,Petrolina
2018-01-27,26.3,30.1,23.6,4.6,4.22,15.6,Petrolina
2018-01-28,26.0,29.9,22.9,6.9,4.05,11.3,Petrolina
2018-01-29,26.5,31.0,23.9,5.5,4.74,18.8,Petrolina
2018-01-30,26.6,30.7,24.0,5.2,4.68,16.0,Petrolina
2018-01-31,28.0,33.3,24.0,0.1,6.07,16.2,Petrolina
2018-02-01,29.1,34.1,24.4,0.5,6.91,17.2,Petrolina
2018-02-02,28.4,33.6,24.4,1.8,6.18,16.4,Petrolina
2018-02-03,26.6,29.4,24.2,9.7,4.03,14.8,Petrolina
2018-02-04,25.7,29.1,23.5,5.0,2.91,14.4,Petrolina
2018-02-05,26.6,31.6,23.4,3.4,5.02,16.9,Petrolina
2018-02-06,26.2,30.5,23.3,8.7,3.66,15.1,Petrolina
2018-02-07,25.7,29.0,23.2,9.2,3.29,16.0,Petrolina
2018-02-08,26.0,29.4,23.5,3.7,4.06,18.5,Petrolina
2018-02-09,25.7,28.9,23.2,4.6,4.09,16.9,Petrolina
2018-02-10,24.8,27.6,22.4,3.9,3.37,13.2,Petrolina
2018-02-11,25.7,29.2,22.3,0.1,4.79,21.4,Petrolina
2018-02-12,25.4,30.4,21.2,0.1,5.27,24.2,Petrolina
2018-02-13,26.0,30.8,22.7,3.6,4.97,22.0,Petrolina
2018-02-14,26.5,31.3,23.0,0.6,5.76,23.4,Petrolina
2018-02-15,25.7,29.9,21.8,0.1,4.93,23.0,Petrolina
2018-02-16,26.5,31.0,22.7,0.7,5.61,23.0,Petrolina
2018-02-17,25.3,30.1,21.6,4.4,3.99,24.0,Petrolina
2018-02-18,24.8,27.6,22.3,8.1,3.18,19.1,Petrolina
2018-02-19,25.8,29.7,22.5,1.5,4.33,16.9,Petrolina
2018-02-20,26.6,30.7,23.4,1.4,4.83,16.4,Petrolina
2018-02-21,26.8,31.4,22.9,0.9,5.13,16.2,Petrolina
2018-02-22,25.7,29.6,23.1,3.6,4.23,12.1,Petrolina
2018-02-23,25.1,28.4,21.8,11.3,3.56,14.3,Petrolina
2018-02-24,26.3,31.2,22.4,1.8,4.54,15.5,Petrolina
2018-02-25,27.0,31.4,22.4,0.2,5.49,19.6,Petrolina
2018-02-26,26.2,30.4,22.8,0.2,4.91,16.0,Petrolina
2018-02-27,27.0,31.4,22.8,1.1,5.3,18.4,Petrolina
2018-02-28,27.6,33.5,23.0,0.2,6.26,19.9,Petrolina
2018-03-01,26.6,31.5,23.9,1.6,5.1,20.7,Petrolina
2018-03-02,25.9,30.2,22.6,8.3,4.63,13.4,Petrolina
2018-03-03,26.6,31.8,22.6,1.8,5.13,17.0,Petrolina
2018-03-04,27.2,31.8,23.5,0.9,5.46,18.7,Petrolina
2018-03-05,27.9,32.8,23.5,0.1,5.98,16.1,Petrolina
2018-03-06,28.0,32.6,24.4,1.6,4.84,10.0,Petrolina
2018-03-07,27.6,32.3,24.1,2.0,4.45,14.1,Petrolina
2018-03-08,26.3,30.0,23.5,3.2,3.72,14.3,Petrolina
2018-03-09,26.2,29.8,23.1,6.1,3.86,11.0,Petrolina
2018-03-10,26.4,30.5,23.1,3.6,4.05,13.7,Petrolina
2018-03-11,26.1,29.6,23.0,1.7,3.46,13.7,Petrolina
2018-03-12,26.6,30.9,23.5,6.8,4.34,13.6,Petrolina
2018-03-13,26.1,29.0,23.9,5.5,2.91,9.3,Petrolina
2018-03-14,27.4,32.3,23.3,0.3,5.09,15.2,Petrolina
2018-03-15,28.2,33.6,23.4,0.0,6.21,18.3,Petrolina
2018-03-16,27.8,34.0,21.9,0.0,6.8,19.1,Petrolina
2018-03-17,27.9,32.8,23.4,0.5,5.93,17.8,Petrolina
2018-03-18,28.6,33.5,24.5,0.5,6.0,16.9,Petrolina
2018-03-19,28.4,33.2,24.5,0.5,5.67,18.5,Petrolina
2018-03-20,28.2,32.3,25.1,0.3,5.05,18.5,Petrolina
2018-03-21,28.9,33.6,25.1,0.3,5.72,17.4,Petrolina
2018-03-22,29.1,33.4,25.1,1.1,5.81,15.0,Petrolina
2018-03-23,27.0,31.0,24.6,29.5,4.78,19.5,Petrolina
2018-03-24,25.2,29.0,23.3,6.5,3.53,18.3,Petrolina
2018-03-25,25.2,29.4,22.8,8.0,4.22,22.2,Petrolina
2018-03-26,24.8,28.1,21.8,0.2,3.8,20.4,Petrolina
2018-03-27,25.3,28.6,22.2,0.6,4.3,23.1,Petrolina
2018-03-28,25.7,29.9,21.7,0.1,4.51,26.9,Petrolina
2018-03-29,26.5,31.5,23.0,0.3,5.38,24.5,Petrolina
2018-03-30,26.0,31.0,20.6,0.0,5.38,19.8,Petrolina
2018-03-31,26.5,31.9,21.5,0.0,6.49,20.6,Petrolina
2018-04-01,27.0,32.7,22.0,0.0,6.17,21.9,Petrolina
2018-04-02,27.0,31.2,22.8,0.0,5.19,22.3,Petrolina
2018-04-03,28.2,32.8,24.2,0.0,5.38,17.3,Petrolina
2018-04-04,28.7,33.7,24.5,0.4,5.75,17.3,Petrolina
2018-04-05,27.7,31.5,24.2,0.1,4.7,15.5,Petrolina
2018-04-06,27.1,31.6,23.0,2.9,4.5,15.1,Petrolina
2018-04-07,24.7,27.7,22.4,4.4,2.47,11.9,Petrolina
2018-04-08,26.4,32.0,22.7,4.4,4.18,18.8,Petrolina
2018-04-09,26.8,31.4,22.4,0.4,4.79,18.6,Petrolina
2018-04-10,26.2,31.2,21.5,0.0,5.98,18.6,Petrolina
2018-04-11,26.1,30.1,21.8,0.5,5.35,19.0,Petrolina
2018-04-12,25.5,29.6,23.0,6.5,3.81,23.8,Petrolina
2018-04-13,24.2,26.5,22.1,11.5,2.44,22.4,Petrolina
2018-04-14,26.1,31.4,21.3,0.2,5.37,20.1,Petrolina
2018-04-15,26.1,30.6,21.7,0.0,6.01,23.0,Petrolina
2018-04-16,26.3,32.0,20.7,0.0,6.42,21.3,Petrolina
2018-04-17,25.9,29.9,21.6,0.1,4.97,22.8,Petrolina
2018-04-18,26.5,32.0,22.0,0.0,6.27,25.2,Petrolina
2018-04-19,26.3,32.4,22.2,0.0,5.97,25.9,Petrolina
2018-04-20,26.3,30.6,22.8,0.6,5.16,24.6,Petrolina
2018-04-21,25.1,28.8,22.9,1.2,3.89,32.1,Petrolina
2018-04-22,25.4,30.0,22.1,0.0,4.61,29.3,Petrolina
2018-04-23,25.8,30.9,21.6,0.0,4.92,27.2,Petrolina
2018-04-24,26.2,32.8,21.5,0.2,5.59,26.7,Petrolina
2018-04-25,25.3,29.0,22.6,0.0,4.28,22.5,Petrolina
2018-04-26,25.8,31.3,22.0,0.0,5.36,23.9,Petrolina
2018-04-27,25.9,31.5,21.0,0.0,5.77,27.0,Petrolina
2018-04-28,25.7,30.4,21.6,0.3,4.33,24.5,Petrolina
2018-04-29,26.0,30.0,21.9,0.0,5.13,25.4,Petrolina
2018-04-30,25.7,29.7,21.8,0.3,4.36,27.5,Petrolina
2018-05-01,26.1,30.7,21.6,0.0,4.46,22.2,Petrolina
2018-05-02,26.3,30.9,22.0,0.6,4.89,23.5,Petrolina
2018-05-03,26.0,31.4,21.2,0.2,5.1,26.7,Petrolina
2018-05-04,25.5,29.7,21.6,0.3,4.42,26.6,Petrolina
2018-05-05,25.6,29.5,21.7,0.0,4.49,25.4,Petrolina
2018-05-06,25.8,30.2,21.5,0.0,4.7,26.5,Petrolina
2018-05-07,25.3,30.1,22.2,0.5,4.37,25.8,Petrolina
2018-05-08,25.1,28.9,21.4,0.3,4.11,26.5,Petrolina
2018-05-09,25.1,29.8,20.9,0.0,4.65,26.0,Petrolina
2018-05-10,25.1,30.0,20.5,0.0,4.79,22.7,Petrolina
2018-05-11,25.3,29.4,21.2,0.0,4.66,25.5,Petrolina
2018-05-12,26.0,31.2,21.2,0.0,4.83,19.5,Petrolina
2018-05-13,26.2,31.0,21.5,0.1,5.27,20.6,Petrolina
2018-05-14,26.4,32.8,21.5,0.0,6.26,31.0,Petrolina
2018-05-15,26.2,30.8,21.3,0.0,5.5,23.3,Petrolina
2018-05-16,25.0,28.1,22.8,0.4,3.13,20.4,Petrolina
2018-05-17,26.0,30.9,21.4,0.0,4.91,19.7,Petrolina
2018-05-18,25.8,30.2,20.6,0.0,4.5,24.1,Petrolina
2018-05-19,25.9,31.0,21.9,0.0,5.08,21.0,Petrolina
2018-05-20,26.7,32.8,20.8,0.0,5.73,15.5,Petrolina
2018-05-21,27.4,34.3,21.4,0.0,6.09,27.0,Petrolina
2018-05-22,26.7,31.2,21.8,0.1,4.94,23.5,Petrolina
2018-05-23,26.3,31.0,21.4,0.0,4.76,22.7,Petrolina
2018-05-24,24.9,29.1,20.5,0.2,4.44,25.0,Petrolina
2018-05-25,25.1,30.0,20.8,0.0,5.25,30.1,Petrolina
2018-05-26,24.2,28.3,20.5,0.2,4.12,24.3,Petrolina
2018-05-27,24.5,29.8,20.4,0.0,5.05,31.4,Petrolina
2018-05-28,24.5,28.9,21.0,0.4,4.1,26.6,Petrolina
2018-05-29,24.0,27.2,21.1,0.0,3.89,29.8,Petrolina
2018-05-30,23.8,27.6,21.0,0.9,3.76,31.1,Petrolina
2018-05-31,24.0,28.2,20.1,0.0,3.89,25.0,Petrolina
2018-06-01,24.5,29.8,20.1,0.0,4.4,25.0,Petrolina
2018-06-02,25.6,30.7,20.8,0.0,4.42,21.2,Petrolina
2018-06-03,25.8,30.9,22.2,0.1,4.22,23.0,Petrolina
2018-06-04,25.1,29.5,22.5,0.0,3.82,26.0,Petrolina
2018-06-05,24.8,29.8,20.9,0.0,4.53,25.1,Petrolina
2018-06-06,25.2,30.5,20.9,0.3,5.5,20.7,Petrolina
2018-06-07,25.3,29.2,20.8,0.2,3.96,21.3,Petrolina
2018-06-08,26.2,30.9,21.6,0.2,4.63,20.2,Petrolina
2018-06-09,26.6,31.0,22.5,0.4,5.14,23.9,Petrolina
2018-06-10,25.5,29.8,21.1,0.1,4.8,25.4,Petrolina
2018-06-11,25.6,30.4,20.1,0.0,5.35,26.4,Petrolina
2018-06-12,24.9,29.5,20.2,0.3,4.32,25.6,Petrolina
2018-06-13,24.8,29.5,21.0,0.3,4.24,23.4,Petrolina
2018-06-14,24.4,30.8,18.4,0.0,5.05,23.7,Petrolina
2018-06-15,24.3,29.1,19.5,0.0,4.1,23.0,Petrolina
2018-06-16,24.2,29.9,18.5,0.0,5.29,27.2,Petrolina
2018-06-17,24.4,28.6,20.8,0.7,4.48,26.8,Petrolina
2018-06-18,23.2,25.6,21.0,0.3,3.22,26.9,Petrolina
2018-06-19,23.4,28.0,20.5,0.6,3.83,26.6,Petrolina
2018-06-20,23.1,27.6,19.8,0.3,4.35,29.5,Petrolina
2018-06-21,23.6,28.6,19.4,0.3,4.3,25.2,Petrolina
2018-06-22,23.7,29.8,18.1,0.0,5.36,23.2,Petrolina
2018-06-23,24.2,30.2,18.5,0.0,5.64,30.2,Petrolina
2018-06-24,23.9,29.1,19.8,0.4,5.08,28.4,Petrolina
2018-06-25,23.6,29.5,18.5,0.0,5.34,28.1,Petrolina
2018-06-26,23.9,29.9,18.6,0.0,5.34,25.5,Petrolina
2018-06-27,24.1,29.8,19.2,0.1,4.84,26.1,Petrolina
2018-06-28,24.0,28.5,19.9,0.0,4.71,29.7,Petrolina
2018-06-29,23.5,28.2,18.8,0.1,4.26,28.0,Petrolina
2018-06-30,24.5,30.0,20.2,0.2,5.49,25.4,Petrolina
2018-07-01,24.6,30.0,19.5,0.0,5.71,24.9,Petrolina
2018-07-02,24.2,28.6,20.0,0.4,3.99,22.7,Petrolina
2018-07-03,25.0,30.5,20.6,0.0,5.43,21.9,Petrolina
2018-07-04,24.5,29.7,19.9,0.0,5.86,24.9,Petrolina
2018-07-05,24.2,29.5,19.2,0.0,4.97,26.5,Petrolina
2018-07-06,23.8,27.0,20.1,0.3,3.76,25.7,Petrolina
2018-07-07,24.6,30.0,20.4,0.0,5.25,27.5,Petrolina
2018-07-08,24.5,30.6,19.2,0.0,5.84,28.8,Petrolina
2018-07-09,24.6,30.0,19.8,0.0,5.83,23.2,Petrolina
2018-07-10,24.4,30.8,18.2,0.0,5.9,23.7,Petrolina
2018-07-11,25.1,29.4,20.5,0.0,4.5,20.9,Petrolina
2018-07-12,25.5,29.9,20.6,0.0,5.12,23.7,Petrolina
2018-07-13,24.8,29.0,20.5,0.0,4.8,28.8,Petrolina
2018-07-14,24.1,29.5,18.5,0.0,5.47,26.2,Petrolina
2018-07-15,24.2,29.5,18.5,0.0,5.89,23.9,Petrolina
2018-07-16,24.0,28.5,18.5,0.1,4.8,25.5,Petrolina
2018-07-17,24.0,29.0,17.9,0.1,5.08,25.6,Petrolina
2018-07-18,24.0,29.0,18.6,0.0,5.1,32.0,Petrolina
2018-07-19,23.8,28.4,19.8,0.5,4.41,28.9,Petrolina
2018-07-20,23.4,28.4,19.2,0.7,4.04,24.5,Petrolina
2018-07-21,23.7,28.9,18.8,0.2,5.05,26.6,Petrolina
2018-07-22,23.8,30.5,19.0,0.0,5.59,32.2,Petrolina
2018-07-23,23.9,28.6,18.6,0.0,5.51,29.6,Petrolina
2018-07-24,24.5,29.2,19.7,0.5,5.69,29.3,Petrolina
2018-07-25,24.1,29.1,19.5,0.0,5.07,25.9,Petrolina
2018-07-26,23.7,27.6,19.0,0.0,4.88,26.4,Petrolina
2018-07-27,24.4,30.2,18.9,0.0,6.29,25.3,Petrolina
2018-07-28,23.9,27.9,19.5,0.0,4.5,25.4,Petrolina
2018-07-29,24.1,29.3,18.8,0.0,5.01,23.9,Petrolina
2018-07-30,24.5,30.1,18.3,0.0,5.59,22.6,Petrolina
2018-07-31,25.3,30.0,20.5,0.0,4.9,21.5,Petrolina
2018-08-01,25.4,31.4,19.2,0.0,6.27,21.0,Petrolina
2018-08-02,25.2,31.1,19.2,0.0,6.61,22.5,Petrolina
2018-08-03,25.1,31.4,18.9,0.0,6.24,22.7,Petrolina
2018-08-04,25.2,31.5,18.0,0.0,6.67,19.2,Petrolina
2018-08-05,26.1,32.3,19.1,0.0,6.38,20.9,Petrolina
2018-08-06,26.1,32.5,20.3,0.0,6.81,29.6,Petrolina
2018-08-07,25.6,31.4,19.4,0.0,6.82,26.8,Petrolina
2018-08-08,25.6,32.2,19.5,0.1,6.16,28.8,Petrolina
2018-08-09,25.4,31.2,19.5,0.0,6.21,20.6,Petrolina
2018-08-10,25.9,32.0,19.4,0.0,6.28,16.4,Petrolina
2018-08-11,26.4,32.3,19.7,0.0,6.11,16.6,Petrolina
2018-08-12,27.6,33.6,20.5,0.0,6.11,13.2,Petrolina
2018-08-13,27.2,31.5,22.1,0.0,5.21,18.6,Petrolina
2018-08-14,27.0,32.2,21.7,0.0,6.45,21.8,Petrolina
2018-08-15,26.7,32.4,20.5,0.0,7.16,21.4,Petrolina
2018-08-16,26.5,32.2,20.0,0.0,7.21,21.7,Petrolina
2018-08-17,26.4,31.9,21.0,0.0,6.7,23.6,Petrolina
2018-08-18,25.4,30.5,20.4,0.0,6.04,29.1,Petrolina
2018-08-19,25.1,30.0,20.2,0.1,5.28,27.0,Petrolina
2018-08-20,24.8,29.4,21.2,1.1,4.73,28.5,Petrolina
2018-08-21,25.2,31.2,19.3,0.0,6.74,28.8,Petrolina
2018-08-22,24.3,29.5,19.2,0.0,5.33,27.6,Petrolina
2018-08-23,25.3,31.6,19.1,0.0,6.5,26.2,Petrolina
2018-08-24,25.9,31.2,20.8,0.0,6.61,25.3,Petrolina
2018-08-25,25.1,31.2,18.7,0.0,6.87,26.1,Petrolina
2018-08-26,25.4,31.5,19.4,0.0,7.05,25.5,Petrolina
2018-08-27,25.1,30.0,19.5,0.3,5.83,29.9,Petrolina
2018-08-28,24.9,30.0,20.0,0.1,5.59,26.2,Petrolina
2018-08-29,24.2,28.4,20.1,0.1,5.52,30.1,Petrolina
2018-08-30,23.8,29.6,19.5,0.0,6.02,31.6,Petrolina
2018-08-31,23.9,29.4,18.9,0.0,5.83,26.0,Petrolina
2018-09-01,24.7,29.6,19.7,0.0,5.85,23.5,Petrolina
2018-09-02,25.1,31.5,18.7,0.0,6.42,25.6,Petrolina
2018-09-03,26.2,32.5,19.9,0.1,6.63,24.5,Petrolina
2018-09-04,27.5,33.8,20.6,0.0,6.96,19.9,Petrolina
2018-09-05,28.5,34.3,21.8,0.0,7.04,21.4,Petrolina
2018-09-06,27.1,32.5,21.8,0.0,7.63,26.7,Petrolina
2018-09-07,25.2,30.5,21.1,0.8,5.83,28.5,Petrolina
2018-09-08,24.4,29.6,20.5,0.3,5.63,29.1,Petrolina
2018-09-09,24.6,29.5,18.9,0.0,5.89,28.3,Petrolina
2018-09-10,25.2,30.0,19.8,0.0,5.91,25.7,Petrolina
2018-09-11,26.0,33.1,19.9,0.0,7.29,30.3,Petrolina
2018-09-12,26.5,32.9,20.3,0.0,8.07,27.1,Petrolina
2018-09-13,25.5,31.7,19.1,0.0,7.93,29.2,Petrolina
2018-09-14,25.5,31.9,19.0,0.0,7.3,28.5,Petrolina
2018-09-15,27.1,33.4,19.9,0.0,7.56,24.4,Petrolina
2018-09-16,28.1,34.1,21.1,0.0,7.5,21.2,Petrolina
2018-09-17,28.9,35.2,21.9,0.0,7.6,20.0,Petrolina
2018-09-18,27.9,34.1,21.1,0.0,7.87,22.8,Petrolina
2018-09-19,28.1,34.2,21.5,0.0,8.07,26.8,Petrolina
2018-09-20,27.0,33.8,21.2,0.0,7.28,27.7,Petrolina
2018-09-21,26.8,33.2,21.1,0.0,6.45,26.9,Petrolina
2018-09-22,27.7,34.2,21.0,0.0,7.4,20.3,Petrolina
2018-09-23,28.1,34.0,21.8,0.0,8.14,25.6,Petrolina
2018-09-24,27.7,34.2,21.5,0.0,7.57,24.3,Petrolina
2018-09-25,27.0,32.7,21.6,0.0,6.24,24.5,Petrolina
2018-09-26,26.8,31.4,21.4,0.0,6.2,26.3,Petrolina
2018-09-27,27.0,33.4,20.1,0.0,8.06,24.6,Petrolina
2018-09-28,27.3,33.2,21.0,0.0,7.08,23.7,Petrolina
2018-09-29,28.2,34.3,21.4,0.0,7.53,20.9,Petrolina
2018-09-30,28.1,34.3,22.5,0.1,6.7,23.3,Petrolina
2018-10-01,27.4,33.8,21.5,0.0,7.84,24.7,Petrolina
2018-10-02,27.3,34.0,20.2,0.0,8.21,24.7,Petrolina
2018-10-03,27.9,34.2,21.5,0.0,7.19,20.7,Petrolina
2018-10-04,28.6,34.3,22.0,0.0,7.13,20.3,Petrolina
2018-10-05,28.5,34.6,22.9,0.0,7.18,24.8,Petrolina
2018-10-06,28.0,34.2,22.1,0.0,7.4,25.5,Petrolina
2018-10-07,27.2,32.0,22.4,0.0,6.32,27.3,Petrolina
2018-10-08,27.5,33.4,21.4,0.0,7.65,25.5,Petrolina
2018-10-09,27.5,33.8,20.7,0.0,8.55,24.7,Petrolina
2018-10-10,27.4,33.5,20.5,0.0,8.27,25.9,Petrolina
2018-10-11,27.3,32.5,21.7,0.0,5.8,24.0,Petrolina
2018-10-12,27.2,32.8,21.5,0.0,6.53,25.4,Petrolina
2018-10-13,27.9,34.0,21.6,0.0,6.89,23.9,Petrolina
2018-10-14,29.5,35.3,22.5,0.0,6.95,20.1,Petrolina
2018-10-15,30.6,35.3,24.8,0.4,6.89,14.5,Petrolina
2018-10-16,28.1,31.7,24.6,4.3,4.76,16.5,Petrolina
2018-10-17,25.4,27.5,23.0,14.4,2.67,19.2,Petrolina
2018-10-18,27.2,32.0,22.9,0.6,5.63,21.5,Petrolina
2018-10-19,28.1,31.8,23.4,0.0,5.74,20.9,Petrolina
2018-10-20,30.9,35.7,25.6,0.1,7.26,15.8,Petrolina
2018-10-21,29.3,34.8,24.4,0.2,7.89,28.6,Petrolina
2018-10-22,25.9,30.4,21.8,0.0,5.15,27.7,Petrolina
2018-10-23,27.3,35.1,22.4,1.1,6.96,29.5,Petrolina
2018-10-24,28.7,35.4,22.7,0.1,7.68,23.9,Petrolina
2018-10-25,29.2,36.2,22.0,0.0,8.99,21.9,Petrolina
2018-10-26,29.9,36.2,22.8,0.0,7.62,21.0,Petrolina
2018-10-27,31.4,36.3,24.4,0.0,7.52,19.4,Petrolina
2018-10-28,31.0,36.5,26.5,1.5,7.26,18.5,Petrolina
2018-10-29,28.5,33.7,24.2,0.0,5.81,19.9,Petrolina
2018-10-30,28.6,33.9,24.0,0.7,6.77,22.9,Petrolina
2018-10-31,28.5,34.8,23.2,0.0,7.75,25.5,Petrolina
2018-11-01,28.4,34.6,22.5,0.0,7.56,22.5,Petrolina
2018-11-02,29.1,35.3,21.7,0.0,8.13,23.4,Petrolina
2018-11-03,29.3,34.7,23.0,0.1,7.93,25.7,Petrolina
2018-11-04,29.8,34.5,23.7,0.2,7.44,19.3,Petrolina
2018-11-05,30.8,36.4,24.5,0.0,8.69,24.6,Petrolina
2018-11-06,29.3,34.9,23.5,0.0,7.51,27.3,Petrolina
2018-11-07,29.2,34.8,23.0,0.0,8.07,24.0,Petrolina
2018-11-08,29.1,34.6,23.2,0.4,7.52,27.6,Petrolina
2018-11-09,29.7,34.8,24.4,0.1,7.79,30.1,Petrolina
2018-11-10,29.4,34.9,23.1,0.0,7.47,25.5,Petrolina
2018-11-11,30.0,34.7,23.7,0.1,7.7,31.3,Petrolina
2018-11-12,29.9,35.0,24.5,0.0,8.16,23.9,Petrolina
2018-11-13,30.2,36.0,24.5,0.0,8.81,28.6,Petrolina
2018-11-14,30.2,35.8,23.9,0.0,9.07,25.8,Petrolina
2018-11-15,29.4,34.3,23.9,0.0,7.29,25.0,Petrolina
2018-11-16,29.7,34.5,24.5,0.0,7.88,27.4,Petrolina
2018-11-17,29.4,34.6,24.0,0.3,8.1,26.1,Petrolina
2018-11-18,29.2,35.2,22.5,0.0,8.95,28.1,Petrolina
2018-11-19,29.0,35.2,21.8,0.0,8.43,28.4,Petrolina
2018-11-20,29.8,35.3,23.8,0.0,8.49,29.9,Petrolina
2018-11-21,29.3,35.5,23.1,0.0,8.3,33.4,Petrolina
2018-11-22,29.4,36.2,23.0,0.0,8.98,29.1,Petrolina
2018-11-23,28.3,34.0,22.2,0.0,7.29,28.9,Petrolina
2018-11-24,29.0,33.7,23.8,0.1,7.32,26.0,Petrolina
2018-11-25,28.1,33.3,24.2,0.6,6.04,23.1,Petrolina
2018-11-26,26.3,31.9,22.6,2.4,4.4,25.3,Petrolina
2018-11-27,24.7,29.0,21.3,1.9,4.53,26.1,Petrolina
2018-11-28,26.8,32.6,22.0,0.3,6.01,25.5,Petrolina
2018-11-29,28.4,34.5,22.4,0.0,7.38,24.7,Petrolina
2018-11-30,29.0,33.5,23.2,0.0,6.82,23.3,Petrolina
2018-12-01,28.4,32.2,24.1,0.6,5.21,16.1,Petrolina
2018-12-02,26.4,30.6,23.1,32.4,3.47,13.4,Petrolina
2018-12-03,25.1,28.5,22.8,14.7,2.65,14.4,Petrolina
2018-12-04,24.4,27.2,23.0,34.9,1.91,11.8,Petrolina
2018-12-05,24.5,27.0,23.1,7.3,1.99,10.8,Petrolina
2018-12-06,24.7,28.1,22.5,2.0,2.85,13.4,Petrolina
2018-12-07,25.4,29.8,22.4,4.6,3.98,15.5,Petrolina
2018-12-08,27.1,31.3,22.9,0.5,5.24,12.5,Petrolina
2018-12-09,24.3,26.4,22.1,14.9,2.75,16.8,Petrolina
2018-12-10,25.2,29.4,22.1,1.5,4.36,27.1,Petrolina
2018-12-11,25.9,30.2,22.5,0.2,5.45,28.2,Petrolina
2018-12-12,25.0,29.6,20.1,0.0,5.38,26.9,Petrolina
2018-12-13,25.0,29.2,20.5,0.1,5.2,22.7,Petrolina
2018-12-14,25.4,31.0,20.7,0.0,6.13,21.6,Petrolina
2018-12-15,25.6,31.5,20.1,0.0,6.52,27.5,Petrolina
2018-12-16,25.6,31.2,20.3,0.0,6.15,20.0,Petrolina
2018-12-17,25.8,31.0,20.5,0.5,5.64,24.4,Petrolina
2018-12-18,25.8,30.4,21.9,1.5,5.13,21.6,Petrolina
2018-12-19,26.1,31.8,20.5,0.0,6.54,21.7,Petrolina
2018-12-20,25.8,31.5,20.0,0.0,6.63,17.2,Petrolina
2018-12-21,26.0,31.7,20.9,0.0,5.76,15.9,Petrolina
2018-12-22,27.0,33.3,21.0,0.0,7.0,18.6,Petrolina
2018-12-23,27.3,32.3,22.1,0.0,5.93,15.6,Petrolina
2018-12-24,26.5,30.0,23.7,0.9,4.88,17.7,Petrolina
2018-12-25,27.2,31.9,22.4,1.2,5.43,17.9,Petrolina
2018-12-26,28.1,32.6,23.0,0.1,6.22,16.6,Petrolina
2018-12-27,28.8,34.5,22.5,0.0,7.1,17.1,Petrolina
2018-12-28,29.5,34.2,23.5,0.1,7.36,21.8,Petrolina
2018-12-29,29.5,34.5,23.9,0.1,7.05,20.1,Petrolina
2018-12-30,28.6,32.7,23.4,0.3,6.37,18.3,Petrolina
2018-12-31,29.2,34.7,22.7,0.0,7.63,21.0,Petrolina
2019-01-01,29.5,34.6,24.7,0.0,8.08,22.9,Petrolina
2019-01-02,29.2,34.9,23.9,0.1,8.02,25.9,Petrolina
2019-01-03,28.8,34.3,22.5,0.0,7.99,23.2,Petrolina
2019-01-04,28.9,33.8,23.5,0.2,7.03,19.8,Petrolina
2019-01-05,28.9,33.7,23.9,0.0,6.89,18.4,Petrolina
2019-01-06,28.4,33.6,23.8,0.0,6.38,18.9,Petrolina
2019-01-07,27.6,31.5,23.5,0.2,6.06,24.7,Petrolina
2019-01-08,27.4,31.8,23.0,0.0,5.87,22.9,Petrolina
2019-01-09,27.8,31.8,23.3,2.3,5.81,24.5,Petrolina
2019-01-10,28.3,32.3,24.1,0.1,5.89,24.7,Petrolina
2019-01-11,28.7,34.0,23.2,0.2,8.18,23.8,Petrolina
2019-01-12,29.5,34.7,23.6,0.0,8.06,22.0,Petrolina
2019-01-13,29.7,35.2,23.8,0.0,8.75,24.4,Petrolina
2019-01-14,28.2,31.5,24.5,1.3,5.22,22.4,Petrolina
2019-01-15,29.8,35.8,23.7,0.0,8.22,24.2,Petrolina
2019-01-16,29.0,34.6,23.1,0.0,7.94,21.7,Petrolina
2019-01-17,29.8,35.8,23.4,0.0,8.3,24.8,Petrolina
2019-01-18,29.6,35.5,24.0,0.4,8.04,25.5,Petrolina
2019-01-19,29.4,35.2,23.1,0.0,7.43,23.4,Petrolina
2019-01-20,30.4,35.8,24.6,0.0,8.19,23.0,Petrolina
2019-01-21,30.0,35.1,24.5,0.0,8.17,26.5,Petrolina
2019-01-22,29.8,36.0,23.0,0.0,9.07,26.2,Petrolina
2019-01-23,30.0,36.0,23.6,0.0,8.74,26.6,Petrolina
2019-01-24,29.7,33.5,25.0,0.0,6.77,21.9,Petrolina
2019-01-25,30.1,34.5,24.8,0.1,7.48,20.8,Petrolina
2019-01-26,30.2,35.2,24.5,0.0,8.76,19.7,Petrolina
2019-01-27,30.2,35.7,23.6,0.0,9.21,26.6,Petrolina
2019-01-28,29.3,35.1,22.9,0.0,9.03,27.0,Petrolina
2019-01-29,29.0,36.0,23.0,0.0,8.41,28.5,Petrolina
2019-01-30,29.5,35.5,22.8,0.0,8.86,22.7,Petrolina
2019-01-31,29.6,35.7,22.9,0.0,8.87,27.4,Petrolina
2019-02-01,30.5,36.0,24.0,0.0,8.9,25.3,Petrolina
2019-02-02,29.7,35.0,24.7,0.1,7.29,25.0,Petrolina
2019-02-03,30.3,35.0,24.0,0.0,7.24,21.4,Petrolina
2019-02-04,30.6,35.5,25.6,0.5,6.78,22.1,Petrolina
2019-02-05,27.7,31.7,23.5,12.5,4.83,16.4,Petrolina
2019-02-06,25.8,29.9,22.5,26.4,3.66,15.1,Petrolina
2019-02-07,25.7,29.5,22.9,15.6,3.58,12.0,Petrolina
2019-02-08,27.3,31.5,22.6,0.8,5.22,15.1,Petrolina
2019-02-09,27.5,32.1,22.9,0.0,6.15,18.8,Petrolina
2019-02-10,27.7,33.0,22.3,0.0,7.21,22.3,Petrolina
2019-02-11,27.7,33.3,22.1,0.0,7.04,27.5,Petrolina
2019-02-12,27.9,34.2,21.6,0.0,7.01,22.7,Petrolina
2019-02-13,29.3,34.1,23.3,0.2,6.9,16.5,Petrolina
2019-02-14,27.1,31.5,23.0,7.1,4.62,11.6,Petrolina
2019-02-15,27.7,32.5,23.5,7.8,5.46,13.6,Petrolina
2019-02-16,26.0,29.8,23.5,1.6,3.22,10.5,Petrolina
2019-02-17,27.0,31.4,23.9,3.2,4.49,11.4,Petrolina
2019-02-18,26.9,30.8,23.0,9.2,4.47,12.9,Petrolina
2019-02-19,27.8,32.8,23.5,1.9,5.76,15.5,Petrolina
2019-02-20,28.5,33.7,23.0,0.0,6.67,13.3,Petrolina
2019-02-21,28.9,33.8,23.6,0.0,6.59,14.9,Petrolina
2019-02-22,28.5,34.0,23.0,0.0,6.97,18.6,Petrolina
2019-02-23,28.9,33.3,24.3,0.5,5.74,15.2,Petrolina
2019-02-24,26.5,30.0,22.6,12.2,3.86,10.5,Petrolina
2019-02-25,27.3,31.5,23.8,2.1,4.63,10.2,Petrolina
2019-02-26,26.4,30.6,23.0,12.1,4.37,15.9,Petrolina
2019-02-27,26.2,30.2,22.1,10.4,4.32,15.6,Petrolina
2019-02-28,27.3,32.4,23.3,1.5,5.31,13.5,Petrolina
2019-03-01,26.9,30.4,23.7,0.3,4.88,14.2,Petrolina
2019-03-02,27.3,30.8,23.4,0.6,4.96,13.8,Petrolina
2019-03-03,27.6,32.2,23.0,0.4,6.01,18.4,Petrolina
2019-03-04,26.1,30.8,23.0,7.2,4.66,17.2,Petrolina
2019-03-05,27.3,33.1,22.9,0.4,6.05,24.5,Petrolina
2019-03-06,27.8,33.3,22.5,0.0,7.16,22.7,Petrolina
2019-03-07,27.7,32.7,22.4,0.2,5.8,18.8,Petrolina
2019-03-08,28.1,33.0,23.1,0.1,6.42,19.6,Petrolina
2019-03-09,29.3,35.0,23.4,0.0,7.48,20.9,Petrolina
2019-03-10,29.2,34.6,23.1,0.0,6.96,15.1,Petrolina
2019-03-11,29.6,35.3,23.1,0.0,7.78,17.7,Petrolina
2019-03-12,30.2,36.0,23.9,0.2,8.58,27.5,Petrolina
2019-03-13,29.5,34.8,25.0,0.0,7.36,24.0,Petrolina
2019-03-14,28.0,32.4,24.4,0.6,5.13,18.0,Petrolina
2019-03-15,28.9,34.2,24.2,0.4,6.21,18.7,Petrolina
2019-03-16,29.3,35.2,23.5,0.0,7.19,17.7,Petrolina
2019-03-17,28.9,33.7,23.4,0.2,6.32,14.9,Petrolina
2019-03-18,29.8,35.2,23.9,0.3,6.47,13.5,Petrolina
2019-03-19,29.8,34.0,24.9,0.1,5.59,17.4,Petrolina
2019-03-20,29.8,34.3,26.1,0.4,5.9,16.7,Petrolina
2019-03-21,27.3,31.9,23.2,7.2,4.16,21.7,Petrolina
2019-03-22,27.4,31.9,24.1,3.5,4.32,11.3,Petrolina
2019-03-23,25.9,30.0,23.5,16.1,3.15,9.5,Petrolina
2019-03-24,25.1,27.6,22.5,7.1,2.53,10.1,Petrolina
2019-03-25,25.2,28.2,23.0,4.6,2.7,13.4,Petrolina
2019-03-26,26.3,30.5,23.0,0.8,4.72,16.9,Petrolina
2019-03-27,26.0,30.0,23.0,3.0,4.24,20.1,Petrolina
2019-03-28,26.6,31.9,22.7,0.6,5.93,24.2,Petrolina
2019-03-29,26.3,31.0,21.7,0.0,4.92,22.7,Petrolina
2019-03-30,26.1,31.2,22.2,1.5,4.86,24.5,Petrolina
2019-03-31,26.2,31.4,22.6,0.8,4.29,20.6,Petrolina
2019-04-01,25.7,29.0,22.5,5.6,3.55,19.5,Petrolina
2019-04-02,26.7,31.2,23.2,2.3,4.68,14.0,Petrolina
2019-04-03,27.1,31.2,23.1,2.0,5.0,15.9,Petrolina
2019-04-04,26.5,31.1,23.0,5.7,4.57,18.8,Petrolina
2019-04-05,25.6,29.2,22.9,9.2,3.63,10.5,Petrolina
2019-04-06,26.1,30.9,22.5,30.5,4.6,14.8,Petrolina
2019-04-07,26.3,30.9,22.6,2.3,4.63,17.7,Petrolina
2019-04-08,26.8,31.0,22.8,0.0,4.41,16.8,Petrolina
2019-04-09,26.9,31.1,22.6,2.1,4.7,14.9,Petrolina
2019-04-10,27.4,31.1,23.6,0.6,4.58,11.7,Petrolina
2019-04-11,27.2,31.0,23.9,1.3,4.18,11.9,Petrolina
2019-04-12,27.9,32.4,23.7,0.2,5.67,15.3,Petrolina
2019-04-13,27.6,32.7,23.1,0.0,6.12,20.1,Petrolina
2019-04-14,26.8,31.5,21.5,0.4,5.44,20.6,Petrolina
2019-04-15,27.7,33.2,22.0,0.0,5.72,18.4,Petrolina
2019-04-16,27.8,32.5,23.2,0.4,5.49,19.7,Petrolina
2019-04-17,28.4,32.8,24.1,1.0,5.42,16.1,Petrolina
2019-04-18,28.4,32.9,24.0,1.1,5.11,17.7,Petrolina
2019-04-19,29.1,33.6,24.6,0.6,5.71,14.8,Petrolina
2019-04-20,28.7,33.2,23.6,0.0,5.91,17.1,Petrolina
2019-04-21,27.8,32.7,24.1,1.7,4.96,18.5,Petrolina
2019-04-22,28.1,33.2,23.9,0.8,5.76,21.2,Petrolina
2019-04-23,27.7,34.0,22.5,0.5,6.44,24.9,Petrolina
2019-04-24,27.2,33.6,22.6,1.1,6.57,28.8,Petrolina
2019-04-25,27.5,34.0,21.8,0.0,7.04,26.5,Petrolina
2019-04-26,27.9,34.0,22.5,0.0,6.64,24.4,Petrolina
2019-04-27,27.3,32.1,21.9,0.1,5.08,21.3,Petrolina
2019-04-28,27.8,31.4,23.0,0.0,5.18,21.7,Petrolina
2019-04-29,29.2,34.5,23.4,0.0,5.92,16.6,Petrolina
2019-04-30,29.8,34.2,26.0,0.3,5.3,15.1,Petrolina
2019-05-01,27.6,32.3,23.8,3.8,5.12,21.5,Petrolina
2019-05-02,27.7,32.0,23.9,0.5,5.07,17.6,Petrolina
2019-05-03,27.9,33.2,23.5,0.3,5.73,21.3,Petrolina
2019-05-04,27.6,33.2,22.1,0.0,6.54,23.8,Petrolina
2019-05-05,27.3,33.3,20.4,0.0,7.1,22.7,Petrolina
2019-05-06,27.6,33.6,21.5,0.0,6.98,20.4,Petrolina
2019-05-07,27.5,33.1,21.9,0.0,6.23,17.2,Petrolina
2019-05-08,27.7,32.2,22.9,0.0,5.0,18.1,Petrolina
2019-05-09,27.3,29.5,24.8,0.0,4.0,22.5,Petrolina
2019-05-10,27.5,33.2,22.8,0.0,5.77,27.6,Petrolina
2019-05-11,26.0,30.2,23.1,2.1,4.5,26.2,Petrolina
2019-05-12,27.1,33.2,22.2,0.1,5.88,26.2,Petrolina
2019-05-13,27.1,32.9,22.3,2.8,4.95,21.4,Petrolina
2019-05-14,27.5,32.2,22.6,3.2,5.19,19.0,Petrolina
2019-05-15,27.9,32.5,23.8,0.7,5.0,18.7,Petrolina
2019-05-16,27.6,31.5,24.2,0.6,4.37,12.8,Petrolina
2019-05-17,26.9,29.2,24.0,2.5,3.58,17.1,Petrolina
2019-05-18,28.1,32.5,23.5,0.1,5.34,18.6,Petrolina
2019-05-19,28.9,34.5,23.9,0.0,6.57,26.4,Petrolina
2019-05-20,28.5,32.8,24.5,0.0,6.23,20.7,Petrolina
2019-05-21,27.7,32.7,22.5,0.0,5.35,23.9,Petrolina
2019-05-22,27.0,31.0,22.7,0.9,4.54,24.2,Petrolina
2019-05-23,27.7,33.3,23.5,0.4,5.69,20.1,Petrolina
2019-05-24,28.3,34.0,22.7,0.0,6.35,17.9,Petrolina
2019-05-25,28.5,34.5,22.2,0.0,6.92,19.6,Petrolina
2019-05-26,28.1,34.6,21.9,0.0,7.54,24.2,Petrolina
2019-05-27,27.6,33.0,22.1,0.0,6.67,23.2,Petrolina
2019-05-28,27.4,32.4,22.2,0.0,5.67,25.3,Petrolina
2019-05-29,27.6,32.8,22.4,0.0,5.63,23.8,Petrolina
2019-05-30,27.2,31.4,22.4,1.2,5.32,21.7,Petrolina
2019-05-31,27.4,33.0,22.1,0.0,6.1,20.6,Petrolina
2019-06-01,27.6,32.6,21.8,0.0,5.82,18.9,Petrolina
2019-06-02,27.2,31.5,23.0,1.2,4.81,21.1,Petrolina
2019-06-03,27.3,32.7,22.8,0.0,6.44,26.5,Petrolina
2019-06-04,27.2,32.8,21.0,0.0,5.89,20.7,Petrolina
2019-06-05,27.4,32.9,21.2,0.0,7.34,26.2,Petrolina
2019-06-06,24.0,27.0,21.4,0.4,3.97,33.4,Petrolina
2019-06-07,23.5,26.9,21.3,1.4,3.02,32.9,Petrolina
2019-06-08,24.2,29.0,21.0,0.6,3.95,25.8,Petrolina
2019-06-09,24.8,30.0,20.0,0.5,4.8,28.7,Petrolina
2019-06-10,23.9,28.0,21.7,0.2,3.64,29.3,Petrolina
2019-06-11,24.1,28.3,20.7,0.3,3.67,25.3,Petrolina
2019-06-12,24.7,29.8,20.8,0.1,4.47,27.6,Petrolina
2019-06-13,24.5,29.5,21.5,1.2,4.1,28.3,Petrolina
2019-06-14,24.8,30.1,20.5,0.0,5.77,27.9,Petrolina
2019-06-15,24.8,30.5,20.0,0.0,5.23,31.6,Petrolina
2019-06-16,25.1,31.2,19.3,0.0,6.18,27.5,Petrolina
2019-06-17,25.2,28.9,21.0,0.1,4.26,27.4,Petrolina
2019-06-18,24.8,27.8,21.7,0.5,3.53,28.5,Petrolina
2019-06-19,24.4,29.1,20.0,0.0,4.42,28.1,Petrolina
2019-06-20,24.7,29.3,21.1,2.2,3.89,22.9,Petrolina
2019-06-21,25.4,31.0,20.6,0.0,5.63,27.9,Petrolina
2019-06-22,24.7,28.8,21.0,0.0,4.81,31.6,Petrolina
2019-06-23,24.6,29.6,20.2,0.3,4.31,26.6,Petrolina
2019-06-24,25.5,31.6,20.5,0.0,5.64,26.7,Petrolina
2019-06-25,25.0,30.5,20.0,0.0,4.57,23.0,Petrolina
2019-06-26,25.4,31.6,20.4,0.0,6.08,25.0,Petrolina
2019-06-27,24.8,29.2,20.0,0.0,4.3,24.6,Petrolina
2019-06-28,25.3,30.8,20.2,0.0,5.48,26.9,Petrolina
2019-06-29,25.2,29.9,21.9,1.0,4.95,32.9,Petrolina
2019-06-30,24.3,28.7,19.8,0.0,3.99,27.1,Petrolina
2019-07-01,25.5,31.2,20.3,0.0,5.81,24.0,Petrolina
2019-07-02,25.0,29.9,20.4,0.0,4.07,20.9,Petrolina
2019-07-03,26.7,32.6,20.3,0.0,5.6,23.8,Petrolina
2019-07-04,27.7,32.8,21.7,0.3,5.59,20.3,Petrolina
2019-07-05,28.2,33.3,22.1,0.0,5.75,17.7,Petrolina
2019-07-06,28.5,33.6,22.5,0.4,5.43,15.3,Petrolina
2019-07-07,27.7,32.3,24.0,0.1,6.0,27.9,Petrolina
2019-07-08,23.1,26.7,20.8,2.5,3.57,34.5,Petrolina
2019-07-09,22.2,25.6,20.4,0.4,2.93,29.9,Petrolina
2019-07-10,22.7,25.8,19.5,0.0,3.68,32.0,Petrolina
2019-07-11,22.9,26.0,19.8,0.1,3.39,29.5,Petrolina
2019-07-12,23.8,29.0,19.2,0.3,4.56,26.6,Petrolina
2019-07-13,24.4,30.2,20.9,1.1,4.35,23.3,Petrolina
2019-07-14,23.9,28.0,19.9,0.1,3.76,23.1,Petrolina
2019-07-15,24.2,28.3,19.8,0.0,3.68,22.8,Petrolina
2019-07-16,25.3,31.5,19.0,0.0,6.4,18.6,Petrolina
2019-07-17,25.1,32.9,18.1,0.0,6.73,24.4,Petrolina
2019-07-18,22.7,27.1,18.5,0.4,4.02,31.4,Petrolina
2019-07-19,22.5,26.4,18.9,0.0,4.49,35.4,Petrolina
2019-07-20,23.6,27.8,19.5,0.0,4.75,36.8,Petrolina
2019-07-21,23.9,28.8,19.9,0.3,5.35,32.1,Petrolina
2019-07-22,23.5,30.5,18.8,0.0,5.19,30.4,Petrolina
2019-07-23,24.2,28.9,19.5,0.0,4.82,28.2,Petrolina
2019-07-24,24.3,28.9,19.5,0.3,4.54,26.5,Petrolina
2019-07-25,24.2,29.5,19.2,0.3,5.13,28.5,Petrolina
2019-07-26,23.8,28.9,18.6,0.0,5.3,29.2,Petrolina
2019-07-27,23.7,28.8,19.0,0.0,4.66,26.5,Petrolina
2019-07-28,24.0,29.0,19.5,0.9,4.59,27.0,Petrolina
2019-07-29,24.4,30.3,19.0,0.0,6.25,27.3,Petrolina
2019-07-30,23.1,27.0,20.1,0.3,3.51,29.0,Petrolina
2019-07-31,24.9,30.4,19.6,0.0,5.49,20.9,Petrolina
2019-08-01,25.0,31.0,18.9,0.0,6.48,24.6,Petrolina
2019-08-02,24.8,30.8,18.4,0.0,6.11,25.7,Petrolina
2019-08-03,25.3,31.4,19.1,0.0,6.73,23.2,Petrolina
2019-08-04,25.3,32.8,18.8,0.0,6.65,31.1,Petrolina
2019-08-05,24.8,29.9,20.0,0.0,5.74,34.4,Petrolina
2019-08-06,23.5,27.5,20.0,0.8,4.71,36.0,Petrolina
2019-08-07,22.8,27.2,19.9,1.9,3.63,26.6,Petrolina
2019-08-08,23.1,26.8,18.4,0.0,4.06,28.0,Petrolina
2019-08-09,23.4,28.5,16.8,0.1,4.74,25.7,Petrolina
2019-08-10,24.0,28.5,19.1,0.0,4.27,25.7,Petrolina
2019-08-11,24.8,30.2,19.6,0.0,4.8,25.4,Petrolina
2019-08-12,24.2,28.5,19.9,0.6,4.47,26.8,Petrolina
2019-08-13,24.8,31.1,19.8,0.1,6.26,27.6,Petrolina
2019-08-14,24.2,29.0,19.2,0.0,4.55,25.4,Petrolina
2019-08-15,24.5,29.5,20.2,0.0,6.1,32.1,Petrolina
2019-08-16,24.6,30.6,18.9,0.0,7.2,34.3,Petrolina
2019-08-17,25.0,30.0,20.6,0.0,5.46,28.9,Petrolina
2019-08-18,25.0,30.6,19.1,0.4,5.33,23.4,Petrolina
2019-08-19,25.7,31.6,19.5,0.0,5.75,22.7,Petrolina
2019-08-20,26.3,32.8,19.8,0.0,6.76,23.8,Petrolina
2019-08-21,26.2,32.7,19.8,0.0,7.3,26.3,Petrolina
2019-08-22,25.9,31.7,19.3,0.0,7.66,27.0,Petrolina
2019-08-23,25.2,31.5,18.3,0.0,6.92,27.0,Petrolina
2019-08-24,25.9,32.7,19.0,0.0,6.84,24.3,Petrolina
2019-08-25,25.7,31.6,20.2,0.1,6.63,29.2,Petrolina
2019-08-26,24.4,29.1,19.5,0.1,5.32,28.0,Petrolina
2019-08-27,24.2,28.6,19.5,0.0,4.93,29.7,Petrolina
2019-08-28,25.1,32.0,19.0,0.0,6.96,27.7,Petrolina
2019-08-29,23.7,29.4,19.0,0.0,4.7,26.4,Petrolina
2019-08-30,24.7,29.5,19.7,0.3,5.13,25.6,Petrolina
2019-08-31,25.0,30.0,19.2,0.0,5.3,25.8,Petrolina
2019-09-01,26.1,32.7,19.4,0.0,7.14,26.1,Petrolina
2019-09-02,27.1,33.7,20.1,0.4,6.65,24.1,Petrolina
2019-09-03,26.8,31.9,21.4,0.0,5.75,23.7,Petrolina
2019-09-04,26.7,33.2,20.8,0.0,6.45,25.5,Petrolina
2019-09-05,26.3,32.4,20.2,0.0,7.22,26.7,Petrolina
2019-09-06,25.4,32.0,21.0,0.0,6.87,35.6,Petrolina
2019-09-07,25.3,32.0,19.4,0.0,6.92,31.2,Petrolina
2019-09-08,26.5,33.5,20.4,0.0,7.46,30.0,Petrolina
2019-09-09,25.3,30.5,20.4,0.7,5.19,27.9,Petrolina
2019-09-10,25.9,31.6,21.2,1.1,5.95,25.0,Petrolina
2019-09-11,25.3,30.8,20.3,0.5,5.63,28.0,Petrolina
2019-09-12,27.0,33.5,21.2,0.0,6.78,25.8,Petrolina
2019-09-13,27.5,34.7,20.0,0.0,7.57,20.7,Petrolina
2019-09-14,26.8,32.5,20.7,0.0,6.71,26.6,Petrolina
2019-09-15,26.3,32.9,19.8,0.0,7.65,26.8,Petrolina
2019-09-16,25.0,28.2,21.5,0.4,4.69,27.2,Petrolina
2019-09-17,25.7,32.0,18.8,0.0,6.69,24.9,Petrolina
2019-09-18,26.1,30.8,21.1,0.1,4.66,23.6,Petrolina
2019-09-19,27.7,34.3,21.5,0.0,7.37,23.6,Petrolina
2019-09-20,27.2,34.5,20.1,0.0,8.11,23.5,Petrolina
2019-09-21,27.3,33.8,20.9,0.0,7.27,25.0,Petrolina
2019-09-22,27.2,33.7,20.5,0.0,7.66,23.5,Petrolina
2019-09-23,26.2,33.0,20.5,0.0,6.66,30.1,Petrolina
2019-09-24,26.3,32.6,21.4,0.0,7.47,30.1,Petrolina
2019-09-25,26.2,32.7,19.2,0.0,7.14,28.8,Petrolina
2019-09-26,26.7,32.0,21.1,0.0,5.71,26.5,Petrolina
2019-09-27,28.8,35.0,21.3,0.0,7.34,20.9,Petrolina
2019-09-28,30.6,36.8,23.8,0.0,8.33,23.9,Petrolina
2019-09-29,29.2,34.8,22.8,0.0,7.74,25.7,Petrolina
2019-09-30,29.1,34.3,23.1,0.0,7.58,26.0,Petrolina
2019-10-01,27.9,32.1,23.2,0.0,6.68,23.7,Petrolina
2019-10-02,27.1,31.6,22.4,0.9,6.1,32.1,Petrolina
2019-10-03,27.0,32.2,22.5,0.0,6.2,26.1,Petrolina
2019-10-04,28.1,33.0,23.0,0.0,7.43,28.8,Petrolina
2019-10-05,26.2,31.9,20.9,0.1,6.49,25.0,Petrolina
2019-10-06,27.2,33.4,20.6,0.0,7.63,21.3,Petrolina
2019-10-07,28.3,35.2,21.5,0.0,7.8,25.1,Petrolina
2019-10-08,28.0,34.0,22.6,0.0,7.09,25.5,Petrolina
2019-10-09,27.7,34.6,20.6,0.0,8.65,29.3,Petrolina
2019-10-10,27.1,34.3,20.6,0.0,8.22,29.2,Petrolina
2019-10-11,26.4,32.1,21.5,0.3,6.56,29.0,Petrolina
2019-10-12,26.7,32.2,21.0,0.3,6.29,29.5,Petrolina
2019-10-13,26.9,33.0,20.6,0.0,7.36,28.0,Petrolina
2019-10-14,27.6,34.7,20.2,0.0,8.15,24.3,Petrolina
2019-10-15,28.5,34.8,21.7,0.0,7.86,29.2,Petrolina
2019-10-16,27.1,32.4,21.9,0.0,6.62,24.0,Petrolina
2019-10-17,27.7,34.0,21.2,0.0,7.95,25.1,Petrolina
2019-10-18,27.9,34.0,21.3,0.0,6.88,26.6,Petrolina
2019-10-19,28.7,34.1,22.0,0.0,6.93,31.0,Petrolina
2019-10-20,30.7,35.9,24.0,0.0,6.64,12.4,Petrolina
2019-10-21,30.7,34.9,25.2,0.0,6.5,14.0,Petrolina
2019-10-22,28.0,32.2,24.0,21.7,4.46,17.8,Petrolina
2019-10-23,26.8,31.2,22.8,55.9,4.42,17.9,Petrolina
2019-10-24,28.0,33.3,23.5,0.0,7.0,23.7,Petrolina
2019-10-25,27.8,34.3,21.8,0.0,7.83,22.9,Petrolina
2019-10-26,27.8,33.5,20.9,0.0,7.85,25.3,Petrolina
2019-10-27,28.5,33.2,23.2,0.1,6.76,26.5,Petrolina
2019-10-28,28.9,35.8,22.1,0.0,9.2,28.4,Petrolina
2019-10-29,28.2,34.8,21.0,0.0,8.71,26.5,Petrolina
2019-10-30,28.5,35.0,21.5,0.0,9.07,25.4,Petrolina
2019-10-31,28.4,34.0,22.8,0.0,7.03,23.3,Petrolina
2019-11-01,29.3,34.7,22.9,0.0,7.36,23.2,Petrolina
2019-11-02,29.3,35.6,22.6,0.0,9.11,29.3,Petrolina
2019-11-03,28.0,32.7,22.1,0.0,7.34,25.6,Petrolina
2019-11-04,29.9,35.2,23.4,0.1,7.3,21.8,Petrolina
2019-11-05,30.4,34.3,24.6,0.8,6.75,20.6,Petrolina
2019-11-06,30.7,37.0,23.5,0.0,8.74,24.1,Petrolina
2019-11-07,30.3,35.9,23.6,0.0,8.81,24.7,Petrolina
2019-11-08,29.3,35.7,22.8,0.0,8.57,23.7,Petrolina
2019-11-09,29.7,35.8,23.0,0.0,8.44,26.2,Petrolina
2019-11-10,29.6,35.8,22.4,0.0,8.56,24.8,Petrolina
2019-11-11,29.9,36.0,23.5,0.0,8.75,23.6,Petrolina
2019-11-12,30.1,36.5,23.6,0.0,9.14,26.1,Petrolina
2019-11-13,28.7,34.3,22.1,0.0,8.0,25.3,Petrolina
2019-11-14,29.2,35.0,22.5,0.0,8.29,23.7,Petrolina
2019-11-15,30.4,36.5,22.9,0.0,7.69,18.1,Petrolina
2019-11-16,31.1,35.8,24.4,0.0,7.5,19.6,Petrolina
2019-11-17,30.6,34.2,26.1,0.6,6.74,19.8,Petrolina
2019-11-18,29.5,33.8,25.2,1.3,6.81,22.4,Petrolina
2019-11-19,29.0,34.7,23.1,0.0,8.18,25.7,Petrolina
2019-11-20,29.0,35.2,22.5,0.0,8.99,26.5,Petrolina
2019-11-21,28.8,35.5,22.1,0.0,8.44,27.7,Petrolina
2019-11-22,28.6,32.8,22.9,0.1,6.67,23.3,Petrolina
2019-11-23,29.8,34.8,23.6,0.0,7.15,22.2,Petrolina
2019-11-24,32.8,37.6,26.9,0.0,7.32,16.1,Petrolina
2019-11-25,28.9,31.6,27.1,1.7,4.8,24.5,Petrolina
2019-11-26,25.9,29.0,23.6,6.2,3.86,25.3,Petrolina
2019-11-27,26.4,29.9,23.2,1.7,5.06,23.3,Petrolina
2019-11-28,27.7,33.3,22.4,0.0,6.09,24.2,Petrolina
2019-11-29,29.5,34.8,23.2,0.0,7.44,18.7,Petrolina
2019-11-30,30.9,37.1,24.0,0.0,8.43,23.6,Petrolina
2019-12-01,30.8,37.6,24.0,0.0,8.36,21.2,Petrolina
2019-12-02,31.7,37.3,24.0,0.0,7.59,17.1,Petrolina
2019-12-03,33.1,37.0,28.5,0.0,8.31,30.5,Petrolina
2019-12-04,30.9,36.3,24.7,0.0,9.24,28.3,Petrolina
2019-12-05,29.9,35.5,23.4,0.0,8.57,23.8,Petrolina
2019-12-06,30.6,36.5,23.9,0.0,7.75,20.3,Petrolina
2019-12-07,32.2,37.5,25.4,0.0,7.78,20.3,Petrolina
2019-12-08,31.6,34.9,28.2,0.7,7.06,21.6,Petrolina
2019-12-09,29.0,33.5,24.5,0.7,6.62,24.9,Petrolina
2019-12-10,28.7,33.2,23.2,0.6,7.38,20.6,Petrolina
2019-12-11,29.1,33.2,24.2,0.2,6.83,18.5,Petrolina
2019-12-12,30.1,35.8,23.9,0.0,8.77,28.8,Petrolina
2019-12-13,29.8,36.2,23.7,0.0,9.53,29.0,Petrolina
2019-12-14,29.1,35.2,22.6,0.0,8.88,30.1,Petrolina
2019-12-15,28.6,33.2,23.2,0.2,8.05,27.6,Petrolina
2019-12-16,29.0,34.5,22.6,0.0,7.68,25.7,Petrolina
2019-12-17,29.4,34.5,23.9,0.1,7.65,25.6,Petrolina
2019-12-18,30.0,35.3,23.9,0.0,8.67,23.6,Petrolina
2019-12-19,30.0,35.5,23.4,0.0,9.05,23.6,Petrolina
2019-12-20,30.0,36.3,23.8,0.0,8.48,28.1,Petrolina
2019-12-21,29.8,35.7,23.9,0.0,9.15,31.8,Petrolina
2019-12-22,29.9,36.1,23.4,0.0,8.96,25.2,Petrolina
2019-12-23,30.3,36.3,23.4,0.0,8.55,25.3,Petrolina
2019-12-24,31.0,36.5,24.2,0.0,9.03,24.4,Petrolina
2019-12-25,31.0,37.1,24.7,0.0,9.38,26.4,Petrolina
2019-12-26,29.7,34.3,24.1,0.0,7.84,25.5,Petrolina
2019-12-27,28.8,33.0,23.5,0.0,6.37,25.4,Petrolina
2019-12-28,29.0,32.7,24.0,0.0,6.27,21.3,Petrolina
2019-12-29,29.4,33.7,24.2,0.0,6.57,25.2,Petrolina
2019-12-30,28.4,31.5,24.8,0.0,4.81,21.5,Petrolina
2019-12-31,24.7,28.5,23.0,63.8,1.9,24.0,Petrolina
2020-01-01,24.3,27.5,22.3,12.2,2.03,11.5,Petrolina
2020-01-02,25.9,29.4,23.7,5.4,3.21,12.2,Petrolina
2020-01-03,24.9,27.0,23.8,11.8,2.02,15.3,Petrolina
2020-01-04,24.9,27.3,23.5,11.6,1.72,11.7,Petrolina
2020-01-05,26.1,30.3,22.6,1.1,3.8,15.6,Petrolina
2020-01-06,26.7,31.4,24.0,3.7,4.27,16.8,Petrolina
2020-01-07,27.0,31.1,24.1,2.3,4.38,13.4,Petrolina
2020-01-08,27.6,32.0,24.2,1.1,5.37,15.6,Petrolina
2020-01-09,27.8,31.9,23.3,1.8,5.5,12.9,Petrolina
2020-01-10,28.2,33.0,22.2,0.2,6.6,16.6,Petrolina
2020-01-11,29.0,33.8,25.0,0.5,6.42,20.7,Petrolina
2020-01-12,29.7,34.8,23.5,0.0,7.51,22.2,Petrolina
2020-01-13,30.6,35.3,25.4,0.5,7.22,24.6,Petrolina
2020-01-14,30.7,35.8,25.4,0.0,8.14,19.2,Petrolina
2020-01-15,29.9,35.5,23.9,0.0,8.48,19.5,Petrolina
2020-01-16,30.1,36.3,23.5,0.0,8.94,27.3,Petrolina
2020-01-17,30.7,35.7,24.2,0.1,7.77,21.4,Petrolina
2020-01-18,31.5,36.3,25.5,0.0,8.46,22.3,Petrolina
2020-01-19,30.6,36.1,24.6,0.0,8.55,31.5,Petrolina
2020-01-20,30.1,34.5,25.1,0.3,6.77,17.0,Petrolina
2020-01-21,29.5,33.5,24.6,2.5,5.5,12.8,Petrolina
2020-01-22,24.7,26.6,23.1,32.6,1.73,16.0,Petrolina
2020-01-23,24.1,25.1,23.1,18.0,1.38,8.8,Petrolina
2020-01-24,24.9,28.0,22.5,5.4,1.78,12.6,Petrolina
2020-01-25,28.0,33.5,23.6,0.0,5.97,14.5,Petrolina
2020-01-26,26.8,30.8,23.9,4.4,3.4,12.0,Petrolina
2020-01-27,25.7,29.4,23.3,1.1,2.61,17.1,Petrolina
2020-01-28,26.9,30.9,23.6,0.1,5.02,15.4,Petrolina
2020-01-29,26.9,31.4,22.6,0.0,5.71,24.8,Petrolina
2020-01-30,26.6,32.2,21.4,0.0,5.98,24.2,Petrolina
2020-01-31,26.8,31.2,21.6,0.3,5.51,19.1,Petrolina
2020-02-01,28.2,33.0,23.8,0.5,4.93,12.6,Petrolina
2020-02-02,28.0,31.9,24.5,0.6,4.37,10.4,Petrolina
2020-02-03,25.4,27.2,24.0,15.7,1.98,21.5,Petrolina
2020-02-04,25.5,29.0,23.0,19.4,3.02,15.5,Petrolina
2020-02-05,24.5,27.4,22.2,32.2,2.23,13.0,Petrolina
2020-02-06,24.5,27.4,22.6,24.5,3.11,14.3,Petrolina
2020-02-07,25.0,28.2,22.4,12.2,3.61,15.6,Petrolina
2020-02-08,25.2,27.2,23.2,3.5,2.63,16.4,Petrolina
2020-02-09,26.5,30.2,23.5,1.4,4.11,14.8,Petrolina
2020-02-10,27.2,32.3,23.1,0.1,5.39,22.1,Petrolina
2020-02-11,27.7,33.0,23.5,0.7,5.98,19.8,Petrolina
2020-02-12,27.0,32.3,21.1,0.0,6.54,20.5,Petrolina
2020-02-13,27.2,32.5,22.9,0.7,5.14,15.7,Petrolina
2020-02-14,26.9,31.7,23.5,1.4,4.75,18.4,Petrolina
2020-02-15,27.6,31.6,23.9,0.2,4.79,21.6,Petrolina
2020-02-16,28.3,34.0,22.7,0.2,6.83,22.1,Petrolina
2020-02-17,28.6,34.3,22.5,0.0,7.46,21.1,Petrolina
2020-02-18,26.9,30.3,24.2,6.5,4.31,22.9,Petrolina
2020-02-19,28.1,34.1,23.0,0.2,6.61,24.2,Petrolina
2020-02-20,28.3,34.2,22.9,0.0,6.52,19.7,Petrolina
2020-02-21,26.2,28.1,24.3,1.7,2.83,20.7,Petrolina
2020-02-22,27.0,31.1,23.6,5.5,4.05,14.1,Petrolina
2020-02-23,26.8,30.0,23.9,13.4,3.79,12.3,Petrolina
2020-02-24,28.6,33.9,24.1,0.5,5.75,24.6,Petrolina
2020-02-25,28.5,33.4,23.2,0.0,5.86,23.1,Petrolina
2020-02-26,29.2,34.1,23.6,0.3,6.42,18.1,Petrolina
2020-02-27,30.0,35.0,25.0,0.1,5.63,12.3,Petrolina
2020-02-28,27.0,30.0,24.2,66.8,3.02,11.6,Petrolina
2020-02-29,28.5,32.5,24.7,3.4,5.31,18.5,Petrolina
2020-03-01,28.2,32.5,23.6,3.5,5.19,13.4,Petrolina
2020-03-02,28.3,32.1,24.5,2.8,5.51,21.3,Petrolina
2020-03-03,27.0,30.2,23.8,5.6,3.9,16.4,Petrolina
2020-03-04,25.6,28.7,23.6,12.7,2.65,18.3,Petrolina
2020-03-05,25.4,27.2,23.7,7.5,2.22,13.1,Petrolina
2020-03-06,26.3,29.6,23.6,4.4,3.65,12.2,Petrolina
2020-03-07,25.1,27.5,23.8,29.5,1.92,16.1,Petrolina
2020-03-08,25.9,29.0,23.1,29.5,2.83,11.5,Petrolina
2020-03-09,27.5,31.8,23.5,1.2,5.19,17.6,Petrolina
2020-03-10,25.7,28.9,23.0,29.1,2.9,15.0,Petrolina
2020-03-11,25.9,28.5,23.0,6.2,3.45,13.2,Petrolina
2020-03-12,27.9,31.8,24.0,0.7,5.25,16.5,Petrolina
2020-03-13,27.3,31.6,23.1,1.1,5.43,19.0,Petrolina
2020-03-14,27.8,32.5,23.6,0.0,6.34,21.9,Petrolina
2020-03-15,27.4,32.0,23.6,0.3,5.67,22.7,Petrolina
2020-03-16,26.1,29.4,23.4,1.4,3.5,18.3,Petrolina
2020-03-17,26.1,30.0,23.8,5.4,2.63,13.7,Petrolina
2020-03-18,25.5,27.6,24.0,6.3,2.11,14.6,Petrolina
2020-03-19,26.6,31.5,22.8,12.9,4.07,12.9,Petrolina
2020-03-20,25.2,28.5,23.3,7.6,2.79,13.3,Petrolina
2020-03-21,25.4,28.5,22.6,1.6,3.66,20.6,Petrolina
2020-03-22,26.7,30.4,22.9,0.5,4.5,17.1,Petrolina
2020-03-23,25.8,29.5,22.5,4.3,3.18,14.1,Petrolina
2020-03-24,26.4,30.7,22.6,14.6,4.56,18.9,Petrolina
2020-03-25,25.4,29.4,22.5,10.6,3.68,22.7,Petrolina
2020-03-26,25.7,30.9,22.5,4.9,4.17,19.4,Petrolina
2020-03-27,25.7,29.8,22.4,2.2,4.57,27.2,Petrolina
2020-03-28,26.9,32.0,22.4,2.0,5.57,22.1,Petrolina
2020-03-29,24.6,28.6,22.8,30.3,2.92,25.7,Petrolina
2020-03-30,24.7,28.0,22.0,9.7,2.59,26.8,Petrolina
2020-03-31,25.4,29.6,22.2,0.4,3.54,23.7,Petrolina
2020-04-01,26.3,31.0,21.4,0.7,5.05,22.8,Petrolina
2020-04-02,25.6,29.7,21.5,0.1,3.52,19.2,Petrolina
2020-04-03,26.7,32.3,21.8,0.0,4.52,15.8,Petrolina
2020-04-04,26.8,31.2,23.5,13.6,3.35,7.9,Petrolina
2020-04-05,28.9,33.8,24.5,0.7,5.18,14.9,Petrolina
2020-04-06,27.8,32.9,23.8,0.7,5.59,18.2,Petrolina
2020-04-07,28.4,33.5,23.6,0.0,6.04,21.2,Petrolina
2020-04-08,29.0,34.5,23.1,0.0,5.99,15.6,Petrolina
2020-04-09,29.2,33.6,25.4,0.5,5.16,11.9,Petrolina
2020-04-10,26.7,28.3,24.8,13.0,2.8,11.4,Petrolina
2020-04-11,26.0,27.8,24.6,4.2,2.31,14.5,Petrolina
2020-04-12,27.8,31.8,24.2,1.1,4.4,15.1,Petrolina
2020-04-13,26.4,30.2,24.0,12.0,3.06,14.5,Petrolina
2020-04-14,25.0,27.7,22.9,2.8,2.46,15.5,Petrolina
2020-04-15,25.2,28.2,23.1,1.6,3.19,13.8,Petrolina
2020-04-16,25.1,28.0,23.0,19.3,3.1,19.5,Petrolina
2020-04-17,26.0,30.7,22.8,10.3,3.83,21.3,Petrolina
2020-04-18,26.3,30.8,22.8,8.4,4.4,17.8,Petrolina
2020-04-19,25.3,29.2,22.5,8.2,3.39,24.5,Petrolina
2020-04-20,26.0,30.1,22.3,1.4,4.31,19.0,Petrolina
2020-04-21,25.4,28.9,22.7,1.5,4.06,18.7,Petrolina
2020-04-22,25.3,30.4,21.5,0.2,4.33,20.6,Petrolina
2020-04-23,25.2,29.5,21.8,1.2,3.74,21.9,Petrolina
2020-04-24,24.4,27.9,22.4,8.2,3.07,28.8,Petrolina
2020-04-25,24.1,27.0,22.1,0.6,3.45,27.3,Petrolina
2020-04-26,24.8,29.4,21.3,0.2,4.29,26.1,Petrolina
2020-04-27,24.5,28.8,21.5,0.6,3.84,25.0,Petrolina
2020-04-28,24.0,27.6,21.0,0.0,3.07,30.8,Petrolina
2020-04-29,24.6,29.8,20.7,0.0,4.26,27.6,Petrolina
2020-04-30,25.1,29.6,20.6,0.0,4.25,22.0,Petrolina
2020-05-01,25.4,29.2,22.0,0.0,3.58,21.8,Petrolina
2020-05-02,25.9,30.9,22.4,0.3,4.09,22.3,Petrolina
2020-05-03,26.5,31.0,22.8,2.1,4.25,15.0,Petrolina
2020-05-04,26.8,32.2,22.8,0.0,5.3,24.4,Petrolina
2020-05-05,26.2,32.0,21.1,0.0,5.39,26.1,Petrolina
2020-05-06,26.2,30.9,22.0,0.0,4.33,21.9,Petrolina
2020-05-07,26.9,31.8,22.5,1.2,4.37,18.4,Petrolina
2020-05-08,26.5,30.7,23.1,2.2,3.7,25.3,Petrolina
2020-05-09,24.8,28.1,22.4,0.0,3.96,31.8,Petrolina
2020-05-10,23.7,27.3,20.8,0.0,4.13,32.6,Petrolina
2020-05-11,24.3,28.4,21.0,0.0,3.97,25.6,Petrolina
2020-05-12,25.3,30.9,21.0,0.4,3.88,24.3,Petrolina
2020-05-13,25.8,30.8,21.8,2.0,4.32,22.5,Petrolina
2020-05-14,26.1,31.1,22.3,0.1,4.14,20.2,Petrolina
2020-05-15,26.7,33.0,22.2,0.0,5.52,24.8,Petrolina
2020-05-16,27.0,32.9,22.2,0.0,5.63,23.7,Petrolina
2020-05-17,27.1,32.8,21.7,0.0,5.63,25.3,Petrolina
2020-05-18,26.6,31.7,21.8,0.0,5.32,22.6,Petrolina
2020-05-19,25.6,29.8,22.2,1.9,4.46,26.3,Petrolina
2020-05-20,23.9,26.2,22.3,3.3,2.69,28.3,Petrolina
2020-05-21,24.4,27.8,22.0,1.8,2.48,25.3,Petrolina
2020-05-22,25.6,30.5,21.9,0.6,3.86,19.8,Petrolina
2020-05-23,25.9,30.4,22.8,0.6,3.57,22.8,Petrolina
2020-05-24,25.6,30.5,21.2,0.1,3.86,19.0,Petrolina
2020-05-25,27.2,32.3,21.7,2.7,4.27,10.4,Petrolina
2020-05-26,25.9,28.7,23.6,2.2,2.4,11.2,Petrolina
2020-05-27,25.8,31.0,22.9,6.0,3.56,10.8,Petrolina
2020-05-28,24.7,28.1,22.0,12.5,2.71,23.2,Petrolina
2020-05-29,23.4,27.0,20.6,0.0,4.26,28.5,Petrolina
2020-05-30,23.0,26.8,19.0,0.0,3.53,23.5,Petrolina
2020-05-31,23.8,27.4,20.5,0.0,3.37,20.8,Petrolina
2020-06-01,23.7,26.2,21.5,1.3,2.3,18.2,Petrolina
2020-06-02,24.9,29.5,21.4,0.4,3.25,15.3,Petrolina
2020-06-03,26.0,30.7,22.1,0.1,4.05,20.9,Petrolina
2020-06-04,25.5,30.4,21.9,0.7,4.45,24.5,Petrolina
2020-06-05,25.0,29.5,22.2,0.7,4.08,22.7,Petrolina
2020-06-06,23.7,26.8,21.5,1.5,2.44,25.2,Petrolina
2020-06-07,24.0,28.1,20.7,1.6,3.26,23.9,Petrolina
2020-06-08,24.1,28.5,20.7,0.7,3.44,24.2,Petrolina
2020-06-09,24.2,28.8,19.8,0.5,4.18,21.4,Petrolina
2020-06-10,24.5,29.3,20.3,0.0,3.71,19.9,Petrolina
2020-06-11,24.8,29.8,21.4,0.6,3.88,23.4,Petrolina
2020-06-12,24.8,29.5,20.9,1.2,4.25,23.5,Petrolina
2020-06-13,23.2,26.9,19.8,0.2,2.79,27.0,Petrolina
2020-06-14,23.7,27.4,21.1,0.3,2.96,27.0,Petrolina
2020-06-15,23.7,29.1,18.6,0.0,4.82,33.7,Petrolina
2020-06-16,23.8,28.5,21.0,0.6,3.59,33.0,Petrolina
2020-06-17,23.4,26.9,21.0,0.5,3.02,33.6,Petrolina
2020-06-18,23.0,27.1,19.4,0.7,3.19,28.0,Petrolina
2020-06-19,23.8,29.7,19.0,0.0,4.61,30.2,Petrolina
2020-06-20,24.2,28.5,20.8,0.1,4.3,29.0,Petrolina
2020-06-21,23.0,28.0,19.0,0.1,3.3,28.5,Petrolina
2020-06-22,23.8,29.5,18.5,0.0,4.21,30.8,Petrolina
2020-06-23,22.5,25.0,21.5,6.5,1.98,28.5,Petrolina
2020-06-24,23.2,28.6,18.9,0.3,4.61,28.4,Petrolina
2020-06-25,23.0,25.5,20.9,1.0,2.45,21.5,Petrolina
2020-06-26,23.7,28.8,19.3,0.6,4.07,24.5,Petrolina
2020-06-27,24.5,31.1,19.5,0.0,4.75,24.1,Petrolina
2020-06-28,24.3,29.5,19.4,0.0,5.5,23.3,Petrolina
2020-06-29,23.4,27.0,19.6,0.1,3.94,25.2,Petrolina
2020-06-30,24.1,29.0,19.6,0.1,3.7,21.8,Petrolina
2020-07-01,24.4,30.0,20.5,0.0,5.15,19.5,Petrolina
2020-07-02,24.6,31.3,18.4,0.0,5.54,17.8,Petrolina
2020-07-03,24.5,30.7,19.3,0.0,5.1,20.4,Petrolina
2020-07-04,24.4,30.6,18.8,0.0,5.41,27.2,Petrolina
2020-07-05,23.3,27.2,19.6,0.0,3.75,31.5,Petrolina
2020-07-06,24.2,29.1,20.2,0.0,4.62,27.8,Petrolina
2020-07-07,23.6,28.5,17.6,0.0,4.95,24.2,Petrolina
2020-07-08,24.0,29.0,19.6,0.0,4.07,22.0,Petrolina
2020-07-09,25.0,31.2,20.8,0.0,4.81,23.5,Petrolina
2020-07-10,24.7,29.8,20.8,1.0,4.65,24.6,Petrolina
2020-07-11,23.8,28.1,20.2,0.0,4.37,29.3,Petrolina
2020-07-12,23.7,27.9,20.1,0.1,3.79,25.5,Petrolina
2020-07-13,25.2,30.9,20.5,0.2,5.06,23.6,Petrolina
2020-07-14,24.5,29.7,19.3,0.3,4.64,22.2,Petrolina
2020-07-15,24.8,30.0,20.1,0.0,4.96,26.3,Petrolina
2020-07-16,23.5,28.6,19.6,0.8,4.6,31.7,Petrolina
2020-07-17,23.5,27.8,19.9,0.0,4.46,27.8,Petrolina
2020-07-18,23.5,28.7,19.3,0.0,4.93,31.9,Petrolina
2020-07-19,24.0,28.5,19.9,0.0,5.16,30.6,Petrolina
2020-07-20,23.4,27.9,19.9,0.0,4.47,29.3,Petrolina
2020-07-21,23.2,29.0,18.7,0.3,3.81,26.4,Petrolina
2020-07-22,22.4,26.4,19.9,2.3,2.82,30.4,Petrolina
2020-07-23,23.1,29.1,18.3,0.0,4.81,27.8,Petrolina
2020-07-24,23.1,28.6,18.4,0.0,4.57,29.4,Petrolina
2020-07-25,22.7,26.9,19.1,0.0,4.09,28.7,Petrolina
2020-07-26,22.5,27.4,17.5,0.1,4.2,27.5,Petrolina
2020-07-27,23.2,28.4,17.8,0.2,4.34,26.3,Petrolina
2020-07-28,23.7,30.8,17.8,0.0,5.79,27.4,Petrolina
2020-07-29,23.4,28.1,20.1,0.6,3.9,26.2,Petrolina
2020-07-30,23.3,29.0,18.6,0.0,5.96,25.7,Petrolina
2020-07-31,22.6,27.8,17.9,0.1,4.14,30.1,Petrolina
2020-08-01,22.9,27.1,18.8,0.0,4.27,32.6,Petrolina
2020-08-02,23.0,27.0,18.8,0.0,4.26,32.8,Petrolina
2020-08-03,22.9,27.7,19.0,0.5,4.63,31.2,Petrolina
2020-08-04,22.1,27.5,19.3,2.4,3.62,27.4,Petrolina
2020-08-05,22.1,26.9,18.5,0.0,4.0,32.4,Petrolina
2020-08-06,22.8,27.6,18.6,0.1,4.51,31.7,Petrolina
2020-08-07,23.1,29.9,17.6,0.0,5.74,34.7,Petrolina
2020-08-08,23.0,28.2,18.0,0.2,4.44,26.1,Petrolina
2020-08-09,23.2,28.1,19.8,0.3,3.93,26.2,Petrolina
2020-08-10,23.8,28.9,19.8,0.1,4.84,26.1,Petrolina
2020-08-11,23.2,28.5,17.6,0.0,4.24,24.2,Petrolina
2020-08-12,24.3,31.4,17.9,0.0,6.2,25.9,Petrolina
2020-08-13,24.6,30.5,19.3,0.2,5.41,24.9,Petrolina
2020-08-14,24.3,29.5,19.4,0.0,4.81,25.6,Petrolina
2020-08-15,25.0,31.4,18.2,0.0,6.27,23.9,Petrolina
2020-08-16,25.6,32.5,19.3,0.0,6.56,23.8,Petrolina
2020-08-17,25.6,31.9,19.6,0.0,6.54,24.8,Petrolina
2020-08-18,24.2,28.5,18.2,0.3,4.71,23.0,Petrolina
2020-08-19,25.2,31.2,19.0,0.0,5.8,22.8,Petrolina
2020-08-20,25.6,32.3,19.1,0.0,6.57,22.4,Petrolina
2020-08-21,26.3,32.8,20.6,0.0,6.59,22.0,Petrolina
2020-08-22,26.0,32.3,19.8,0.0,6.91,24.7,Petrolina
2020-08-23,25.4,33.0,19.1,0.0,7.12,31.2,Petrolina
2020-08-24,24.6,30.0,20.9,0.1,4.97,26.0,Petrolina
2020-08-25,24.2,29.6,20.3,0.0,5.06,24.7,Petrolina
2020-08-26,24.3,29.5,18.5,0.0,5.19,24.7,Petrolina
2020-08-27,25.0,31.1,18.7,0.0,7.27,22.8,Petrolina
2020-08-28,25.2,31.9,18.4,0.0,6.95,24.3,Petrolina
2020-08-29,25.0,30.2,19.3,0.1,5.28,25.8,Petrolina
2020-08-30,26.4,32.8,21.5,0.0,6.81,27.1,Petrolina
2020-08-31,25.5,31.3,20.0,0.1,6.29,30.9,Petrolina
2020-09-01,25.5,31.3,21.5,0.3,6.58,30.7,Petrolina
2020-09-02,24.3,28.8,19.4,0.0,5.56,30.3,Petrolina
2020-09-03,25.1,32.5,19.3,0.0,6.78,29.4,Petrolina
2020-09-04,25.3,32.2,19.2,0.0,6.84,27.1,Petrolina
2020-09-05,24.6,30.9,19.8,0.0,6.16,33.2,Petrolina
2020-09-06,24.4,30.4,19.0,0.1,5.4,28.0,Petrolina
2020-09-07,25.0,31.2,18.3,0.0,6.1,25.8,Petrolina
2020-09-08,25.2,30.0,20.9,0.2,5.16,26.7,Petrolina
2020-09-09,26.0,32.5,19.6,0.0,7.25,28.7,Petrolina
2020-09-10,25.4,29.9,21.0,0.5,5.52,24.4,Petrolina
2020-09-11,25.2,31.2,19.3,0.0,6.89,26.6,Petrolina
2020-09-12,25.4,32.2,18.5,0.0,8.05,28.0,Petrolina
2020-09-13,24.9,30.6,19.5,0.4,6.31,31.9,Petrolina
2020-09-14,25.9,32.2,20.3,0.0,6.47,24.9,Petrolina
2020-09-15,25.3,30.2,20.5,0.1,5.49,25.4,Petrolina
2020-09-16,25.7,31.9,21.0,0.1,5.88,26.5,Petrolina
2020-09-17,25.6,32.2,19.4,0.0,7.66,23.0,Petrolina
2020-09-18,26.5,33.3,19.8,0.0,7.78,20.1,Petrolina
2020-09-19,26.8,33.8,19.9,0.0,7.97,21.7,Petrolina
2020-09-20,27.2,33.8,20.0,0.0,7.25,17.1,Petrolina
2020-09-21,28.0,34.3,21.5,0.0,7.16,21.0,Petrolina
2020-09-22,27.8,33.0,22.6,0.0,6.3,24.4,Petrolina
2020-09-23,27.5,34.2,21.5,0.0,6.89,24.9,Petrolina
2020-09-24,27.1,33.7,21.0,0.0,8.16,26.3,Petrolina
2020-09-25,26.5,32.4,21.0,0.0,6.98,26.0,Petrolina
2020-09-26,26.8,32.8,21.2,0.0,6.81,25.5,Petrolina
2020-09-27,27.2,33.7,20.9,0.0,7.12,22.1,Petrolina
2020-09-28,28.6,34.9,21.6,0.0,7.84,22.1,Petrolina
2020-09-29,29.2,35.9,22.2,0.0,8.45,22.5,Petrolina
2020-09-30,27.8,33.8,21.5,0.0,8.01,23.8,Petrolina
2020-10-01,27.8,34.5,21.4,0.0,7.7,26.7,Petrolina
2020-10-02,27.4,34.2,20.2,0.0,8.16,22.6,Petrolina
2020-10-03,28.0,34.5,20.9,0.0,7.59,19.0,Petrolina
2020-10-04,28.9,35.8,21.9,0.0,8.19,18.8,Petrolina
2020-10-05,28.2,34.8,21.0,0.0,8.67,23.9,Petrolina
2020-10-06,28.2,35.0,21.2,0.0,8.41,24.4,Petrolina
2020-10-07,28.9,35.7,22.0,0.0,7.84,17.4,Petrolina
2020-10-08,30.6,37.0,23.1,0.0,7.58,15.9,Petrolina
2020-10-09,31.0,36.0,24.8,0.0,7.41,18.8,Petrolina
2020-10-10,31.5,36.2,25.5,0.0,7.34,15.0,Petrolina
2020-10-11,31.6,35.5,27.1,0.0,6.77,16.2,Petrolina
2020-10-12,30.1,35.2,24.3,0.0,7.99,23.4,Petrolina
2020-10-13,28.7,35.1,21.6,0.0,9.1,24.4,Petrolina
2020-10-14,28.1,34.5,21.5,0.0,8.59,22.2,Petrolina
2020-10-15,29.5,36.0,22.5,0.0,8.74,23.2,Petrolina
2020-10-16,30.3,37.2,23.1,0.0,9.18,21.8,Petrolina
2020-10-17,28.9,35.2,21.7,0.0,9.09,26.3,Petrolina
2020-10-18,28.6,35.4,22.4,0.0,8.74,29.4,Petrolina
2020-10-19,28.8,35.4,22.5,0.0,8.56,28.5,Petrolina
2020-10-20,29.1,35.8,22.2,0.0,8.88,27.0,Petrolina
2020-10-21,29.1,35.6,21.8,0.0,8.6,22.4,Petrolina
2020-10-22,29.5,34.7,23.1,0.0,7.81,23.4,Petrolina
2020-10-23,29.9,36.0,23.2,0.0,9.03,26.1,Petrolina
2020-10-24,29.1,34.2,23.0,0.0,7.83,24.2,Petrolina
2020-10-25,30.3,35.3,23.8,0.1,6.64,20.6,Petrolina
2020-10-26,30.9,36.5,26.6,0.0,6.72,26.4,Petrolina
2020-10-27,25.5,27.6,23.5,3.8,3.02,17.1,Petrolina
2020-10-28,28.6,33.0,23.1,0.0,5.29,17.0,Petrolina
2020-10-29,29.7,33.5,25.5,0.0,6.82,20.4,Petrolina
2020-10-30,29.4,35.3,23.4,0.0,8.14,22.7,Petrolina
2020-10-31,29.8,35.2,23.7,0.0,6.45,20.8,Petrolina
2020-11-01,30.0,34.8,25.6,0.2,6.2,17.3,Petrolina
2020-11-02,25.4,27.6,23.4,19.6,2.37,11.7,Petrolina
2020-11-03,25.2,29.6,21.9,12.6,3.8,16.8,Petrolina
2020-11-04,23.2,24.4,21.7,15.0,1.54,17.3,Petrolina
2020-11-05,25.7,30.5,21.5,1.6,4.94,16.4,Petrolina
2020-11-06,26.8,31.4,22.8,0.2,5.93,23.6,Petrolina
2020-11-07,26.7,31.1,22.5,0.3,6.09,22.3,Petrolina
2020-11-08,26.8,32.8,22.1,0.0,6.92,27.8,Petrolina
2020-11-09,25.3,30.6,19.6,0.0,5.21,22.7,Petrolina
2020-11-10,26.4,32.2,21.0,0.0,7.02,23.5,Petrolina
2020-11-11,26.9,33.1,20.8,0.0,7.37,23.0,Petrolina
2020-11-12,26.4,31.1,21.5,0.0,5.65,19.2,Petrolina
2020-11-13,27.8,33.0,22.0,0.0,6.68,21.5,Petrolina
2020-11-14,28.6,33.6,22.9,0.0,7.23,20.7,Petrolina
2020-11-15,29.1,34.4,23.3,0.0,7.25,19.2,Petrolina
2020-11-16,28.8,34.2,23.5,0.0,6.81,18.2,Petrolina
2020-11-17,28.6,33.5,22.6,0.0,6.66,15.9,Petrolina
2020-11-18,29.1,33.2,25.5,0.3,6.24,15.9,Petrolina
2020-11-19,27.4,32.0,23.6,3.3,4.74,23.6,Petrolina
2020-11-20,26.0,29.2,23.0,1.5,4.2,14.3,Petrolina
2020-11-21,26.0,28.5,23.9,3.8,3.15,14.2,Petrolina
2020-11-22,26.1,31.3,22.5,4.0,4.81,23.5,Petrolina
2020-11-23,25.6,30.1,20.5,0.0,5.07,23.2,Petrolina
2020-11-24,25.9,30.2,21.5,1.7,5.8,25.6,Petrolina
2020-11-25,25.5,30.2,20.3,0.0,5.72,25.1,Petrolina
2020-11-26,26.0,30.9,20.8,0.0,5.23,25.6,Petrolina
2020-11-27,26.0,30.6,22.0,0.6,5.5,24.8,Petrolina
2020-11-28,25.3,29.8,21.0,0.1,5.07,28.2,Petrolina
2020-11-29,26.0,31.9,20.0,0.0,6.69,24.9,Petrolina
2020-11-30,26.2,31.5,20.8,0.0,5.38,23.6,Petrolina
2020-12-01,27.2,33.0,21.6,0.0,6.7,21.8,Petrolina
2020-12-02,27.5,32.2,22.2,0.0,6.32,20.9,Petrolina
2020-12-03,28.3,32.7,23.0,0.2,6.56,19.9,Petrolina
2020-12-04,29.2,33.8,24.3,0.3,6.78,18.1,Petrolina
2020-12-05,29.0,33.8,24.1,0.1,7.22,19.5,Petrolina
2020-12-06,27.9,32.6,22.8,0.6,7.0,21.5,Petrolina
2020-12-07,28.2,32.5,23.2,0.5,6.62,20.7,Petrolina
2020-12-08,28.8,34.5,23.0,0.0,6.89,19.3,Petrolina
2020-12-09,29.2,34.1,24.1,0.0,6.39,19.7,Petrolina
2020-12-10,28.9,32.5,24.7,0.0,6.3,20.4,Petrolina
2020-12-11,29.7,35.8,24.0,0.0,8.76,25.9,Petrolina
2020-12-12,28.3,34.2,21.0,0.0,8.88,26.3,Petrolina
2020-12-13,28.3,34.4,21.9,0.0,8.43,22.3,Petrolina
2020-12-14,28.4,34.2,22.0,0.0,8.34,21.7,Petrolina
2020-12-15,28.9,35.0,22.8,0.0,8.48,24.8,Petrolina
2020-12-16,28.4,33.3,23.2,0.2,6.94,27.8,Petrolina
2020-12-17,28.7,34.0,23.1,0.4,7.01,26.0,Petrolina
2020-12-18,29.8,34.5,24.6,0.0,6.82,23.5,Petrolina
2020-12-19,29.7,33.3,25.0,0.7,5.93,16.2,Petrolina
2020-12-20,30.5,34.3,26.5,0.0,7.32,19.2,Petrolina
2020-12-21,30.2,34.6,25.4,0.0,7.57,19.3,Petrolina
2020-12-22,29.7,35.4,23.8,0.0,8.33,21.5,Petrolina
2020-12-23,29.8,34.9,24.4,0.0,7.63,15.9,Petrolina
2020-12-24,29.7,34.8,24.1,0.0,7.96,20.8,Petrolina
2020-12-25,27.2,30.5,25.0,2.7,5.32,20.0,Petrolina
2020-12-26,28.1,33.5,23.6,0.0,6.63,20.1,Petrolina
2020-12-27,28.2,34.3,22.5,0.0,8.69,30.5,Petrolina
2020-12-28,27.9,33.2,22.4,0.0,7.05,26.9,Petrolina
2020-12-29,27.9,33.6,21.8,0.0,8.55,24.3,Petrolina
2020-12-30,28.6,34.3,21.9,0.0,8.07,22.3,Petrolina
2020-12-31,28.6,34.2,22.5,0.0,7.87,28.9,Petrolina
2021-01-01,28.9,33.8,23.5,0.1,7.0,23.2,Petrolina
2021-01-02,30.2,35.0,24.6,0.0,7.96,17.7,Petrolina
2021-01-03,29.7,35.3,24.5,0.0,7.67,20.1,Petrolina
2021-01-04,29.1,34.2,23.1,0.0,7.73,20.8,Petrolina
2021-01-05,29.1,34.8,22.8,0.0,8.33,23.5,Petrolina
2021-01-06,29.4,34.8,23.3,0.0,8.63,22.7,Petrolina
2021-01-07,29.6,35.2,22.8,0.0,7.41,24.7,Petrolina
2021-01-08,30.9,36.1,24.6,0.0,7.35,17.2,Petrolina
2021-01-09,31.3,35.5,25.9,0.0,6.69,16.2,Petrolina
2021-01-10,30.3,34.0,26.6,0.1,5.89,16.9,Petrolina
2021-01-11,28.6,31.5,26.0,2.1,4.6,12.6,Petrolina
2021-01-12,29.7,34.6,26.6,0.3,6.13,15.8,Petrolina
2021-01-13,25.8,28.2,24.0,3.7,3.23,12.7,Petrolina
2021-01-14,28.6,33.5,24.3,0.3,6.39,18.5,Petrolina
2021-01-15,27.9,32.0,23.2,0.5,5.78,20.6,Petrolina
2021-01-16,28.3,34.0,23.1,0.0,7.01,22.7,Petrolina
2021-01-17,28.3,33.8,22.0,0.0,8.0,24.3,Petrolina
2021-01-18,27.9,33.7,21.7,0.0,7.22,24.9,Petrolina
2021-01-19,29.0,34.4,22.7,0.0,7.54,21.6,Petrolina
2021-01-20,28.8,33.8,23.3,0.3,7.78,24.2,Petrolina
2021-01-21,28.3,34.0,23.1,0.3,7.74,23.5,Petrolina
2021-01-22,27.4,31.0,23.5,0.0,5.96,28.7,Petrolina
2021-01-23,26.4,29.9,22.8,0.0,5.05,26.2,Petrolina
2021-01-24,26.6,31.0,22.8,0.0,5.09,21.7,Petrolina
2021-01-25,27.6,33.2,22.1,0.0,7.32,25.4,Petrolina
2021-01-26,28.4,34.5,22.1,0.0,8.4,24.8,Petrolina
2021-01-27,28.6,34.7,22.1,0.0,8.41,28.2,Petrolina
2021-01-28,28.0,32.4,23.2,0.0,6.32,23.6,Petrolina
2021-01-29,28.9,34.0,24.4,0.2,7.71,22.1,Petrolina
2021-01-30,26.9,31.6,23.9,1.8,5.54,22.3,Petrolina
2021-01-31,26.9,31.7,23.0,0.3,4.63,19.0,Petrolina
2021-02-01,27.7,33.2,23.0,0.2,6.09,23.0,Petrolina
2021-02-02,30.0,35.2,24.4,0.1,7.62,19.1,Petrolina
2021-02-03,30.2,34.8,24.4,0.1,7.54,19.8,Petrolina
2021-02-04,30.1,34.8,24.3,0.2,7.55,20.1,Petrolina
2021-02-05,30.7,35.5,24.8,0.2,7.06,19.6,Petrolina
2021-02-06,31.5,36.5,25.8,0.3,7.75,24.4,Petrolina
2021-02-07,30.1,34.0,25.4,0.1,5.77,23.5,Petrolina
2021-02-08,26.8,28.9,24.8,4.7,3.15,16.4,Petrolina
2021-02-09,26.8,30.4,24.6,0.6,3.67,17.7,Petrolina
2021-02-10,28.7,34.3,23.5,0.1,7.39,19.7,Petrolina
2021-02-11,28.8,33.8,24.2,0.4,7.15,22.9,Petrolina
2021-02-12,28.6,33.8,22.9,0.0,7.44,21.5,Petrolina
2021-02-13,28.9,35.3,22.4,0.0,8.16,29.8,Petrolina
2021-02-14,29.1,33.8,23.0,0.0,6.34,24.6,Petrolina
2021-02-15,30.4,36.2,24.0,0.1,6.96,20.3,Petrolina
2021-02-16,26.4,29.0,23.2,8.6,3.02,18.8,Petrolina
2021-02-17,24.5,26.8,22.9,6.2,2.82,14.5,Petrolina
2021-02-18,24.6,27.5,22.4,2.1,2.76,11.6,Petrolina
2021-02-19,23.9,25.4,22.5,10.8,1.59,7.3,Petrolina
2021-02-20,25.6,30.0,21.5,1.0,4.76,9.0,Petrolina
2021-02-21,26.5,30.8,21.9,0.2,5.83,15.9,Petrolina
2021-02-22,26.9,32.2,21.9,0.0,6.51,17.3,Petrolina
2021-02-23,26.1,28.5,23.5,1.8,4.35,16.2,Petrolina
2021-02-24,27.0,31.5,23.5,0.4,5.17,14.8,Petrolina
2021-02-25,27.6,31.8,23.6,1.7,5.42,13.3,Petrolina
2021-02-26,27.6,32.7,23.1,0.0,6.34,15.3,Petrolina
2021-02-27,25.9,29.2,23.0,1.6,4.26,16.9,Petrolina
2021-02-28,27.6,33.3,23.5,1.2,6.03,19.3,Petrolina
2021-03-01,27.9,33.5,22.5,0.0,6.92,29.0,Petrolina
2021-03-02,25.7,30.2,22.5,7.1,4.6,21.0,Petrolina
2021-03-03,26.5,31.0,21.4,0.0,5.49,24.0,Petrolina
2021-03-04,27.3,33.0,22.4,0.0,5.82,21.9,Petrolina
2021-03-05,28.0,34.5,21.6,0.0,7.12,22.7,Petrolina
2021-03-06,29.4,35.5,23.7,0.0,6.4,14.0,Petrolina
2021-03-07,29.8,34.9,24.5,0.0,6.46,16.6,Petrolina
2021-03-08,29.3,33.8,23.9,0.0,6.07,11.8,Petrolina
2021-03-09,29.2,34.0,24.2,0.2,5.93,13.6,Petrolina
2021-03-10,28.9,33.5,23.9,0.0,5.93,14.8,Petrolina
2021-03-11,29.0,33.0,25.9,0.3,5.14,15.5,Petrolina
2021-03-12,29.6,35.2,24.4,0.0,7.2,21.6,Petrolina
2021-03-13,28.7,34.0,23.6,0.1,6.25,23.2,Petrolina
2021-03-14,28.8,33.7,23.9,0.2,6.75,21.1,Petrolina
2021-03-15,29.5,34.3,24.0,0.0,7.49,24.4,Petrolina
2021-03-16,29.2,34.7,23.6,0.0,7.83,20.4,Petrolina
2021-03-17,29.4,34.9,22.9,0.1,7.76,21.7,Petrolina
2021-03-18,29.6,34.2,24.5,0.2,6.47,19.2,Petrolina
2021-03-19,29.0,33.8,24.5,0.8,6.57,19.9,Petrolina
2021-03-20,27.5,32.2,23.4,6.2,5.91,21.8,Petrolina
2021-03-21,28.3,34.5,22.2,0.3,7.66,28.5,Petrolina
2021-03-22,26.7,32.0,23.4,2.3,5.75,25.0,Petrolina
2021-03-23,27.9,33.5,22.8,0.8,6.17,24.8,Petrolina
2021-03-24,28.3,34.8,21.5,0.0,8.13,23.7,Petrolina
2021-03-25,28.8,34.7,22.6,0.2,7.6,24.6,Petrolina
2021-03-26,28.5,34.0,22.9,0.0,7.28,21.6,Petrolina
2021-03-27,29.1,35.0,23.1,0.0,7.78,23.2,Petrolina
2021-03-28,29.1,35.0,23.0,0.0,7.49,22.4,Petrolina
2021-03-29,29.6,35.0,23.9,0.0,7.03,20.0,Petrolina
2021-03-30,28.9,33.0,24.6,0.3,5.27,17.9,Petrolina
2021-03-31,28.4,34.0,25.2,0.4,5.04,16.4,Petrolina
2021-04-01,27.2,31.9,23.9,2.0,4.35,14.5,Petrolina
2021-04-02,28.0,32.6,23.8,0.6,5.13,11.7,Petrolina
2021-04-03,29.6,35.2,24.2,0.0,7.11,21.1,Petrolina
2021-04-04,29.1,34.8,22.6,0.0,7.57,24.5,Petrolina
2021-04-05,27.1,31.7,24.0,2.4,5.56,25.8,Petrolina
2021-04-06,27.0,32.2,22.2,0.1,5.8,24.2,Petrolina
2021-04-07,27.9,33.9,22.6,0.0,6.21,23.4,Petrolina
2021-04-08,27.9,34.5,22.7,0.1,7.25,28.8,Petrolina
2021-04-09,27.1,32.5,23.0,1.0,6.42,27.7,Petrolina
2021-04-10,27.6,33.5,22.5,0.2,6.85,27.2,Petrolina
2021-04-11,27.5,33.0,22.0,0.0,6.22,22.4,Petrolina
2021-04-12,28.3,33.5,23.3,0.3,6.31,21.6,Petrolina
2021-04-13,29.5,35.6,24.1,0.1,7.15,26.9,Petrolina
2021-04-14,28.5,32.2,23.6,1.5,5.33,24.8,Petrolina
2021-04-15,28.3,34.1,23.4,0.0,7.57,24.4,Petrolina
2021-04-16,27.3,32.2,22.8,0.9,5.63,24.7,Petrolina
2021-04-17,25.3,29.0,22.2,3.5,4.38,22.0,Petrolina
2021-04-18,25.4,29.4,21.4,0.5,4.34,18.1,Petrolina
2021-04-19,23.9,25.5,22.4,1.7,2.53,14.7,Petrolina
2021-04-20,25.8,29.6,21.5,0.3,4.28,7.2,Petrolina
2021-04-21,26.5,30.6,23.0,0.6,4.39,8.9,Petrolina
2021-04-22,25.9,30.2,22.9,8.7,4.3,16.6,Petrolina
2021-04-23,24.7,28.0,22.1,12.4,2.61,12.2,Petrolina
2021-04-24,26.0,30.2,22.8,0.6,4.38,16.2,Petrolina
2021-04-25,26.3,30.4,23.0,0.7,4.39,15.0,Petrolina
2021-04-26,26.5,31.6,22.9,0.3,5.28,17.5,Petrolina
2021-04-27,26.1,31.8,21.5,0.0,5.45,16.3,Petrolina
2021-04-28,26.8,31.6,22.4,0.1,5.42,21.8,Petrolina
2021-04-29,26.2,30.2,22.8,0.9,4.71,21.0,Petrolina
2021-04-30,26.2,31.5,22.0,0.0,5.17,25.8,Petrolina
2021-05-01,25.0,28.8,21.5,0.3,4.54,31.8,Petrolina
2021-05-02,24.5,28.7,21.0,0.1,4.16,26.6,Petrolina
2021-05-03,24.6,29.8,20.2,0.0,4.76,23.3,Petrolina
2021-05-04,25.6,30.8,21.1,0.0,4.61,23.0,Petrolina
2021-05-05,24.1,27.5,21.7,1.3,2.69,16.8,Petrolina
2021-05-06,25.8,31.3,21.1,0.0,5.49,17.4,Petrolina
2021-05-07,26.6,32.0,21.9,0.0,5.23,18.7,Petrolina
2021-05-08,26.7,32.5,22.2,0.0,6.3,25.1,Petrolina
2021-05-09,25.8,30.4,21.5,0.1,4.97,28.9,Petrolina
2021-05-10,24.6,28.8,21.5,0.0,4.57,30.8,Petrolina
2021-05-11,24.2,28.3,20.7,0.0,4.72,30.1,Petrolina
2021-05-12,25.1,29.7,20.5,0.0,4.98,22.2,Petrolina
2021-05-13,25.5,30.0,21.2,0.2,4.37,22.7,Petrolina
2021-05-14,25.3,29.2,22.2,0.6,4.22,28.3,Petrolina
2021-05-15,25.2,29.9,21.6,0.1,4.34,27.3,Petrolina
2021-05-16,24.7,29.5,21.2,1.2,3.85,28.0,Petrolina
2021-05-17,24.9,29.2,20.9,0.0,4.38,25.5,Petrolina
2021-05-18,25.5,31.4,20.2,0.0,5.47,19.5,Petrolina
2021-05-19,25.8,32.3,20.1,0.0,5.92,20.5,Petrolina
2021-05-20,25.7,31.5,20.0,0.0,5.89,18.4,Petrolina
2021-05-21,26.1,31.3,21.5,0.3,4.81,22.6,Petrolina
2021-05-22,25.7,31.1,21.0,0.0,4.14,19.1,Petrolina
2021-05-23,26.8,33.0,21.9,0.0,6.0,19.2,Petrolina
2021-05-24,26.3,32.7,19.9,0.0,6.35,18.1,Petrolina
2021-05-25,26.4,32.4,20.5,0.0,6.24,22.8,Petrolina
2021-05-26,26.6,32.8,20.6,0.0,6.48,25.0,Petrolina
2021-05-27,26.5,32.7,21.2,0.0,6.67,22.8,Petrolina
2021-05-28,25.8,32.5,19.2,0.0,6.1,19.7,Petrolina
2021-05-29,25.6,31.6,19.4,0.0,6.08,19.0,Petrolina
2021-05-30,26.1,32.6,20.0,0.0,6.12,24.2,Petrolina
2021-05-31,26.1,30.3,21.5,0.0,4.45,22.1,Petrolina
2021-06-01,26.7,31.7,21.6,0.0,5.58,20.3,Petrolina
2021-06-02,26.6,33.1,21.5,0.0,5.57,29.9,Petrolina
2021-06-03,25.8,30.6,22.1,0.6,4.94,25.5,Petrolina
2021-06-04,25.0,30.0,20.6,1.2,4.12,24.4,Petrolina
2021-06-05,24.9,29.2,21.0,0.0,4.56,25.9,Petrolina
2021-06-06,25.4,31.6,20.8,0.0,5.6,27.0,Petrolina
2021-06-07,25.1,29.5,20.2,0.0,4.11,22.4,Petrolina
2021-06-08,25.9,31.4,21.0,0.0,5.13,20.8,Petrolina
2021-06-09,25.9,31.4,20.4,0.0,6.06,23.9,Petrolina
2021-06-10,26.0,32.2,20.8,0.2,5.89,28.6,Petrolina
2021-06-11,25.9,31.4,20.6,0.0,5.63,19.7,Petrolina
2021-06-12,26.4,32.7,20.6,0.0,5.49,20.4,Petrolina
2021-06-13,26.2,31.9,21.0,0.0,6.07,24.0,Petrolina
2021-06-14,24.8,29.0,21.6,0.6,4.79,29.8,Petrolina
2021-06-15,24.8,31.3,20.0,0.0,5.06,23.0,Petrolina
2021-06-16,25.2,31.2,20.0,0.0,5.35,20.3,Petrolina
2021-06-17,25.7,31.8,19.8,0.0,6.05,21.9,Petrolina
2021-06-18,25.3,31.3,19.1,0.0,6.48,26.4,Petrolina
2021-06-19,24.9,30.1,19.6,0.0,5.83,28.0,Petrolina
2021-06-20,25.6,32.7,20.0,0.0,6.13,25.8,Petrolina
2021-06-21,25.5,30.6,21.5,0.4,5.0,24.2,Petrolina
2021-06-22,25.8,31.0,21.5,0.4,4.49,20.0,Petrolina
2021-06-23,24.7,29.1,20.8,2.1,4.46,25.5,Petrolina
2021-06-24,23.7,28.0,20.0,2.2,3.83,25.5,Petrolina
2021-06-25,23.8,28.8,19.5,0.0,4.93,25.6,Petrolina
2021-06-26,23.4,29.0,18.0,0.0,5.55,21.9,Petrolina
2021-06-27,23.3,27.4,19.0,0.3,4.42,25.5,Petrolina
2021-06-28,23.2,28.8,17.6,0.0,4.63,23.4,Petrolina
2021-06-29,23.7,29.5,18.5,0.0,5.18,21.6,Petrolina
2021-06-30,23.9,27.8,19.0,0.3,4.1,17.1,Petrolina
2021-07-01,24.2,28.8,20.4,1.9,4.73,29.0,Petrolina
2021-07-02,23.0,27.0,20.6,0.3,3.16,27.2,Petrolina
2021-07-03,23.3,27.4,20.2,0.0,4.29,33.0,Petrolina
2021-07-04,23.6,28.4,20.0,0.0,4.25,27.1,Petrolina
2021-07-05,23.3,27.9,19.5,0.2,3.87,24.9,Petrolina
2021-07-06,23.7,28.8,19.9,0.0,4.14,23.2,Petrolina
2021-07-07,23.4,28.2,19.4,0.0,4.32,28.1,Petrolina
2021-07-08,23.7,30.2,18.9,0.1,4.98,24.5,Petrolina
2021-07-09,23.8,28.4,19.3,0.0,4.45,25.2,Petrolina
2021-07-10,24.2,29.1,20.0,0.1,4.5,27.0,Petrolina
2021-07-11,23.8,28.0,20.5,0.0,4.09,25.7,Petrolina
2021-07-12,23.8,28.6,19.6,0.0,4.37,25.2,Petrolina
2021-07-13,24.0,28.8,19.1,0.0,4.87,26.8,Petrolina
2021-07-14,24.7,29.6,20.4,0.0,4.87,26.8,Petrolina
2021-07-15,25.0,31.0,19.5,0.0,5.59,27.8,Petrolina
2021-07-16,25.0,30.8,19.1,0.0,5.85,20.3,Petrolina
2021-07-17,25.4,31.5,19.1,0.0,5.91,20.5,Petrolina
2021-07-18,25.9,31.6,20.0,0.0,6.07,21.1,Petrolina
2021-07-19,26.3,32.7,20.5,0.0,6.22,19.2,Petrolina
2021-07-20,25.9,32.1,21.3,0.3,5.65,26.1,Petrolina
2021-07-21,24.5,29.4,20.5,2.8,5.27,28.8,Petrolina
2021-07-22,24.0,28.5,19.8,0.0,4.9,29.6,Petrolina
2021-07-23,23.6,28.2,19.5,0.2,4.94,32.5,Petrolina
2021-07-24,22.6,27.1,20.0,0.5,3.69,29.4,Petrolina
2021-07-25,23.6,29.0,19.5,0.4,5.13,28.8,Petrolina
2021-07-26,23.7,28.6,19.2,0.1,4.38,27.5,Petrolina
2021-07-27,24.3,29.6,20.0,0.1,4.17,20.1,Petrolina
2021-07-28,25.4,31.5,19.3,0.0,5.24,19.3,Petrolina
2021-07-29,27.2,33.5,20.4,0.0,5.97,19.4,Petrolina
2021-07-30,26.3,31.9,20.8,0.0,6.84,27.9,Petrolina
2021-07-31,22.4,25.3,20.8,0.3,3.12,31.9,Petrolina
2021-08-01,22.3,25.9,19.3,0.0,4.33,37.6,Petrolina
2021-08-02,22.3,27.4,17.8,0.1,4.4,28.5,Petrolina
2021-08-03,23.1,27.8,18.3,0.0,4.73,24.8,Petrolina
2021-08-04,23.4,29.5,17.8,0.0,6.34,24.4,Petrolina
2021-08-05,23.3,28.5,18.0,0.0,5.11,27.4,Petrolina
2021-08-06,23.8,29.9,19.5,0.2,5.2,31.1,Petrolina
2021-08-07,22.7,27.5,19.4,0.2,4.6,32.1,Petrolina
2021-08-08,23.2,28.9,18.4,0.0,5.94,28.2,Petrolina
2021-08-09,23.1,29.8,17.0,0.0,5.65,25.7,Petrolina
2021-08-10,24.2,30.4,19.2,0.0,5.62,27.3,Petrolina
2021-08-11,24.6,31.0,18.5,0.0,6.4,23.5,Petrolina
2021-08-12,24.7,30.9,18.5,0.0,6.88,27.1,Petrolina
2021-08-13,24.8,31.9,19.8,0.0,6.74,27.4,Petrolina
2021-08-14,24.3,30.8,18.6,0.0,6.6,23.9,Petrolina
2021-08-15,24.4,29.5,19.8,0.0,5.3,26.2,Petrolina
2021-08-16,24.6,31.7,18.5,0.0,6.61,28.8,Petrolina
2021-08-17,24.8,31.5,18.3,0.0,7.02,26.2,Petrolina
2021-08-18,24.3,30.0,18.5,0.0,6.35,32.0,Petrolina
2021-08-19,23.4,28.1,18.4,0.1,4.84,28.5,Petrolina
2021-08-20,24.0,28.8,18.8,0.0,5.16,26.7,Petrolina
2021-08-21,24.7,31.6,18.5,0.0,7.0,29.8,Petrolina
2021-08-22,24.4,29.8,19.4,0.1,5.18,24.5,Petrolina
2021-08-23,24.8,30.4,19.5,0.0,5.4,27.3,Petrolina
2021-08-24,25.1,32.8,18.8,0.0,6.92,28.8,Petrolina
2021-08-25,25.8,32.2,19.2,0.0,7.18,24.4,Petrolina
2021-08-26,26.4,32.8,19.8,0.0,7.36,23.3,Petrolina
2021-08-27,26.5,33.0,20.0,0.0,7.37,25.7,Petrolina
2021-08-28,26.2,33.0,21.2,0.0,6.66,28.8,Petrolina
2021-08-29,26.1,33.1,20.1,0.0,7.25,26.6,Petrolina
2021-08-30,26.4,32.9,20.5,0.0,6.48,23.6,Petrolina
2021-08-31,26.3,32.5,20.9,0.0,6.67,31.6,Petrolina
2021-09-01,25.8,31.4,20.6,0.0,5.89,26.3,Petrolina
2021-09-02,24.9,29.9,19.8,0.0,5.86,25.5,Petrolina
2021-09-03,26.4,33.3,19.9,0.0,7.25,23.2,Petrolina
2021-09-04,27.8,33.5,21.0,0.0,6.65,22.2,Petrolina
2021-09-05,29.1,34.3,23.1,0.0,7.5,19.7,Petrolina
2021-09-06,29.1,35.5,22.3,0.0,8.12,20.0,Petrolina
2021-09-07,28.2,35.0,21.2,0.0,8.42,24.2,Petrolina
2021-09-08,27.2,34.0,20.6,0.0,7.25,27.6,Petrolina
2021-09-09,27.4,34.0,20.8,0.0,7.25,20.5,Petrolina
2021-09-10,28.3,35.3,20.8,0.0,7.94,22.8,Petrolina
2021-09-11,27.6,35.2,20.8,0.0,8.2,23.6,Petrolina
2021-09-12,27.4,34.0,20.7,0.0,8.13,27.5,Petrolina
2021-09-13,27.8,34.8,21.5,0.0,7.8,28.0,Petrolina
2021-09-14,27.7,34.0,21.1,0.0,7.66,23.9,Petrolina
2021-09-15,27.8,34.3,21.2,0.0,7.83,23.5,Petrolina
2021-09-16,27.5,34.4,20.4,0.0,8.24,27.3,Petrolina
2021-09-17,27.0,33.0,21.2,0.0,7.59,27.7,Petrolina
2021-09-18,26.4,33.0,19.6,0.0,7.86,25.1,Petrolina
2021-09-19,27.8,34.6,20.6,0.0,7.73,17.5,Petrolina
2021-09-20,28.3,34.7,21.4,0.0,8.26,20.7,Petrolina
2021-09-21,27.8,34.6,20.9,0.0,7.61,19.4,Petrolina
2021-09-22,29.7,36.7,21.5,0.0,7.16,19.2,Petrolina
2021-09-23,28.6,34.2,23.3,0.1,7.76,31.0,Petrolina
2021-09-24,26.0,30.5,22.1,0.1,5.39,28.0,Petrolina
2021-09-25,26.1,30.8,21.0,0.1,6.01,26.4,Petrolina
2021-09-26,27.3,34.1,21.1,0.1,6.87,26.0,Petrolina
2021-09-27,27.8,34.7,21.2,0.0,8.45,27.4,Petrolina
2021-09-28,27.5,34.4,20.5,0.0,8.5,26.9,Petrolina
2021-09-29,27.7,34.3,20.5,0.0,7.69,25.8,Petrolina
2021-09-30,28.5,34.0,22.0,0.0,6.65,17.9,Petrolina
2021-10-01,29.0,34.0,23.4,0.1,7.17,21.5,Petrolina
2021-10-02,28.7,34.2,22.8,0.2,7.44,22.6,Petrolina
2021-10-03,29.1,35.1,22.6,0.0,8.17,26.0,Petrolina
2021-10-04,28.8,35.2,22.0,0.0,8.44,22.1,Petrolina
2021-10-05,29.0,35.9,21.7,0.0,8.74,22.7,Petrolina
2021-10-06,29.0,35.6,22.1,0.0,9.25,26.5,Petrolina
2021-10-07,28.5,34.9,21.5,0.0,8.13,23.5,Petrolina
2021-10-08,29.5,35.8,22.6,0.0,8.77,22.1,Petrolina
2021-10-09,28.7,35.5,22.0,0.0,8.84,23.2,Petrolina
2021-10-10,29.2,35.7,22.2,0.0,8.07,22.4,Petrolina
2021-10-11,29.8,35.4,22.8,0.0,7.06,19.9,Petrolina
2021-10-12,31.2,36.0,25.0,0.1,7.69,17.6,Petrolina
2021-10-13,31.3,37.3,24.5,0.0,8.88,20.3,Petrolina
2021-10-14,30.4,36.2,23.2,0.0,8.22,28.2,Petrolina
2021-10-15,30.3,36.5,24.0,0.0,9.0,28.3,Petrolina
2021-10-16,29.3,36.0,23.0,0.0,8.67,27.2,Petrolina
2021-10-17,29.1,35.5,23.4,0.0,7.33,23.7,Petrolina
2021-10-18,29.4,35.9,22.4,0.0,8.64,22.9,Petrolina
2021-10-19,29.8,34.7,23.6,0.0,7.06,19.4,Petrolina
2021-10-20,30.9,35.7,25.2,0.0,7.37,17.4,Petrolina
2021-10-21,29.2,34.0,23.7,7.6,6.06,20.7,Petrolina
2021-10-22,25.7,29.5,22.3,16.8,3.9,13.5,Petrolina
2021-10-23,25.7,30.4,22.5,3.9,4.0,14.6,Petrolina
2021-10-24,26.7,31.1,22.2,2.5,4.45,18.6,Petrolina
2021-10-25,27.8,32.8,23.3,0.0,6.61,24.0,Petrolina
2021-10-26,26.7,33.2,21.4,0.1,7.18,27.2,Petrolina
2021-10-27,26.7,32.8,20.7,0.1,7.1,25.3,Petrolina
2021-10-28,26.9,33.7,21.2,0.0,6.96,28.4,Petrolina
2021-10-29,26.9,32.5,21.9,0.3,6.65,21.9,Petrolina
2021-10-30,27.0,33.5,20.2,0.0,7.76,23.2,Petrolina
2021-10-31,27.6,34.0,21.2,0.0,6.89,21.8,Petrolina
2021-11-01,28.5,33.9,22.5,0.2,6.21,23.1,Petrolina
2021-11-02,28.6,33.7,24.6,0.8,6.02,17.1,Petrolina
2021-11-03,27.4,31.7,23.5,0.6,4.69,18.6,Petrolina
2021-11-04,27.7,34.0,24.0,15.8,5.39,24.2,Petrolina
2021-11-05,25.5,29.6,22.4,10.1,3.7,15.3,Petrolina
2021-11-06,26.8,30.0,24.9,3.5,3.67,19.2,Petrolina
2021-11-07,25.2,29.7,22.3,30.7,3.57,9.8,Petrolina
2021-11-08,25.4,29.4,22.3,0.2,4.09,18.4,Petrolina
2021-11-09,26.5,31.2,22.6,0.9,5.51,20.7,Petrolina
2021-11-10,26.6,31.8,22.2,0.0,6.09,20.4,Petrolina
2021-11-11,26.6,31.2,21.9,0.0,6.35,21.9,Petrolina
2021-11-12,26.8,31.5,22.1,0.1,5.39,20.0,Petrolina
2021-11-13,27.3,32.2,22.8,0.0,6.19,20.4,Petrolina
2021-11-14,26.6,31.5,22.5,0.1,6.23,23.8,Petrolina
2021-11-15,26.5,32.5,22.1,0.8,5.72,27.5,Petrolina
2021-11-16,25.8,31.2,22.6,1.1,5.22,23.6,Petrolina
2021-11-17,27.0,33.2,21.6,0.0,6.69,23.9,Petrolina
2021-11-18,27.1,33.2,21.5,0.0,7.27,22.5,Petrolina
2021-11-19,27.3,33.0,22.0,0.0,6.07,22.3,Petrolina
2021-11-20,28.1,34.3,22.4,0.0,7.63,21.9,Petrolina
2021-11-21,28.1,33.0,22.5,0.0,6.67,20.6,Petrolina
2021-11-22,29.3,34.5,24.0,0.0,7.45,18.4,Petrolina
2021-11-23,29.3,34.2,23.8,0.3,6.89,18.4,Petrolina
2021-11-24,29.9,35.2,24.5,0.6,7.67,25.4,Petrolina
2021-11-25,28.6,35.2,24.2,0.1,7.55,27.8,Petrolina
2021-11-26,27.0,32.1,22.4,1.6,5.81,23.6,Petrolina
2021-11-27,28.6,34.8,23.5,2.3,6.32,19.2,Petrolina
2021-11-28,25.3,26.8,23.8,5.0,2.42,9.8,Petrolina
2021-11-29,27.2,32.8,23.8,4.7,5.25,18.1,Petrolina
2021-11-30,26.2,30.0,22.6,3.7,3.05,16.2,Petrolina
2021-12-01,28.7,33.7,24.0,0.2,5.8,19.2,Petrolina
2021-12-02,27.4,32.7,23.9,2.4,4.94,19.8,Petrolina
2021-12-03,26.9,30.0,24.2,3.7,4.41,17.0,Petrolina
2021-12-04,24.2,27.1,21.9,30.5,2.38,20.6,Petrolina
2021-12-05,25.4,31.1,22.5,0.6,4.16,22.8,Petrolina
2021-12-06,26.1,31.1,21.9,0.9,5.49,23.0,Petrolina
2021-12-07,26.8,32.6,22.3,0.0,5.4,16.4,Petrolina
2021-12-08,28.0,32.8,23.2,0.3,5.94,17.6,Petrolina
2021-12-09,25.7,28.4,22.4,6.1,3.4,13.9,Petrolina
2021-12-10,27.0,30.4,23.2,0.3,4.49,19.8,Petrolina
2021-12-11,27.2,31.5,23.8,1.4,5.27,17.4,Petrolina
2021-12-12,27.1,32.1,22.5,0.0,6.27,21.5,Petrolina
2021-12-13,26.7,31.4,22.1,0.0,5.6,21.0,Petrolina
2021-12-14,27.5,32.5,22.7,0.2,6.24,20.8,Petrolina
2021-12-15,28.1,33.5,23.5,0.2,6.84,19.7,Petrolina
2021-12-16,27.7,32.5,23.0,0.4,6.64,23.6,Petrolina
2021-12-17,28.3,33.5,22.8,0.0,6.91,19.8,Petrolina
2021-12-18,28.4,33.0,23.6,0.0,6.19,17.7,Petrolina
2021-12-19,28.1,32.2,22.5,5.2,5.91,16.8,Petrolina
2021-12-20,25.4,29.8,23.0,24.1,2.92,13.0,Petrolina
2021-12-21,25.0,29.3,22.8,24.8,3.51,16.1,Petrolina
2021-12-22,25.5,30.0,22.7,4.7,4.38,16.6,Petrolina
2021-12-23,26.7,31.5,22.6,0.0,4.36,17.2,Petrolina
2021-12-24,25.3,30.0,23.2,5.7,3.01,20.9,Petrolina
2021-12-25,23.6,25.7,21.8,11.4,1.6,14.5,Petrolina
2021-12-26,23.3,25.7,21.7,1.4,1.95,16.6,Petrolina
2021-12-27,24.6,28.2,21.6,1.3,3.65,14.8,Petrolina
2021-12-28,25.2,28.6,22.0,0.4,3.61,21.2,Petrolina
2021-12-29,25.4,29.8,22.1,0.0,5.87,16.6,Petrolina
2021-12-30,25.1,29.9,21.0,0.0,4.75,18.0,Petrolina
2021-12-31,24.0,29.0,22.0,31.5,3.77,19.1,Petrolina
2022-01-01,25.5,29.6,22.5,0.7,4.24,14.3,Petrolina
2022-01-02,25.9,30.1,22.6,0.9,4.89,14.4,Petrolina
2022-01-03,25.7,29.7,22.6,0.5,4.67,16.1,Petrolina
2022-01-04,25.8,31.2,21.5,0.0,5.58,18.7,Petrolina
2022-01-05,25.9,30.5,22.0,0.3,4.99,18.8,Petrolina
2022-01-06,25.4,29.9,21.0,2.9,4.27,12.4,Petrolina
2022-01-07,24.3,27.7,22.0,17.2,3.01,16.0,Petrolina
2022-01-08,25.0,28.4,22.4,5.4,3.75,16.6,Petrolina
2022-01-09,25.3,29.5,21.5,3.2,4.29,12.4,Petrolina
2022-01-10,25.9,30.3,22.2,0.2,5.45,17.3,Petrolina
2022-01-11,25.8,29.9,22.0,0.1,4.56,14.2,Petrolina
2022-01-12,25.8,30.3,22.1,0.5,5.71,17.5,Petrolina
2022-01-13,25.9,31.4,21.0,0.4,6.32,16.6,Petrolina
2022-01-14,26.2,31.4,21.6,0.0,6.21,22.4,Petrolina
2022-01-15,25.5,30.8,21.1,0.3,5.66,24.1,Petrolina
2022-01-16,25.7,30.7,21.6,1.3,5.51,23.3,Petrolina
2022-01-17,26.6,31.9,20.5,8.1,6.4,19.1,Petrolina
2022-01-18,26.7,31.9,22.3,0.2,5.93,22.8,Petrolina
2022-01-19,26.8,32.7,21.4,0.0,7.07,20.3,Petrolina
2022-01-20,27.3,32.8,22.2,0.1,6.96,22.7,Petrolina
2022-01-21,27.6,33.2,22.5,0.0,6.79,20.4,Petrolina
2022-01-22,28.1,33.2,23.0,0.0,7.05,17.2,Petrolina
2022-01-23,27.5,33.1,23.1,1.4,6.33,17.9,Petrolina
2022-01-24,24.7,29.9,21.7,13.2,4.0,19.1,Petrolina
2022-01-25,25.3,30.9,21.5,14.8,4.92,28.7,Petrolina
2022-01-26,25.5,31.5,21.2,3.5,5.04,24.7,Petrolina
2022-01-27,25.5,30.8,21.8,4.1,5.25,19.0,Petrolina
2022-01-28,24.7,28.6,21.4,6.1,4.17,14.2,Petrolina
2022-01-29,22.9,26.1,20.9,14.7,1.84,15.9,Petrolina
2022-01-30,25.2,29.0,22.3,0.1,3.79,17.9,Petrolina
2022-01-31,26.2,31.7,21.7,0.0,6.03,16.3,Petrolina
2022-02-01,26.6,31.9,21.5,0.0,6.25,15.8,Petrolina
2022-02-02,26.9,31.6,22.1,0.2,5.98,15.3,Petrolina
2022-02-03,27.5,33.0,22.5,0.1,6.78,17.8,Petrolina
2022-02-04,27.4,33.0,22.3,0.2,6.56,18.0,Petrolina
2022-02-05,27.5,33.2,22.2,0.0,6.29,18.6,Petrolina
2022-02-06,27.4,32.4,22.2,0.0,5.9,17.4,Petrolina
2022-02-07,28.1,33.7,22.9,0.0,6.33,15.9,Petrolina
2022-02-08,28.3,34.1,22.9,0.0,6.83,18.2,Petrolina
2022-02-09,28.5,34.2,22.9,0.0,6.83,16.8,Petrolina
2022-02-10,28.2,33.2,23.8,1.2,6.28,15.3,Petrolina
2022-02-11,26.4,30.4,23.2,0.8,4.97,15.5,Petrolina
2022-02-12,24.9,28.6,21.2,37.4,3.62,15.8,Petrolina
2022-02-13,24.7,29.1,21.6,6.9,3.73,12.6,Petrolina
2022-02-14,26.1,30.0,22.6,0.5,4.87,12.1,Petrolina
2022-02-15,27.1,32.2,22.4,0.2,6.28,16.6,Petrolina
2022-02-16,27.0,32.3,22.0,0.1,6.04,15.6,Petrolina
2022-02-17,26.6,31.1,21.8,0.4,5.29,13.8,Petrolina
2022-02-18,27.4,31.7,23.0,0.5,5.69,15.9,Petrolina
2022-02-19,27.2,31.6,23.4,4.3,5.45,15.6,Petrolina
2022-02-20,23.6,25.4,22.3,18.7,1.75,13.0,Petrolina
2022-02-21,25.8,30.6,22.0,4.8,4.67,18.1,Petrolina
2022-02-22,26.6,32.0,21.9,4.0,5.92,19.4,Petrolina
2022-02-23,26.8,32.5,21.6,0.0,6.43,18.7,Petrolina
2022-02-24,27.8,33.2,22.7,0.3,6.68,19.6,Petrolina
2022-02-25,28.1,33.2,23.5,0.3,6.65,20.5,Petrolina
2022-02-26,27.7,33.0,22.2,0.1,6.39,26.4,Petrolina
2022-02-27,27.8,33.7,22.4,0.0,6.54,22.1,Petrolina
2022-02-28,28.2,33.5,22.8,0.4,7.16,23.6,Petrolina
2022-03-01,28.2,33.3,23.1,0.4,6.74,22.5,Petrolina
2022-03-02,28.1,33.5,23.6,0.0,6.06,18.2,Petrolina
2022-03-03,26.9,32.6,23.4,3.1,5.54,27.5,Petrolina
2022-03-04,25.0,29.4,22.9,8.5,3.88,18.1,Petrolina
2022-03-05,24.5,28.2,22.4,26.6,3.49,20.2,Petrolina
2022-03-06,25.5,30.1,21.9,1.5,5.02,21.0,Petrolina
2022-03-07,24.9,30.4,21.2,2.1,4.65,20.5,Petrolina
2022-03-08,25.7,31.1,21.1,0.0,5.68,18.5,Petrolina
2022-03-09,25.9,30.8,21.5,0.7,5.07,22.8,Petrolina
2022-03-10,26.2,31.3,22.7,9.7,5.06,21.5,Petrolina
2022-03-11,26.3,31.2,22.1,1.3,5.01,21.0,Petrolina
2022-03-12,26.3,31.1,22.0,0.0,5.26,15.0,Petrolina
2022-03-13,27.0,32.0,22.5,0.7,5.9,15.3,Petrolina
2022-03-14,27.5,32.0,22.7,0.0,5.62,18.7,Petrolina
2022-03-15,25.4,30.4,21.6,18.0,4.14,15.2,Petrolina
2022-03-16,25.4,29.8,22.0,8.8,4.48,16.7,Petrolina
2022-03-17,24.6,29.0,21.9,5.8,3.75,19.5,Petrolina
2022-03-18,25.7,31.0,22.0,1.5,5.31,23.0,Petrolina
2022-03-19,25.5,31.0,20.7,0.0,5.84,18.3,Petrolina
2022-03-20,25.9,31.0,21.6,0.2,4.98,17.4,Petrolina
2022-03-21,26.9,32.3,22.2,0.1,6.21,17.8,Petrolina
2022-03-22,27.1,32.8,22.4,0.2,6.01,19.8,Petrolina
2022-03-23,25.9,31.7,23.1,15.3,4.85,24.5,Petrolina
2022-03-24,25.8,30.5,22.1,1.4,4.48,21.4,Petrolina
2022-03-25,26.0,30.8,21.5,0.0,5.34,19.0,Petrolina
2022-03-26,26.6,32.2,21.8,0.0,5.78,20.8,Petrolina
2022-03-27,26.7,31.7,23.3,0.0,4.87,18.9,Petrolina
2022-03-28,26.7,31.5,23.0,0.5,4.9,22.9,Petrolina
2022-03-29,26.7,32.5,22.0,0.0,5.91,21.8,Petrolina
2022-03-30,27.3,33.8,21.9,0.0,6.45,22.2,Petrolina
2022-03-31,27.7,32.8,22.8,0.3,6.16,18.9,Petrolina
2022-04-01,27.7,33.2,22.9,0.2,6.16,22.6,Petrolina
2022-04-02,27.3,32.6,23.4,1.0,5.68,24.5,Petrolina
2022-04-03,27.7,33.7,22.0,0.0,7.16,27.6,Petrolina
2022-04-04,27.2,32.7,22.0,0.2,5.89,25.1,Petrolina
2022-04-05,27.8,33.5,22.5,0.1,5.99,22.7,Petrolina
2022-04-06,28.4,34.0,22.6,0.0,6.79,18.8,Petrolina
2022-04-07,27.8,33.8,21.9,0.0,7.34,19.9,Petrolina
2022-04-08,28.3,34.4,22.2,0.0,7.12,19.3,Petrolina
2022-04-09,28.9,35.4,22.6,0.0,7.38,17.2,Petrolina
2022-04-10,29.6,34.8,24.2,0.0,6.5,16.9,Petrolina
2022-04-11,28.2,32.8,23.0,1.3,5.22,14.8,Petrolina
2022-04-12,28.2,33.7,23.1,0.0,6.28,17.9,Petrolina
2022-04-13,27.6,33.3,22.2,0.0,5.53,14.1,Petrolina
2022-04-14,28.3,32.8,23.0,0.0,5.37,9.2,Petrolina
2022-04-15,27.2,31.9,23.0,3.2,4.66,20.2,Petrolina
2022-04-16,26.5,31.2,23.0,10.8,4.56,17.3,Petrolina
2022-04-17,25.1,29.7,22.0,14.2,3.67,16.0,Petrolina
2022-04-18,24.3,28.1,22.5,5.5,3.36,20.0,Petrolina
2022-04-19,25.1,30.0,21.5,1.1,4.23,23.4,Petrolina
2022-04-20,24.7,28.5,22.0,1.6,4.02,25.7,Petrolina
2022-04-21,25.6,30.8,21.9,0.0,5.15,20.3,Petrolina
2022-04-22,25.5,29.9,21.6,0.1,4.2,20.6,Petrolina
2022-04-23,26.1,31.3,21.8,0.1,5.15,19.3,Petrolina
2022-04-24,26.1,31.1,21.7,0.2,4.95,22.4,Petrolina
2022-04-25,25.6,31.6,20.6,0.7,5.67,28.7,Petrolina
2022-04-26,25.2,30.5,20.8,0.1,5.06,28.9,Petrolina
2022-04-27,25.6,31.8,20.0,0.3,5.21,24.2,Petrolina
2022-04-28,24.7,29.6,21.0,1.1,4.44,26.3,Petrolina
2022-04-29,25.3,31.2,20.5,0.4,4.79,25.3,Petrolina
2022-04-30,25.0,30.4,20.8,0.5,4.7,21.3,Petrolina
2022-05-01,25.8,31.7,20.1,0.0,5.8,24.6,Petrolina
2022-05-02,25.9,30.5,20.5,0.0,5.13,24.8,Petrolina
2022-05-03,26.3,31.1,22.2,0.0,4.71,22.9,Petrolina
2022-05-04,26.6,32.1,22.0,0.0,4.89,24.2,Petrolina
2022-05-05,27.1,33.3,21.6,0.0,6.04,21.0,Petrolina
2022-05-06,27.1,33.1,21.4,0.0,6.54,23.6,Petrolina
2022-05-07,26.1,31.5,20.0,0.0,6.65,23.4,Petrolina
2022-05-08,26.3,32.3,20.7,0.0,5.95,24.9,Petrolina
2022-05-09,25.3,31.0,20.6,0.3,4.7,25.7,Petrolina
2022-05-10,25.5,30.2,21.6,0.3,4.82,24.2,Petrolina
2022-05-11,25.6,30.2,21.1,0.1,5.03,18.1,Petrolina
2022-05-12,26.8,32.6,21.0,0.0,5.68,21.4,Petrolina
2022-05-13,27.3,32.7,21.7,0.0,6.48,21.5,Petrolina
2022-05-14,27.0,32.2,21.7,0.0,6.73,23.3,Petrolina
2022-05-15,26.8,31.5,21.8,0.0,5.17,20.6,Petrolina
2022-05-16,27.5,32.2,22.5,0.0,4.95,19.5,Petrolina
2022-05-17,28.3,33.2,23.1,0.0,4.96,15.7,Petrolina
2022-05-18,29.0,33.9,23.5,0.0,5.53,19.1,Petrolina
2022-05-19,26.7,30.8,23.3,7.8,4.28,20.5,Petrolina
2022-05-20,22.6,23.6,21.5,40.3,1.3,14.4,Petrolina
2022-05-21,22.9,25.9,20.8,0.3,2.98,21.9,Petrolina
2022-05-22,22.9,26.4,19.5,0.0,3.58,26.5,Petrolina
2022-05-23,22.3,26.5,18.9,0.7,2.97,25.4,Petrolina
2022-05-24,23.2,27.8,19.9,0.0,3.89,27.8,Petrolina
2022-05-25,23.1,27.0,20.0,1.4,3.4,32.6,Petrolina
2022-05-26,23.5,27.0,21.1,0.2,3.51,32.4,Petrolina
2022-05-27,23.1,27.6,19.8,0.0,4.18,30.9,Petrolina
2022-05-28,23.2,28.5,19.0,0.0,4.81,22.5,Petrolina
2022-05-29,23.9,28.0,19.9,0.0,3.72,23.0,Petrolina
2022-05-30,24.7,30.5,20.9,1.3,3.72,24.9,Petrolina
2022-05-31,24.4,28.1,21.8,5.8,3.33,22.3,Petrolina
2022-06-01,23.8,28.6,20.4,0.6,3.48,25.2,Petrolina
2022-06-02,24.0,29.7,20.3,1.1,3.58,22.0,Petrolina
2022-06-03,24.7,29.6,21.0,0.4,4.17,22.2,Petrolina
2022-06-04,24.2,29.9,20.3,0.0,5.04,24.5,Petrolina
2022-06-05,22.9,27.3,19.6,1.1,4.01,32.5,Petrolina
2022-06-06,22.6,26.9,19.1,0.0,4.52,32.5,Petrolina
2022-06-07,22.8,28.4,18.5,0.0,4.52,22.5,Petrolina
2022-06-08,23.9,30.7,18.0,0.0,4.79,15.0,Petrolina
2022-06-09,24.5,30.2,19.1,0.3,4.79,20.9,Petrolina
2022-06-10,24.8,29.8,20.0,0.0,3.81,21.6,Petrolina
2022-06-11,25.2,30.3,20.3,1.4,4.79,18.5,Petrolina
2022-06-12,25.3,30.8,21.5,8.3,4.61,18.2,Petrolina
2022-06-13,25.5,31.5,20.1,0.1,5.2,17.6,Petrolina
2022-06-14,25.3,31.1,20.5,0.0,5.4,24.8,Petrolina
2022-06-15,23.5,27.9,20.0,0.2,4.11,28.0,Petrolina
2022-06-16,23.0,29.1,18.4,0.0,4.98,27.2,Petrolina
2022-06-17,23.1,27.8,18.2,0.0,4.85,24.4,Petrolina
2022-06-18,24.3,31.2,18.7,0.0,5.21,20.5,Petrolina
2022-06-19,25.0,31.3,19.1,0.0,5.97,22.0,Petrolina
2022-06-20,24.1,28.8,20.0,0.5,3.97,27.1,Petrolina
2022-06-21,23.7,28.1,21.4,1.3,3.67,31.2,Petrolina
2022-06-22,24.2,29.6,20.0,0.1,5.13,23.6,Petrolina
2022-06-23,24.2,29.0,20.3,1.1,3.93,29.0,Petrolina
2022-06-24,24.1,28.5,21.0,0.1,3.89,28.0,Petrolina
2022-06-25,23.5,29.2,19.0,0.0,4.57,25.5,Petrolina
2022-06-26,23.4,28.4,19.0,0.0,4.45,22.0,Petrolina
2022-06-27,22.9,27.5,18.5,0.1,4.36,27.8,Petrolina
2022-06-28,22.6,26.7,19.3,0.0,4.16,30.3,Petrolina
2022-06-29,22.7,28.9,17.0,0.0,4.76,20.9,Petrolina
2022-06-30,23.8,30.1,18.0,0.0,5.08,20.7,Petrolina
2022-07-01,23.8,28.1,19.7,0.0,4.17,24.7,Petrolina
2022-07-02,23.3,26.4,20.5,0.8,3.48,31.3,Petrolina
2022-07-03,23.4,27.9,19.5,0.3,4.47,30.8,Petrolina
2022-07-04,23.4,26.9,19.9,0.0,4.08,30.9,Petrolina
2022-07-05,24.0,29.2,19.8,0.3,4.96,28.0,Petrolina
2022-07-06,23.6,28.4,19.0,0.3,4.48,28.2,Petrolina
2022-07-07,23.8,27.6,20.9,0.7,3.84,28.1,Petrolina
2022-07-08,22.9,27.2,18.1,0.3,3.72,29.8,Petrolina
2022-07-09,23.7,29.7,18.0,0.0,5.61,32.5,Petrolina
2022-07-10,23.9,28.6,20.6,0.2,4.5,30.9,Petrolina
2022-07-11,23.9,30.0,18.7,0.2,5.22,27.1,Petrolina
2022-07-12,24.7,31.4,19.6,0.0,5.62,24.2,Petrolina
2022-07-13,23.8,26.9,21.6,0.9,3.74,29.0,Petrolina
2022-07-14,23.3,27.2,19.8,0.2,4.08,26.0,Petrolina
2022-07-15,23.1,29.1,17.5,0.0,5.68,23.5,Petrolina
2022-07-16,23.1,28.2,18.7,0.4,4.32,24.1,Petrolina
2022-07-17,22.8,28.5,17.5,0.0,4.85,24.3,Petrolina
2022-07-18,22.9,28.2,17.2,0.0,4.56,27.5,Petrolina
2022-07-19,23.9,29.2,20.1,0.0,4.96,26.1,Petrolina
2022-07-20,22.5,26.8,17.7,0.0,3.67,24.8,Petrolina
2022-07-21,23.6,29.5,19.5,0.0,4.59,25.7,Petrolina
2022-07-22,23.3,28.6,19.2,0.3,4.05,24.2,Petrolina
2022-07-23,23.4,28.8,18.0,0.0,4.82,25.6,Petrolina
2022-07-24,24.6,30.8,19.9,0.1,5.68,26.0,Petrolina
2022-07-25,23.3,29.0,18.0,0.0,5.77,27.5,Petrolina
2022-07-26,23.1,26.8,19.9,0.0,4.15,24.5,Petrolina
2022-07-27,23.6,28.9,19.1,0.1,4.98,26.3,Petrolina
2022-07-28,23.9,30.2,18.5,0.0,5.6,24.0,Petrolina
2022-07-29,25.5,32.2,19.0,0.0,5.75,19.3,Petrolina
2022-07-30,26.4,33.2,19.9,0.0,5.89,23.5,Petrolina
2022-07-31,26.7,33.1,20.8,0.0,6.64,23.6,Petrolina
2022-08-01,25.2,31.1,19.2,0.0,6.67,27.8,Petrolina
2022-08-02,24.9,30.8,18.7,0.0,5.99,26.0,Petrolina
2022-08-03,25.3,30.2,21.4,0.0,5.57,25.2,Petrolina
2022-08-04,23.7,27.2,20.6,0.4,3.82,24.4,Petrolina
2022-08-05,24.7,30.5,19.9,0.2,5.07,27.5,Petrolina
2022-08-06,25.1,31.7,18.4,0.0,6.54,25.9,Petrolina
2022-08-07,25.2,30.9,19.9,0.0,5.85,27.0,Petrolina
2022-08-08,24.3,29.1,20.5,0.1,4.66,21.1,Petrolina
2022-08-09,24.5,31.0,17.5,0.0,6.64,18.2,Petrolina
2022-08-10,24.4,30.3,18.6,0.1,5.0,20.1,Petrolina
2022-08-11,26.3,33.3,19.0,0.0,5.92,13.8,Petrolina
2022-08-12,27.1,33.8,20.5,0.0,7.75,27.7,Petrolina
2022-08-13,24.9,31.7,19.2,0.0,6.1,30.4,Petrolina
2022-08-14,22.4,27.0,19.8,3.0,3.64,31.6,Petrolina
2022-08-15,22.9,26.9,19.5,0.2,4.02,32.3,Petrolina
2022-08-16,23.1,27.9,18.4,0.0,4.88,31.0,Petrolina
2022-08-17,24.2,30.3,19.3,0.1,5.19,27.2,Petrolina
2022-08-18,24.0,30.6,18.3,0.0,6.12,24.4,Petrolina
2022-08-19,23.4,29.3,17.9,0.0,5.54,24.5,Petrolina
2022-08-20,23.1,29.0,18.1,0.0,5.51,31.2,Petrolina
2022-08-21,22.3,26.6,18.6,1.3,4.46,29.3,Petrolina
2022-08-22,23.2,28.1,19.0,0.1,4.81,26.0,Petrolina
2022-08-23,23.5,28.8,19.1,0.0,4.96,28.3,Petrolina
2022-08-24,23.6,29.6,18.7,0.2,4.93,27.5,Petrolina
2022-08-25,23.6,28.5,17.9,0.0,5.59,28.4,Petrolina
2022-08-26,23.8,29.9,17.4,0.0,6.41,30.1,Petrolina
2022-08-27,23.9,30.4,17.9,0.0,6.11,28.4,Petrolina
2022-08-28,24.6,30.2,18.8,0.0,5.63,24.5,Petrolina
2022-08-29,25.2,31.5,18.2,0.0,7.36,24.4,Petrolina
2022-08-30,24.6,31.2,18.8,0.0,7.53,33.8,Petrolina
2022-08-31,22.5,27.2,18.8,0.0,5.76,32.0,Petrolina
2022-09-01,22.1,26.0,17.6,0.0,4.41,28.8,Petrolina
2022-09-02,24.5,30.6,20.1,0.6,5.24,24.0,Petrolina
2022-09-03,24.7,30.4,20.0,0.3,5.28,24.5,Petrolina
2022-09-04,24.5,29.8,19.3,0.0,5.05,25.3,Petrolina
2022-09-05,24.8,31.9,18.9,0.0,7.0,30.4,Petrolina
2022-09-06,24.4,30.6,18.4,0.0,7.2,31.2,Petrolina
2022-09-07,24.6,31.0,18.2,0.0,7.26,28.0,Petrolina
2022-09-08,24.4,29.8,19.1,0.1,5.63,26.3,Petrolina
2022-09-09,25.0,30.8,19.8,0.2,5.63,23.7,Petrolina
2022-09-10,25.8,32.8,19.5,0.0,6.71,21.5,Petrolina
2022-09-11,25.7,33.0,19.2,0.0,7.02,21.5,Petrolina
2022-09-12,25.8,32.4,19.8,0.0,7.78,23.5,Petrolina
2022-09-13,25.2,31.9,18.3,0.0,6.7,22.8,Petrolina
2022-09-14,26.5,34.0,19.3,0.0,7.1,21.3,Petrolina
2022-09-15,27.8,35.2,20.2,0.0,7.75,23.0,Petrolina
2022-09-16,26.7,33.2,20.6,0.0,7.65,20.9,Petrolina
2022-09-17,27.0,33.8,19.3,0.0,8.18,21.8,Petrolina
2022-09-18,26.7,33.5,19.5,0.0,8.42,29.0,Petrolina
2022-09-19,25.6,32.9,20.0,0.0,6.94,28.0,Petrolina
2022-09-20,26.4,32.5,20.1,0.0,6.84,23.1,Petrolina
2022-09-21,28.1,35.2,20.9,0.0,8.02,22.6,Petrolina
2022-09-22,28.5,35.0,21.1,0.0,7.63,17.8,Petrolina
2022-09-23,30.0,35.0,23.2,0.0,6.82,17.4,Petrolina
2022-09-24,30.2,35.0,26.1,0.1,7.38,26.8,Petrolina
2022-09-25,27.7,33.7,22.4,0.0,8.57,26.4,Petrolina
2022-09-26,27.0,33.5,20.4,0.0,8.04,25.7,Petrolina
2022-09-27,27.0,33.3,19.9,0.0,8.23,24.1,Petrolina
2022-09-28,27.6,33.7,20.8,0.0,8.4,24.9,Petrolina
2022-09-29,28.1,34.8,21.0,0.0,8.28,21.5,Petrolina
2022-09-30,27.8,34.9,21.0,0.0,9.07,25.8,Petrolina
2022-10-01,26.9,33.5,20.0,0.0,8.27,28.0,Petrolina
2022-10-02,27.9,34.8,20.9,0.0,8.2,20.7,Petrolina
2022-10-03,28.0,35.0,20.4,0.0,8.67,19.7,Petrolina
2022-10-04,28.6,35.8,20.6,0.0,8.09,21.6,Petrolina
2022-10-05,29.1,35.9,22.0,0.0,8.71,22.1,Petrolina
2022-10-06,29.3,35.7,22.4,0.0,8.44,22.7,Petrolina
2022-10-07,29.2,35.2,22.8,0.0,7.44,24.1,Petrolina
2022-10-08,30.6,37.5,23.4,0.0,9.05,23.3,Petrolina
2022-10-09,28.9,36.0,21.6,0.0,8.9,28.4,Petrolina
2022-10-10,28.3,34.2,22.9,0.2,8.04,32.2,Petrolina
2022-10-11,27.3,33.8,21.2,0.1,7.66,31.3,Petrolina
2022-10-12,27.2,32.8,22.1,0.2,7.53,28.9,Petrolina
2022-10-13,27.6,34.5,20.7,0.0,8.34,31.7,Petrolina
2022-10-14,27.6,34.0,22.0,0.0,7.88,29.3,Petrolina
2022-10-15,27.5,34.5,20.2,0.0,9.11,29.4,Petrolina
2022-10-16,27.5,34.2,20.4,0.0,8.58,28.2,Petrolina
2022-10-17,27.7,34.0,20.1,0.0,8.34,27.3,Petrolina
2022-10-18,28.3,34.8,21.5,0.0,8.49,31.3,Petrolina
2022-10-19,27.8,33.5,22.3,0.1,7.12,29.0,Petrolina
2022-10-20,28.2,35.1,21.5,0.0,8.39,30.1,Petrolina
2022-10-21,28.6,35.5,21.5,0.0,8.93,24.2,Petrolina
2022-10-22,29.4,36.9,22.4,0.0,8.63,23.2,Petrolina
2022-10-23,29.9,35.7,22.9,0.0,7.67,21.8,Petrolina
2022-10-24,30.7,36.2,24.2,0.0,8.01,22.9,Petrolina
2022-10-25,28.6,35.6,24.0,6.8,6.75,27.6,Petrolina
2022-10-26,25.3,28.6,23.0,2.0,3.45,15.1,Petrolina
2022-10-27,26.2,30.0,22.8,0.0,4.94,20.1,Petrolina
2022-10-28,27.2,32.0,21.9,0.0,5.59,23.4,Petrolina
2022-10-29,28.3,34.4,22.1,0.0,8.0,21.7,Petrolina
2022-10-30,29.0,35.5,22.0,0.0,8.15,23.6,Petrolina
2022-10-31,30.1,35.8,23.1,0.0,7.59,21.6,Petrolina
2022-11-01,30.0,34.8,23.8,0.0,7.21,24.5,Petrolina
2022-11-02,27.6,32.7,23.4,1.8,5.36,21.7,Petrolina
2022-11-03,25.9,31.1,22.5,20.8,4.95,14.5,Petrolina
2022-11-04,22.7,23.5,21.5,37.2,1.1,13.2,Petrolina
2022-11-05,23.0,26.8,20.5,3.1,3.25,18.4,Petrolina
2022-11-06,23.2,27.0,20.3,0.0,3.46,22.9,Petrolina
2022-11-07,24.6,29.1,20.0,0.0,5.03,26.0,Petrolina
2022-11-08,24.3,29.1,20.0,0.1,4.85,22.9,Petrolina
2022-11-09,25.5,30.5,21.5,0.4,5.1,19.1,Petrolina
2022-11-10,25.8,30.7,21.6,0.0,5.51,17.8,Petrolina
2022-11-11,25.6,30.8,20.9,0.1,5.25,21.1,Petrolina
2022-11-12,26.2,31.5,21.9,1.1,5.42,20.2,Petrolina
2022-11-13,26.6,31.7,22.4,0.7,5.9,18.7,Petrolina
2022-11-14,26.7,32.3,21.6,0.0,5.71,20.3,Petrolina
2022-11-15,27.4,32.2,23.0,1.1,5.73,19.4,Petrolina
2022-11-16,27.3,33.1,22.6,0.0,5.74,17.3,Petrolina
2022-11-17,27.5,32.3,22.3,0.0,6.47,18.7,Petrolina
2022-11-18,27.2,31.4,23.0,0.6,5.43,17.5,Petrolina
2022-11-19,25.4,29.1,22.9,1.6,4.78,19.1,Petrolina
2022-11-20,25.2,29.5,21.4,0.7,3.99,16.5,Petrolina
2022-11-21,26.8,32.0,22.3,0.0,6.09,21.3,Petrolina
2022-11-22,27.2,33.0,22.0,0.0,6.95,21.9,Petrolina
2022-11-23,26.6,31.4,22.6,0.4,5.7,22.7,Petrolina
2022-11-24,27.0,32.0,22.0,0.1,5.84,16.7,Petrolina
2022-11-25,26.2,30.9,23.1,0.5,4.46,24.4,Petrolina
2022-11-26,25.9,30.5,22.9,7.4,4.98,14.7,Petrolina
2022-11-27,24.2,26.5,21.8,6.3,2.61,11.3,Petrolina
2022-11-28,24.0,26.6,22.2,11.2,2.33,14.5,Petrolina
2022-11-29,23.7,29.1,21.5,10.5,3.13,26.5,Petrolina
2022-11-30,24.1,28.6,22.0,9.9,3.62,13.8,Petrolina
2022-12-01,24.5,29.1,22.4,10.1,3.3,15.5,Petrolina
2022-12-02,24.2,27.8,21.8,20.9,3.22,19.5,Petrolina
2022-12-03,24.8,30.1,21.2,0.6,5.44,20.1,Petrolina
2022-12-04,24.6,29.1,21.6,2.0,5.0,22.3,Petrolina
2022-12-05,24.5,29.5,21.5,2.3,4.42,23.7,Petrolina
2022-12-06,24.9,28.8,21.9,2.3,4.89,20.8,Petrolina
2022-12-07,25.4,29.4,22.1,1.6,4.72,21.7,Petrolina
2022-12-08,26.0,30.7,21.6,0.1,5.55,17.5,Petrolina
2022-12-09,26.4,31.3,21.5,0.0,5.91,17.6,Petrolina
2022-12-10,26.6,30.9,22.9,0.9,5.23,18.0,Petrolina
2022-12-11,26.3,31.5,22.5,0.0,5.8,16.9,Petrolina
2022-12-12,26.4,31.8,21.6,0.0,5.93,18.0,Petrolina
2022-12-13,26.6,31.9,20.9,0.0,5.96,15.3,Petrolina
2022-12-14,27.2,32.1,21.9,0.3,5.64,13.0,Petrolina
2022-12-15,25.6,28.9,22.4,7.8,4.18,16.9,Petrolina
2022-12-16,25.1,29.1,21.2,3.7,4.4,12.6,Petrolina
2022-12-17,26.1,30.9,22.3,0.5,4.75,13.0,Petrolina
2022-12-18,26.8,31.4,22.9,0.1,5.59,16.6,Petrolina
2022-12-19,26.4,31.6,22.0,0.0,5.9,17.7,Petrolina
2022-12-20,26.0,31.6,20.7,0.0,5.89,15.8,Petrolina
2022-12-21,27.1,32.1,21.8,0.0,5.86,12.0,Petrolina
2022-12-22,26.4,31.1,23.8,2.4,4.6,19.2,Petrolina
2022-12-23,23.7,25.9,22.5,20.8,2.24,15.4,Petrolina
2022-12-24,24.1,28.1,21.1,4.2,3.61,13.6,Petrolina
2022-12-25,23.6,25.5,21.5,10.9,2.71,13.8,Petrolina
2022-12-26,25.1,30.1,21.4,0.0,5.03,19.7,Petrolina
2022-12-27,25.4,30.0,21.9,0.7,5.34,20.7,Petrolina
2022-12-28,25.4,30.1,21.0,0.6,5.33,21.7,Petrolina
2022-12-29,25.8,30.5,21.6,0.3,5.25,19.5,Petrolina
2022-12-30,26.1,31.0,21.8,0.0,6.14,19.7,Petrolina
2022-12-31,26.0,31.5,21.2,0.0,6.51,20.9,Petrolina
2023-01-01,25.9,31.3,21.2,0.0,5.65,21.7,Petrolina
2023-01-02,24.3,27.2,21.9,2.6,3.63,19.5,Petrolina
2023-01-03,24.3,27.6,21.5,5.0,3.47,16.0,Petrolina
2023-01-04,25.5,30.0,22.0,1.0,4.34,14.4,Petrolina
2023-01-05,26.2,31.0,22.1,0.1,5.55,18.2,Petrolina
2023-01-06,26.5,31.1,22.4,0.0,5.73,16.2,Petrolina
2023-01-07,26.1,30.5,22.2,1.0,5.35,18.6,Petrolina
2023-01-08,26.3,32.0,21.5,0.0,5.89,14.4,Petrolina
2023-01-09,26.4,31.9,21.0,0.1,6.05,17.0,Petrolina
2023-01-10,26.9,31.6,22.6,0.7,5.96,17.1,Petrolina
2023-01-11,27.0,31.7,22.4,0.1,5.99,19.6,Petrolina
2023-01-12,27.4,32.1,22.7,0.2,6.06,17.6,Petrolina
2023-01-13,27.5,31.8,23.0,0.5,5.95,18.7,Petrolina
2023-01-14,28.0,32.8,23.4,0.3,6.51,18.1,Petrolina
2023-01-15,27.4,32.2,23.0,0.3,6.6,21.4,Petrolina
2023-01-16,26.6,32.1,21.6,0.2,6.79,21.8,Petrolina
2023-01-17,25.8,30.1,22.0,0.2,5.03,20.0,Petrolina
2023-01-18,26.6,30.6,22.8,3.9,5.46,25.2,Petrolina
2023-01-19,25.3,28.5,21.9,5.5,3.99,17.7,Petrolina
2023-01-20,25.4,30.2,22.1,2.0,4.55,18.8,Petrolina
2023-01-21,26.7,31.2,22.0,2.6,5.47,14.6,Petrolina
2023-01-22,27.3,31.5,23.6,0.4,5.46,13.3,Petrolina
2023-01-23,26.2,30.3,22.6,0.7,4.29,10.8,Petrolina
2023-01-24,27.8,33.3,23.2,0.0,6.48,16.6,Petrolina
2023-01-25,28.2,34.0,22.8,0.0,6.94,17.0,Petrolina
2023-01-26,27.6,32.5,22.2,0.1,6.47,15.3,Petrolina
2023-01-27,27.4,32.5,23.4,3.8,6.01,19.2,Petrolina
2023-01-28,26.5,31.4,21.4,5.4,6.59,21.5,Petrolina
2023-01-29,26.9,32.7,21.1,0.0,7.14,20.0,Petrolina
2023-01-30,27.1,32.0,21.5,0.0,6.55,22.7,Petrolina
2023-01-31,27.6,33.5,22.5,0.2,7.15,26.8,Petrolina
2023-02-01,26.6,31.5,22.8,0.4,5.68,21.2,Petrolina
2023-02-02,27.9,32.1,23.1,0.9,6.73,21.3,Petrolina
2023-02-03,27.8,32.5,23.3,0.5,6.12,20.5,Petrolina
2023-02-04,28.9,34.2,23.5,0.0,7.96,19.7,Petrolina
2023-02-05,28.7,34.6,22.7,0.0,7.55,17.7,Petrolina
2023-02-06,28.3,34.1,24.1,4.8,6.7,20.7,Petrolina
2023-02-07,27.1,32.7,22.8,7.4,6.01,16.8,Petrolina
2023-02-08,27.2,33.4,21.3,0.0,6.69,14.7,Petrolina
2023-02-09,27.9,34.5,21.4,0.0,7.25,15.1,Petrolina
2023-02-10,28.8,34.3,23.4,0.7,7.3,26.3,Petrolina
2023-02-11,28.8,34.5,23.2,0.2,7.72,25.4,Petrolina
2023-02-12,28.8,34.4,23.2,0.0,7.39,27.2,Petrolina
2023-02-13,28.9,34.3,23.5,0.0,6.62,24.5,Petrolina
2023-02-14,29.1,34.5,23.3,0.0,7.1,23.8,Petrolina
2023-02-15,28.9,33.5,23.8,0.2,7.03,20.8,Petrolina
2023-02-16,29.6,34.8,24.0,0.0,6.74,16.0,Petrolina
2023-02-17,30.0,34.1,24.7,0.2,6.63,17.2,Petrolina
2023-02-18,29.7,35.2,24.6,0.2,8.14,27.5,Petrolina
2023-02-19,28.1,32.4,24.0,0.7,6.2,21.2,Petrolina
2023-02-20,24.3,27.6,21.3,18.5,2.58,19.2,Petrolina
2023-02-21,26.5,31.9,23.0,1.2,5.16,26.1,Petrolina
2023-02-22,28.1,35.2,22.0,0.0,7.02,22.0,Petrolina
2023-02-23,28.1,33.1,22.5,0.0,6.2,23.1,Petrolina
2023-02-24,28.4,34.4,23.4,0.2,7.07,26.5,Petrolina
2023-02-25,27.5,32.0,23.5,1.7,5.32,18.2,Petrolina
2023-02-26,27.2,31.8,22.8,2.1,5.9,23.7,Petrolina
2023-02-27,28.1,33.6,23.1,0.0,6.98,24.6,Petrolina
2023-02-28,28.4,34.2,23.3,0.2,7.06,18.7,Petrolina
2023-03-01,29.1,34.5,23.5,0.1,7.2,22.6,Petrolina
2023-03-02,29.1,34.8,23.1,0.1,7.69,22.8,Petrolina
2023-03-03,29.4,35.2,23.4,0.2,7.68,21.7,Petrolina
2023-03-04,29.3,34.2,23.8,0.0,7.37,23.2,Petrolina
2023-03-05,29.4,35.0,23.5,0.0,6.46,19.6,Petrolina
2023-03-06,30.4,35.8,24.3,0.0,7.77,24.6,Petrolina
2023-03-07,30.1,35.5,24.8,0.0,8.46,25.0,Petrolina
2023-03-08,29.4,35.2,23.2,0.0,8.55,23.0,Petrolina
2023-03-09,29.4,34.9,23.1,0.0,7.74,25.4,Petrolina
2023-03-10,29.1,34.0,23.7,0.0,6.53,21.6,Petrolina
2023-03-11,29.2,34.1,23.9,0.2,7.11,23.6,Petrolina
2023-03-12,30.1,36.1,24.0,0.0,7.45,24.7,Petrolina
2023-03-13,29.3,34.8,24.1,0.4,7.05,24.2,Petrolina
2023-03-14,26.3,30.0,24.0,15.2,4.27,18.3,Petrolina
2023-03-15,24.7,29.0,22.6,6.6,3.41,16.6,Petrolina
2023-03-16,25.9,30.6,21.5,0.6,5.02,11.3,Petrolina
2023-03-17,26.7,31.1,22.5,1.3,5.76,16.1,Petrolina
2023-03-18,25.2,28.5,22.6,0.8,3.79,18.9,Petrolina
2023-03-19,25.8,31.7,22.0,3.8,5.1,15.0,Petrolina
2023-03-20,24.1,27.2,21.5,11.1,3.23,13.6,Petrolina
2023-03-21,22.9,24.4,21.1,15.1,1.55,11.5,Petrolina
2023-03-22,23.5,26.5,21.3,4.5,2.56,15.4,Petrolina
2023-03-23,25.2,30.4,21.2,0.1,5.28,23.4,Petrolina
2023-03-24,24.9,29.7,21.3,12.2,4.68,20.6,Petrolina
2023-03-25,25.4,30.1,21.9,2.0,4.42,15.6,Petrolina
2023-03-26,26.0,30.5,22.5,5.7,5.2,19.7,Petrolina
2023-03-27,25.7,29.9,22.3,5.0,5.12,17.6,Petrolina
2023-03-28,25.2,29.9,20.8,0.0,5.42,20.4,Petrolina
2023-03-29,25.5,31.1,21.6,0.4,5.09,20.4,Petrolina
2023-03-30,25.2,29.6,22.3,3.0,4.19,20.9,Petrolina
2023-03-31,25.0,30.5,20.0,0.3,4.71,21.6,Petrolina
2023-04-01,25.6,30.5,21.2,0.3,4.98,16.1,Petrolina
2023-04-02,25.8,30.5,21.3,0.2,4.81,8.0,Petrolina
2023-04-03,26.6,32.2,22.4,0.2,5.92,16.8,Petrolina
2023-04-04,26.4,31.7,22.2,0.8,5.74,20.0,Petrolina
2023-04-05,26.1,30.4,22.5,2.2,4.84,19.9,Petrolina
2023-04-06,26.6,32.0,22.1,0.0,5.17,19.4,Petrolina
2023-04-07,26.9,32.0,22.4,0.2,5.23,18.4,Petrolina
2023-04-08,27.8,33.5,22.7,0.0,6.17,16.6,Petrolina
2023-04-09,26.2,30.1,23.2,9.4,3.89,16.6,Petrolina
2023-04-10,26.7,31.1,23.1,0.7,4.63,14.9,Petrolina
2023-04-11,26.9,32.3,23.0,0.1,5.72,15.0,Petrolina
2023-04-12,27.4,33.0,23.0,0.0,5.76,18.4,Petrolina
2023-04-13,26.8,32.2,21.6,0.0,6.03,18.4,Petrolina
2023-04-14,27.3,32.2,23.0,0.8,5.92,22.5,Petrolina
2023-04-15,27.2,33.2,21.5,0.0,5.75,19.0,Petrolina
2023-04-16,27.9,33.5,22.5,0.0,5.75,15.8,Petrolina
2023-04-17,27.9,34.3,22.5,0.0,6.37,19.0,Petrolina
2023-04-18,27.9,32.8,22.6,0.0,5.61,15.5,Petrolina
2023-04-19,28.0,32.5,23.5,0.6,5.28,12.2,Petrolina
2023-04-20,27.5,32.0,23.1,5.2,5.0,15.9,Petrolina
2023-04-21,27.8,33.5,22.6,0.3,5.92,23.1,Petrolina
2023-04-22,26.2,31.9,21.8,1.0,5.45,28.4,Petrolina
2023-04-23,25.9,31.0,21.5,0.3,4.9,26.5,Petrolina
2023-04-24,25.9,32.5,20.8,0.0,5.94,23.9,Petrolina
2023-04-25,25.6,30.7,20.5,0.0,5.0,23.2,Petrolina
2023-04-26,26.0,30.8,21.6,0.1,4.41,25.7,Petrolina
2023-04-27,26.4,31.2,22.4,0.5,4.58,17.4,Petrolina
2023-04-28,26.7,31.4,22.4,0.2,4.65,13.6,Petrolina
2023-04-29,26.6,31.4,22.1,5.2,4.15,14.8,Petrolina
2023-04-30,26.2,31.5,22.6,13.7,4.71,24.7,Petrolina
2023-05-01,24.8,28.8,22.5,7.5,3.02,16.6,Petrolina
2023-05-02,25.5,30.0,21.8,0.7,4.01,17.1,Petrolina
2023-05-03,25.3,30.5,22.5,1.1,3.88,20.1,Petrolina
2023-05-04,25.6,30.4,21.9,0.3,4.14,18.5,Petrolina
2023-05-05,26.2,31.1,22.7,0.6,4.93,22.5,Petrolina
2023-05-06,25.6,30.2,22.1,0.6,4.16,21.4,Petrolina
2023-05-07,25.7,30.1,22.1,0.8,4.44,20.4,Petrolina
2023-05-08,25.9,31.1,22.0,0.4,4.83,18.6,Petrolina
2023-05-09,26.0,31.0,21.7,0.0,4.17,21.0,Petrolina
2023-05-10,26.3,31.1,22.4,0.2,4.34,18.9,Petrolina
2023-05-11,26.8,31.2,22.6,0.1,4.68,15.5,Petrolina
2023-05-12,26.8,31.5,22.3,0.3,4.81,18.2,Petrolina
2023-05-13,25.7,30.1,22.1,3.4,4.22,14.9,Petrolina
2023-05-14,24.9,28.5,22.3,4.0,3.01,15.1,Petrolina
2023-05-15,25.4,29.3,22.2,0.0,3.69,19.9,Petrolina
2023-05-16,25.8,31.0,21.6,0.0,4.92,16.1,Petrolina
2023-05-17,25.7,30.2,21.5,0.0,4.29,17.5,Petrolina
2023-05-18,25.2,28.9,22.1,0.0,3.77,21.4,Petrolina
2023-05-19,24.3,28.1,21.1,0.0,3.61,24.4,Petrolina
2023-05-20,24.1,27.7,21.2,0.0,3.84,24.0,Petrolina
2023-05-21,24.0,27.9,20.2,0.0,4.06,26.0,Petrolina
2023-05-22,24.7,29.1,20.7,0.0,4.39,29.3,Petrolina
2023-05-23,24.4,27.5,22.0,0.0,3.71,29.8,Petrolina
2023-05-24,24.6,28.8,22.0,0.9,3.82,24.0,Petrolina
2023-05-25,24.3,27.9,21.4,0.2,3.5,29.8,Petrolina
2023-05-26,25.0,29.8,21.8,0.6,3.88,25.5,Petrolina
2023-05-27,24.0,27.8,21.9,0.2,3.15,24.4,Petrolina
2023-05-28,24.5,28.6,22.0,0.5,3.77,22.9,Petrolina
2023-05-29,24.7,29.4,20.5,0.0,3.7,20.0,Petrolina
2023-05-30,25.3,30.6,21.0,0.0,5.6,26.0,Petrolina
2023-05-31,24.4,28.5,20.0,0.0,3.88,25.0,Petrolina
2023-06-01,25.1,30.0,20.5,0.0,5.0,21.5,Petrolina
2023-06-02,25.1,29.9,21.1,1.4,4.27,23.4,Petrolina
2023-06-03,24.3,29.0,21.5,1.0,4.04,30.2,Petrolina
2023-06-04,24.0,27.5,21.5,0.0,3.7,30.6,Petrolina
2023-06-05,23.0,26.9,20.2,0.0,3.34,24.2,Petrolina
2023-06-06,24.1,30.0,19.9,0.0,4.77,22.9,Petrolina
2023-06-07,24.1,29.2,21.2,0.2,3.52,24.7,Petrolina
2023-06-08,24.2,28.5,21.2,0.4,3.68,26.0,Petrolina
2023-06-09,24.8,29.9,20.8,0.3,4.62,22.7,Petrolina
2023-06-10,24.7,30.6,20.2,0.0,5.22,22.9,Petrolina
2023-06-11,24.7,29.8,20.9,0.4,3.98,23.3,Petrolina
2023-06-12,24.7,29.5,20.9,0.4,3.83,26.6,Petrolina
2023-06-13,24.9,30.1,20.7,0.3,3.94,22.7,Petrolina
2023-06-14,24.8,30.1,20.8,0.2,4.73,23.3,Petrolina
2023-06-15,25.5,30.3,20.4,0.0,4.56,21.4,Petrolina
2023-06-16,25.6,30.5,21.6,0.0,5.72,23.4,Petrolina
2023-06-17,24.8,30.1,20.5,0.3,3.98,22.9,Petrolina
2023-06-18,25.4,31.1,20.2,0.0,5.47,23.7,Petrolina
2023-06-19,25.1,30.7,20.9,0.3,4.56,26.5,Petrolina
2023-06-20,23.4,26.8,21.0,0.6,3.5,33.7,Petrolina
2023-06-21,23.4,28.2,20.6,1.9,3.94,30.6,Petrolina
2023-06-22,22.7,26.9,19.0,0.1,3.76,30.8,Petrolina
2023-06-23,22.4,26.1,19.0,0.0,3.47,28.3,Petrolina
2023-06-24,23.5,28.1,20.0,0.0,3.83,26.6,Petrolina
2023-06-25,24.1,30.0,19.6,0.2,4.78,27.6,Petrolina
2023-06-26,24.4,30.9,19.2,0.0,5.16,23.5,Petrolina
2023-06-27,24.2,29.7,20.9,0.9,4.22,26.8,Petrolina
2023-06-28,24.8,30.4,20.1,0.7,5.38,23.9,Petrolina
2023-06-29,24.4,29.8,19.9,0.0,4.19,21.4,Petrolina
2023-06-30,24.8,31.1,19.8,0.0,5.79,31.8,Petrolina
2023-07-01,24.3,28.9,20.0,0.2,4.42,27.0,Petrolina
2023-07-02,24.1,28.8,19.6,0.0,3.99,21.4,Petrolina
2023-07-03,24.4,30.4,19.0,0.0,5.04,22.4,Petrolina
2023-07-04,23.8,29.5,19.1,0.0,5.71,30.6,Petrolina
2023-07-05,22.6,27.8,17.5,0.0,4.92,29.5,Petrolina
2023-07-06,23.2,29.0,17.7,0.0,4.74,26.7,Petrolina
2023-07-07,24.2,28.8,20.9,0.0,4.08,23.0,Petrolina
2023-07-08,24.9,29.4,21.6,0.1,3.83,26.8,Petrolina
2023-07-09,26.5,31.9,21.8,0.0,5.39,21.1,Petrolina
2023-07-10,25.1,30.0,20.5,0.6,4.57,20.1,Petrolina
2023-07-11,26.2,33.2,20.8,0.0,5.94,25.7,Petrolina
2023-07-12,25.2,31.1,20.5,0.0,5.87,20.6,Petrolina
2023-07-13,25.3,31.7,19.1,0.0,5.34,18.1,Petrolina
2023-07-14,27.0,33.7,20.2,0.0,5.46,18.3,Petrolina
2023-07-15,26.4,33.0,20.3,0.0,6.68,22.7,Petrolina
2023-07-16,25.8,31.6,20.1,0.0,6.17,24.5,Petrolina
2023-07-17,25.5,31.5,19.4,0.1,6.27,25.5,Petrolina
2023-07-18,25.1,30.9,18.9,0.0,6.2,22.1,Petrolina
2023-07-19,25.7,31.4,19.6,0.0,6.46,24.8,Petrolina
2023-07-20,24.1,29.0,18.8,0.2,6.11,32.8,Petrolina
2023-07-21,24.3,30.6,18.5,0.0,6.35,33.7,Petrolina
2023-07-22,24.7,31.0,18.4,0.0,6.85,28.9,Petrolina
2023-07-23,24.7,30.6,18.9,0.2,5.82,27.1,Petrolina
2023-07-24,24.9,30.9,18.5,0.0,6.69,28.5,Petrolina
2023-07-25,24.6,30.0,19.0,0.0,5.28,26.0,Petrolina
2023-07-26,25.7,32.1,19.4,0.1,6.16,23.0,Petrolina
2023-07-27,24.1,29.2,19.1,0.0,4.32,24.2,Petrolina
2023-07-28,25.7,32.0,19.7,0.0,5.88,26.2,Petrolina
2023-07-29,26.3,32.3,20.1,0.0,5.78,20.9,Petrolina
2023-07-30,26.3,32.3,20.5,0.0,6.84,26.9,Petrolina
2023-07-31,25.0,31.1,19.2,0.0,6.04,28.0,Petrolina
2023-08-01,24.6,29.7,20.6,0.0,4.48,26.2,Petrolina
2023-08-02,24.7,29.8,21.4,1.8,5.07,26.1,Petrolina
2023-08-03,23.8,27.9,21.2,0.1,3.38,23.7,Petrolina
2023-08-04,24.1,29.8,18.7,0.0,5.59,19.1,Petrolina
2023-08-05,24.3,30.7,17.8,0.0,6.34,22.2,Petrolina
2023-08-06,25.0,31.6,19.0,0.0,6.2,28.5,Petrolina
2023-08-07,25.1,30.9,19.7,0.1,5.25,25.5,Petrolina
2023-08-08,25.6,31.5,19.6,0.0,6.16,23.2,Petrolina
2023-08-09,24.3,28.4,19.7,0.2,4.45,26.6,Petrolina
2023-08-10,24.0,29.5,19.4,0.0,5.21,25.6,Petrolina
2023-08-11,24.3,29.5,19.2,0.0,5.27,25.2,Petrolina
2023-08-12,24.9,29.8,20.5,0.0,6.42,24.2,Petrolina
2023-08-13,25.0,31.0,19.5,0.0,6.69,23.8,Petrolina
2023-08-14,25.1,30.9,19.8,0.1,6.26,27.2,Petrolina
2023-08-15,24.8,30.5,19.5,0.3,5.64,27.6,Petrolina
2023-08-16,24.9,31.0,20.0,0.0,6.49,27.8,Petrolina
2023-08-17,24.3,29.4,18.9,0.1,4.96,27.9,Petrolina
2023-08-18,25.3,30.5,20.6,0.2,4.89,21.1,Petrolina
2023-08-19,25.3,30.6,19.1,0.0,5.32,20.5,Petrolina
2023-08-20,27.2,32.7,21.2,0.0,5.65,19.9,Petrolina
2023-08-21,28.3,34.6,21.6,0.0,6.99,20.5,Petrolina
2023-08-22,28.1,34.5,22.2,0.0,7.24,20.7,Petrolina
2023-08-23,27.6,34.0,21.2,0.0,7.03,19.0,Petrolina
2023-08-24,28.1,35.1,21.5,0.0,7.28,21.3,Petrolina
2023-08-25,28.7,36.0,21.4,0.0,7.16,15.1,Petrolina
2023-08-26,29.1,35.4,22.0,0.0,6.49,12.7,Petrolina
2023-08-27,29.7,35.9,22.5,0.0,6.97,20.8,Petrolina
2023-08-28,29.5,34.8,23.2,0.1,6.47,17.8,Petrolina
2023-08-29,28.9,34.7,23.0,0.1,6.88,19.2,Petrolina
2023-08-30,29.1,35.3,22.4,0.0,7.14,19.2,Petrolina
2023-08-31,29.4,35.8,22.6,0.0,7.72,20.5,Petrolina
2023-09-01,28.4,34.6,22.4,0.0,7.94,24.1,Petrolina
2023-09-02,27.8,34.0,21.1,0.0,7.46,24.9,Petrolina
2023-09-03,27.7,34.2,21.0,0.0,8.13,23.5,Petrolina
2023-09-04,27.4,33.5,21.0,0.0,7.71,26.2,Petrolina
2023-09-05,27.6,33.3,21.5,0.0,7.25,25.3,Petrolina
2023-09-06,26.8,33.8,20.8,0.0,7.94,28.6,Petrolina
2023-09-07,26.6,33.3,20.5,0.0,7.51,29.6,Petrolina
2023-09-08,25.3,30.8,19.2,0.0,6.12,27.5,Petrolina
2023-09-09,26.0,32.4,19.3,0.0,7.73,24.1,Petrolina
2023-09-10,25.7,31.7,19.9,0.0,6.5,29.3,Petrolina
2023-09-11,26.3,32.5,21.9,0.4,6.35,26.2,Petrolina
2023-09-12,26.2,32.0,19.6,0.0,6.92,28.5,Petrolina
2023-09-13,26.6,33.2,19.6,0.0,7.62,24.3,Petrolina
2023-09-14,26.9,33.5,20.1,0.0,7.32,22.7,Petrolina
2023-09-15,28.5,36.0,20.8,0.0,8.0,24.3,Petrolina
2023-09-16,27.7,34.5,20.5,0.0,8.3,24.8,Petrolina
2023-09-17,27.0,33.5,20.2,0.0,7.22,29.2,Petrolina
2023-09-18,26.9,32.7,20.6,0.1,6.91,28.1,Petrolina
2023-09-19,26.1,31.1,21.5,0.0,5.28,26.4,Petrolina
2023-09-20,26.9,32.4,22.7,0.1,6.36,28.3,Petrolina
2023-09-21,26.3,32.0,20.2,0.0,7.04,26.2,Petrolina
2023-09-22,27.2,34.0,20.2,0.0,7.65,24.8,Petrolina
2023-09-23,28.3,34.7,21.5,0.0,7.28,19.5,Petrolina
2023-09-24,29.3,35.1,22.4,0.0,6.89,20.9,Petrolina
2023-09-25,30.7,37.2,23.5,0.0,7.75,20.7,Petrolina
2023-09-26,30.6,36.9,23.6,0.0,8.17,21.2,Petrolina
2023-09-27,30.0,35.0,24.5,0.0,6.94,19.7,Petrolina
2023-09-28,30.8,36.5,24.0,0.0,7.56,18.7,Petrolina
2023-09-29,30.9,37.4,24.3,0.0,9.27,30.8,Petrolina
2023-09-30,28.4,35.3,21.6,0.0,8.92,28.8,Petrolina
2023-10-01,28.4,35.0,21.2,0.0,8.17,24.5,Petrolina
2023-10-02,29.5,36.2,22.4,0.0,7.9,21.0,Petrolina
2023-10-03,30.3,37.2,22.9,0.0,8.37,19.0,Petrolina
2023-10-04,30.3,36.7,23.7,0.0,8.36,20.1,Petrolina
2023-10-05,30.4,36.7,23.8,0.0,8.87,23.0,Petrolina
2023-10-06,29.7,36.0,23.1,0.0,8.73,26.5,Petrolina
2023-10-07,29.2,35.0,23.1,0.0,8.02,29.8,Petrolina
2023-10-08,29.2,35.5,23.3,0.0,8.04,24.3,Petrolina
2023-10-09,29.5,36.0,22.4,0.0,8.32,22.9,Petrolina
2023-10-10,29.7,36.5,22.9,0.0,8.91,22.7,Petrolina
2023-10-11,28.6,34.5,22.0,0.0,8.52,23.4,Petrolina
2023-10-12,28.1,34.0,21.9,0.0,6.73,24.1,Petrolina
2023-10-13,29.6,36.5,22.2,0.0,7.77,19.8,Petrolina
2023-10-14,30.0,36.2,23.5,0.1,8.67,30.6,Petrolina
2023-10-15,28.6,33.5,23.5,0.0,7.68,29.6,Petrolina
2023-10-16,27.9,34.3,21.2,0.0,8.98,27.3,Petrolina
2023-10-17,27.5,33.4,20.8,0.0,8.31,24.3,Petrolina
2023-10-18,28.0,34.7,20.8,0.0,8.55,21.4,Petrolina
2023-10-19,28.7,35.9,21.1,0.0,8.66,21.2,Petrolina
2023-10-20,29.0,35.8,21.6,0.0,9.15,24.3,Petrolina
2023-10-21,29.1,35.5,22.3,0.0,8.57,24.7,Petrolina
2023-10-22,28.8,35.0,22.5,0.0,8.37,29.6,Petrolina
2023-10-23,29.3,35.8,22.8,0.0,8.71,25.6,Petrolina
2023-10-24,29.5,35.4,22.5,0.0,7.63,25.1,Petrolina
2023-10-25,31.6,37.4,24.8,0.0,7.92,15.4,Petrolina
2023-10-26,33.2,38.8,27.2,0.0,8.63,18.4,Petrolina
2023-10-27,32.7,38.2,25.9,0.0,9.01,25.9,Petrolina
2023-10-28,31.2,37.8,24.7,0.0,10.08,33.5,Petrolina
2023-10-29,29.3,35.8,22.4,0.0,8.95,27.2,Petrolina
2023-10-30,29.6,36.5,22.3,0.0,8.41,21.8,Petrolina
2023-10-31,30.8,36.5,23.7,0.0,7.67,17.1,Petrolina
2023-11-01,31.8,36.4,25.5,0.0,7.92,19.4,Petrolina
2023-11-02,31.3,36.8,26.5,0.3,6.44,20.5,Petrolina
2023-11-03,27.2,30.6,24.8,0.6,3.9,13.1,Petrolina
2023-11-04,29.2,33.5,25.5,0.2,4.89,13.9,Petrolina
2023-11-05,31.2,35.7,26.1,0.0,6.47,17.2,Petrolina
2023-11-06,29.0,35.0,22.1,18.4,6.68,21.8,Petrolina
2023-11-07,28.1,33.8,23.5,0.8,7.37,29.5,Petrolina
2023-11-08,26.7,32.7,22.5,1.2,6.33,27.5,Petrolina
2023-11-09,27.7,33.5,22.5,0.5,7.08,26.0,Petrolina
2023-11-10,29.2,36.1,22.0,0.0,8.68,22.4,Petrolina
2023-11-11,29.1,35.5,22.0,0.0,8.96,23.8,Petrolina
2023-11-12,29.1,35.5,22.5,0.0,8.47,20.3,Petrolina
2023-11-13,30.3,37.5,22.7,0.0,8.78,16.9,Petrolina
2023-11-14,30.1,36.2,23.0,0.0,8.31,20.3,Petrolina
2023-11-15,30.3,35.8,23.5,0.1,7.64,19.9,Petrolina
2023-11-16,31.3,36.7,24.6,0.1,7.58,20.7,Petrolina
2023-11-17,31.7,36.2,25.9,0.0,7.21,19.0,Petrolina
2023-11-18,31.7,36.2,25.8,0.0,7.39,20.3,Petrolina
2023-11-19,32.1,37.0,26.1,0.0,8.2,18.9,Petrolina
2023-11-20,30.8,34.5,26.0,0.1,6.95,15.9,Petrolina
2023-11-21,28.5,31.8,25.1,2.0,6.16,18.0,Petrolina
2023-11-22,30.2,35.3,25.5,0.0,7.91,21.8,Petrolina
2023-11-23,30.2,35.0,25.0,0.0,7.52,19.9,Petrolina
2023-11-24,31.2,37.5,24.9,0.0,7.8,16.6,Petrolina
2023-11-25,31.4,37.8,24.9,0.0,9.58,25.7,Petrolina
2023-11-26,29.4,35.8,22.1,0.0,9.51,27.0,Petrolina
2023-11-27,29.4,35.1,22.5,0.0,8.47,30.3,Petrolina
2023-11-28,29.7,34.8,24.2,0.0,6.97,21.9,Petrolina
2023-11-29,30.1,36.5,23.5,0.0,8.74,22.1,Petrolina
2023-11-30,29.7,36.5,22.4,0.0,8.83,21.1,Petrolina
2023-12-01,30.5,36.7,23.5,0.0,8.17,19.2,Petrolina
2023-12-02,31.1,37.3,24.3,0.0,7.77,16.1,Petrolina
2023-12-03,31.2,36.1,25.5,0.0,7.64,22.8,Petrolina
2023-12-04,30.5,33.5,26.9,0.6,5.54,17.3,Petrolina
2023-12-05,31.0,35.8,26.3,0.4,7.36,22.3,Petrolina
2023-12-06,29.2,34.6,23.9,0.0,8.02,27.9,Petrolina
2023-12-07,29.1,34.8,23.5,0.0,7.19,28.3,Petrolina
2023-12-08,30.0,35.2,24.4,0.4,7.59,25.4,Petrolina
2023-12-09,31.3,36.2,25.8,0.1,7.65,29.8,Petrolina
2023-12-10,30.8,36.5,25.1,0.0,8.95,27.6,Petrolina
2023-12-11,29.8,35.0,24.0,0.1,7.72,22.7,Petrolina
2023-12-12,30.7,36.3,24.3,0.0,8.97,26.9,Petrolina
2023-12-13,30.3,36.4,24.2,0.0,9.9,29.9,Petrolina
2023-12-14,29.0,34.5,22.1,0.0,9.35,30.0,Petrolina
2023-12-15,28.2,32.1,23.5,0.0,6.01,26.7,Petrolina
2023-12-16,29.8,35.0,23.7,0.0,8.18,26.8,Petrolina
2023-12-17,29.6,35.2,24.1,0.0,7.63,23.5,Petrolina
2023-12-18,29.6,34.8,23.8,0.0,7.41,24.2,Petrolina
2023-12-19,29.9,35.2,25.0,0.8,6.83,24.5,Petrolina
2023-12-20,25.7,29.5,23.0,16.4,3.28,17.9,Petrolina
2023-12-21,25.5,30.0,23.5,10.6,3.47,24.4,Petrolina
2023-12-22,25.9,29.5,23.1,0.1,4.18,21.9,Petrolina
2023-12-23,26.8,32.0,21.2,0.0,6.0,23.9,Petrolina
2023-12-24,27.9,34.0,22.2,0.0,6.7,15.3,Petrolina
2023-12-25,29.8,36.8,23.4,0.0,8.13,23.1,Petrolina
2023-12-26,31.2,37.5,24.9,0.0,8.2,19.2,Petrolina
2023-12-27,32.3,39.0,25.5,0.0,8.69,19.6,Petrolina
2023-12-28,31.4,37.1,24.5,0.0,8.73,23.7,Petrolina
2023-12-29,30.4,36.3,23.9,0.0,8.01,23.7,Petrolina
2023-12-30,31.3,36.6,24.9,0.0,7.66,15.2,Petrolina
2023-12-31,29.9,33.8,25.6,3.2,6.51,17.8,Petrolina
2024-01-01,27.6,34.0,25.0,8.7,5.21,11.3,Petrolina
2024-01-02,25.4,27.4,23.5,1.8,2.56,10.9,Petrolina
2024-01-03,25.7,28.3,23.2,11.3,3.45,13.4,Petrolina
2024-01-04,27.8,32.3,23.1,2.2,5.41,11.8,Petrolina
2024-01-05,28.6,32.3,24.8,1.3,5.14,9.8,Petrolina
2024-01-06,29.0,33.7,25.0,0.7,5.47,12.8,Petrolina
2024-01-07,29.7,34.5,24.8,0.0,6.42,13.9,Petrolina
2024-01-08,29.1,33.8,24.8,0.1,5.88,11.3,Petrolina
2024-01-09,29.3,34.7,24.0,0.2,6.69,24.2,Petrolina
2024-01-10,28.8,34.3,24.5,2.2,6.54,21.9,Petrolina
2024-01-11,27.3,33.2,22.3,10.4,5.2,16.6,Petrolina
2024-01-12,28.5,33.8,23.6,0.0,6.87,18.1,Petrolina
2024-01-13,28.5,33.8,22.2,0.2,6.94,18.0,Petrolina
2024-01-14,29.9,35.0,24.5,0.0,7.62,22.2,Petrolina
2024-01-15,29.8,34.8,24.4,0.2,7.05,18.0,Petrolina
2024-01-16,30.6,35.9,25.2,0.0,8.25,22.2,Petrolina
2024-01-17,30.3,36.5,23.6,0.0,8.18,23.0,Petrolina
2024-01-18,30.3,36.3,24.2,0.0,7.45,18.8,Petrolina
2024-01-19,30.6,35.2,25.2,0.1,6.44,15.6,Petrolina
2024-01-20,31.2,35.0,26.9,0.1,6.52,11.8,Petrolina
2024-01-21,26.7,30.1,24.9,3.0,3.18,17.1,Petrolina
2024-01-22,28.8,33.8,24.5,1.2,4.68,12.3,Petrolina
2024-01-23,27.1,30.2,24.4,3.4,3.26,13.4,Petrolina
2024-01-24,26.6,31.3,23.5,16.0,4.06,17.9,Petrolina
2024-01-25,24.2,25.5,23.0,33.2,1.68,14.8,Petrolina
2024-01-26,25.0,28.0,23.4,20.8,2.34,12.3,Petrolina
2024-01-27,24.9,27.6,23.0,16.1,2.38,12.3,Petrolina
2024-01-28,24.9,26.3,23.6,2.3,1.62,10.9,Petrolina
2024-01-29,26.7,31.6,22.9,0.4,4.81,14.4,Petrolina
2024-01-30,26.9,31.8,22.5,0.1,5.71,15.6,Petrolina
2024-01-31,27.4,33.3,22.5,0.0,6.58,16.1,Petrolina
2024-02-01,26.6,32.7,21.0,0.0,6.88,17.3,Petrolina
2024-02-02,27.3,33.2,23.1,1.4,6.08,20.9,Petrolina
2024-02-03,26.8,31.9,22.5,0.2,5.88,24.6,Petrolina
2024-02-04,27.1,32.8,21.1,0.1,6.54,23.1,Petrolina
2024-02-05,28.0,33.5,22.9,0.2,6.64,23.3,Petrolina
2024-02-06,28.4,34.0,23.3,0.0,7.02,20.7,Petrolina
2024-02-07,28.4,33.7,23.2,0.0,6.23,16.8,Petrolina
2024-02-08,28.5,33.3,23.8,0.4,5.47,15.5,Petrolina
2024-02-09,27.2,31.5,23.4,12.0,4.21,20.3,Petrolina
2024-02-10,24.9,27.2,22.5,8.2,2.95,16.4,Petrolina
2024-02-11,25.9,31.5,22.7,2.1,5.25,24.2,Petrolina
2024-02-12,26.4,31.0,22.9,0.5,4.93,28.7,Petrolina
2024-02-13,27.2,32.3,23.0,0.4,5.67,24.3,Petrolina
2024-02-14,27.5,32.0,22.9,0.0,5.54,16.9,Petrolina
2024-02-15,28.1,33.2,24.0,0.7,5.72,14.4,Petrolina
2024-02-16,27.9,33.6,23.4,1.2,5.86,14.7,Petrolina
2024-02-17,28.0,33.5,23.0,0.9,5.5,12.9,Petrolina
2024-02-18,26.2,29.8,23.5,13.3,3.27,14.6,Petrolina
2024-02-19,27.1,30.5,24.6,0.6,4.18,10.6,Petrolina
2024-02-20,26.2,30.1,23.6,1.1,4.15,17.4,Petrolina
2024-02-21,24.6,28.0,22.8,11.0,2.27,12.3,Petrolina
2024-02-22,24.1,26.4,22.4,10.9,1.96,10.0,Petrolina
2024-02-23,25.2,30.1,21.9,11.0,4.41,14.2,Petrolina
2024-02-24,25.9,31.2,21.8,1.9,5.64,24.0,Petrolina
2024-02-25,25.7,30.2,21.5,0.1,5.09,23.7,Petrolina
2024-02-26,26.0,30.6,21.5,0.4,4.83,23.7,Petrolina
2024-02-27,26.1,30.9,21.8,0.6,4.8,20.9,Petrolina
2024-02-28,26.1,31.5,21.6,0.5,5.56,17.1,Petrolina
2024-02-29,26.3,31.7,22.6,2.7,4.6,12.2,Petrolina
2024-03-01,26.2,30.0,22.7,0.0,4.11,10.9,Petrolina
2024-03-02,26.8,31.2,23.8,1.5,4.45,13.2,Petrolina
2024-03-03,25.4,27.8,22.8,14.2,2.56,12.4,Petrolina
2024-03-04,25.5,30.0,22.2,6.0,3.8,18.9,Petrolina
2024-03-05,26.2,31.1,21.5,11.7,5.26,11.5,Petrolina
2024-03-06,27.1,32.2,23.1,0.2,5.52,19.8,Petrolina
2024-03-07,27.6,33.0,23.1,0.0,6.27,22.0,Petrolina
2024-03-08,27.1,32.2,22.6,0.2,5.73,24.8,Petrolina
2024-03-09,27.5,32.9,23.0,0.3,5.55,20.7,Petrolina
2024-03-10,27.8,33.7,22.5,0.0,6.37,14.8,Petrolina
2024-03-11,28.2,32.9,24.1,0.0,5.37,15.1,Petrolina
2024-03-12,28.3,33.6,23.6,0.2,5.86,11.6,Petrolina
2024-03-13,27.8,33.5,24.0,3.3,4.94,19.1,Petrolina
2024-03-14,27.2,32.3,23.4,4.5,5.01,17.3,Petrolina
2024-03-15,27.5,32.2,24.0,0.5,5.71,20.1,Petrolina
2024-03-16,27.6,33.7,22.5,0.0,6.2,17.0,Petrolina
2024-03-17,28.3,34.0,23.4,0.0,6.31,20.0,Petrolina
2024-03-18,28.7,33.8,24.2,0.3,5.86,14.5,Petrolina
2024-03-19,28.3,32.6,23.5,1.7,4.63,16.1,Petrolina
2024-03-20,29.0,33.4,24.8,0.0,5.71,12.8,Petrolina
2024-03-21,28.9,33.7,24.4,0.4,5.74,13.0,Petrolina
2024-03-22,28.9,33.7,24.2,0.0,6.1,14.9,Petrolina
2024-03-23,28.8,33.8,23.9,0.0,6.41,15.9,Petrolina
2024-03-24,29.1,35.3,22.9,0.0,7.63,22.9,Petrolina
2024-03-25,28.0,32.9,22.4,0.1,5.6,20.2,Petrolina
2024-03-26,28.3,32.3,23.5,0.4,5.17,13.6,Petrolina
2024-03-27,28.3,33.8,23.5,1.6,6.06,20.7,Petrolina
2024-03-28,29.1,35.0,24.5,0.2,6.63,23.7,Petrolina
2024-03-29,28.9,34.5,24.5,0.1,6.06,25.1,Petrolina
2024-03-30,28.8,34.7,23.1,0.1,5.84,21.4,Petrolina
2024-03-31,28.4,34.3,25.0,2.4,5.29,24.8,Petrolina
2024-04-01,27.4,32.4,24.0,8.4,5.06,13.6,Petrolina
2024-04-02,25.9,30.5,23.2,13.3,3.91,11.2,Petrolina
2024-04-03,25.7,29.5,22.8,15.1,3.43,13.0,Petrolina
2024-04-04,25.3,29.3,22.8,17.4,3.27,16.6,Petrolina
2024-04-05,26.4,31.4,22.0,3.0,4.68,14.7,Petrolina
2024-04-06,26.5,31.0,22.5,0.0,5.13,17.1,Petrolina
2024-04-07,26.4,30.9,23.2,0.3,5.03,20.7,Petrolina
2024-04-08,26.5,31.1,22.9,0.1,4.94,23.5,Petrolina
2024-04-09,26.9,31.8,23.0,0.7,4.73,14.8,Petrolina
2024-04-10,27.2,31.4,23.4,0.1,4.89,14.0,Petrolina
2024-04-11,27.2,31.6,23.6,0.6,4.67,17.3,Petrolina
2024-04-12,27.0,31.6,23.7,1.3,4.79,18.4,Petrolina
2024-04-13,27.0,31.6,23.2,0.6,5.37,22.8,Petrolina
2024-04-14,27.2,32.6,22.8,0.0,5.78,20.6,Petrolina
2024-04-15,27.7,33.2,23.0,0.0,5.53,19.3,Petrolina
2024-04-16,26.5,32.0,23.5,21.3,4.74,23.5,Petrolina
2024-04-17,26.2,31.0,23.1,1.3,4.06,22.3,Petrolina
2024-04-18,26.2,30.4,23.3,7.1,4.17,20.9,Petrolina
2024-04-19,26.6,31.2,23.1,0.2,4.7,18.3,Petrolina
2024-04-20,26.0,30.4,22.6,0.8,4.49,25.5,Petrolina
2024-04-21,25.8,29.9,22.4,0.4,3.7,24.7,Petrolina
2024-04-22,26.7,32.1,22.5,1.0,5.1,30.1,Petrolina
2024-04-23,26.7,31.1,23.0,0.1,4.21,15.0,Petrolina
2024-04-24,27.2,31.9,22.9,0.3,4.74,18.8,Petrolina
2024-04-25,27.0,32.1,23.5,1.2,4.94,21.0,Petrolina
2024-04-26,27.0,31.9,23.3,0.0,5.07,22.2,Petrolina
2024-04-27,26.7,32.1,22.4,1.2,4.83,22.4,Petrolina
2024-04-28,26.7,32.0,23.0,0.1,5.19,23.1,Petrolina
2024-04-29,26.6,31.7,21.8,0.0,5.0,22.7,Petrolina
2024-04-30,26.9,32.0,22.2,0.3,4.89,22.5,Petrolina
2024-05-01,27.0,31.9,23.0,0.7,5.01,21.7,Petrolina
2024-05-02,26.7,31.2,22.4,0.0,4.84,22.0,Petrolina
2024-05-03,26.6,31.7,23.5,3.6,4.25,24.3,Petrolina
2024-05-04,25.9,30.3,21.5,0.7,4.41,26.0,Petrolina
2024-05-05,26.6,32.2,22.5,0.0,4.91,29.6,Petrolina
2024-05-06,26.3,30.7,22.4,0.2,5.04,27.0,Petrolina
2024-05-07,25.3,30.5,22.1,0.1,4.31,30.3,Petrolina
2024-05-08,26.6,32.0,22.8,0.9,5.15,24.9,Petrolina
2024-05-09,25.5,28.8,22.5,0.0,3.83,30.9,Petrolina
2024-05-10,26.0,31.5,20.4,0.0,5.55,24.0,Petrolina
2024-05-11,26.6,32.2,22.4,0.1,4.65,25.0,Petrolina
2024-05-12,26.5,31.4,22.6,0.5,3.65,17.8,Petrolina
2024-05-13,27.6,32.8,22.7,0.2,4.77,13.5,Petrolina
2024-05-14,28.7,34.7,24.4,0.0,5.78,18.9,Petrolina
2024-05-15,27.3,33.2,22.9,0.0,6.23,25.4,Petrolina
2024-05-16,25.7,31.1,20.6,0.0,4.95,24.0,Petrolina
2024-05-17,26.2,32.2,20.7,0.0,5.27,24.2,Petrolina
2024-05-18,26.7,31.5,23.1,0.2,4.41,20.4,Petrolina
2024-05-19,25.7,29.7,22.9,11.5,4.01,21.7,Petrolina
2024-05-20,25.5,30.8,20.7,0.0,4.74,22.4,Petrolina
2024-05-21,25.9,30.7,21.4,0.0,4.65,23.7,Petrolina
2024-05-22,26.0,31.2,22.6,0.1,4.58,26.6,Petrolina
2024-05-23,25.2,29.6,21.7,0.0,4.53,25.5,Petrolina
2024-05-24,25.3,31.1,20.2,0.0,5.46,23.7,Petrolina
2024-05-25,25.5,30.9,20.3,0.0,4.43,20.6,Petrolina
2024-05-26,26.2,31.4,23.2,0.0,5.2,22.5,Petrolina
2024-05-27,25.0,30.4,20.0,0.0,5.78,23.5,Petrolina
2024-05-28,25.8,31.8,21.1,0.0,5.8,22.0,Petrolina
2024-05-29,26.0,31.9,20.1,0.0,5.47,21.9,Petrolina
2024-05-30,26.2,31.2,21.6,0.2,4.76,23.5,Petrolina
2024-05-31,25.8,31.2,21.4,0.0,4.92,25.6,Petrolina
2024-06-01,25.6,31.5,20.8,0.1,5.68,27.2,Petrolina
2024-06-02,25.5,30.3,22.9,2.3,4.45,28.8,Petrolina
2024-06-03,25.7,31.0,21.3,0.1,4.75,26.6,Petrolina
2024-06-04,25.2,30.2,21.4,0.3,4.23,22.7,Petrolina
2024-06-05,25.3,30.7,22.0,7.5,4.07,21.2,Petrolina
2024-06-06,25.0,29.4,20.8,0.2,4.22,25.8,Petrolina
2024-06-07,24.1,27.9,20.0,0.3,3.47,29.3,Petrolina
2024-06-08,24.5,28.9,20.6,0.0,3.71,27.8,Petrolina
2024-06-09,25.2,30.6,21.2,0.1,4.82,27.8,Petrolina
2024-06-10,25.7,32.0,20.6,0.1,5.4,25.4,Petrolina
2024-06-11,25.3,31.2,20.0,0.1,5.77,25.9,Petrolina
2024-06-12,24.6,30.0,19.9,0.8,4.18,27.8,Petrolina
2024-06-13,25.3,30.9,20.3,0.0,5.14,26.9,Petrolina
2024-06-14,24.3,28.2,21.7,3.3,3.49,29.3,Petrolina
2024-06-15,24.3,31.0,19.4,0.0,5.33,27.7,Petrolina
2024-06-16,24.0,28.6,19.9,0.0,4.42,27.9,Petrolina
2024-06-17,24.5,30.4,20.1,0.0,5.1,25.2,Petrolina
2024-06-18,24.6,29.4,20.4,0.3,3.82,22.2,Petrolina
2024-06-19,24.8,30.9,19.6,0.0,5.33,24.5,Petrolina
2024-06-20,24.7,29.5,21.2,0.3,4.33,23.2,Petrolina
2024-06-21,25.5,31.2,21.0,0.2,5.84,26.2,Petrolina
2024-06-22,24.9,28.5,21.5,0.4,4.33,24.8,Petrolina
2024-06-23,25.9,31.5,21.4,0.0,5.55,22.0,Petrolina
2024-06-24,25.5,31.3,20.0,0.0,5.67,21.9,Petrolina
2024-06-25,25.4,31.7,20.5,0.0,5.28,25.4,Petrolina
2024-06-26,25.4,30.6,21.2,0.0,4.46,21.2,Petrolina
2024-06-27,25.4,31.5,19.8,0.0,5.37,19.9,Petrolina
2024-06-28,26.0,32.0,20.0,0.0,5.94,18.6,Petrolina
2024-06-29,25.5,31.5,20.1,0.0,5.99,20.6,Petrolina
2024-06-30,25.5,32.3,19.3,0.0,6.31,19.5,Petrolina
2024-07-01,25.8,31.9,19.8,0.0,6.14,23.2,Petrolina
2024-07-02,25.0,31.6,19.4,0.0,6.03,29.9,Petrolina
2024-07-03,24.7,31.4,18.5,0.0,5.66,24.4,Petrolina
2024-07-04,25.2,30.5,20.5,0.0,6.06,26.2,Petrolina
2024-07-05,24.9,30.5,19.3,0.0,4.7,24.2,Petrolina
2024-07-06,25.0,28.6,21.9,0.5,3.83,21.4,Petrolina
2024-07-07,24.7,28.0,21.5,0.0,4.14,26.4,Petrolina
2024-07-08,24.4,31.0,18.2,0.0,5.36,22.2,Petrolina
2024-07-09,25.4,31.9,19.5,0.0,5.68,20.3,Petrolina
2024-07-10,24.7,30.4,20.4,6.0,4.1,22.7,Petrolina
2024-07-11,24.8,30.2,20.2,0.6,5.49,25.3,Petrolina
2024-07-12,24.8,30.9,20.7,2.3,5.31,26.9,Petrolina
2024-07-13,24.1,29.2,19.3,0.0,5.67,31.3,Petrolina
2024-07-14,24.4,30.6,19.6,0.0,5.78,28.2,Petrolina
2024-07-15,24.1,30.0,18.4,0.0,6.05,28.2,Petrolina
2024-07-16,24.3,30.2,20.1,0.2,5.58,30.0,Petrolina
2024-07-17,24.7,29.2,21.0,1.0,4.85,28.5,Petrolina
2024-07-18,23.4,27.9,17.8,0.0,4.57,24.6,Petrolina
2024-07-19,24.0,30.0,18.1,0.0,5.49,26.2,Petrolina
2024-07-20,23.4,28.4,18.1,0.0,4.66,25.0,Petrolina
2024-07-21,23.4,29.9,16.9,0.0,5.25,24.5,Petrolina
2024-07-22,24.1,30.1,17.8,0.0,5.78,25.4,Petrolina
2024-07-23,24.1,29.9,18.6,0.0,5.51,26.2,Petrolina
2024-07-24,23.2,28.3,18.5,0.0,4.46,28.2,Petrolina
2024-07-25,23.6,28.9,19.9,0.3,4.17,28.3,Petrolina
2024-07-26,24.5,30.9,18.0,0.0,6.25,23.7,Petrolina
2024-07-27,24.5,30.5,18.4,0.0,6.01,27.7,Petrolina
2024-07-28,24.8,30.8,18.6,0.0,6.33,26.1,Petrolina
2024-07-29,25.3,31.6,18.7,0.0,6.07,22.0,Petrolina
2024-07-30,25.6,32.0,19.1,0.0,6.29,22.3,Petrolina
2024-07-31,25.3,30.8,19.5,0.0,6.8,29.9,Petrolina
2024-08-01,24.4,29.4,18.5,0.0,5.75,30.0,Petrolina
2024-08-02,24.7,30.2,19.9,0.1,5.87,30.3,Petrolina
2024-08-03,24.7,30.8,20.0,0.2,6.12,29.2,Petrolina
2024-08-04,24.8,31.0,18.6,0.0,6.51,28.8,Petrolina
2024-08-05,24.3,30.9,17.9,0.0,6.41,27.5,Petrolina
2024-08-06,24.0,30.4,18.1,0.0,6.2,26.8,Petrolina
2024-08-07,24.9,31.1,18.8,0.0,6.45,22.1,Petrolina
2024-08-08,25.8,32.5,19.0,0.0,6.66,22.0,Petrolina
2024-08-09,26.3,32.6,20.1,0.0,6.34,18.8,Petrolina
2024-08-10,27.4,33.8,20.4,0.0,6.19,19.7,Petrolina
2024-08-11,28.6,36.0,21.1,0.0,6.99,24.7,Petrolina
2024-08-12,27.7,33.8,21.3,0.0,6.45,22.4,Petrolina
2024-08-13,28.8,36.0,22.0,0.0,7.61,27.3,Petrolina
2024-08-14,26.9,33.2,21.0,0.0,7.36,29.3,Petrolina
2024-08-15,25.9,32.5,19.5,0.0,7.19,24.5,Petrolina
2024-08-16,24.9,29.9,19.8,0.1,5.22,26.9,Petrolina
2024-08-17,24.0,28.5,19.4,0.3,4.28,23.2,Petrolina
2024-08-18,24.6,30.1,19.5,0.2,5.25,25.8,Petrolina
2024-08-19,25.0,30.6,18.5,0.0,5.93,24.1,Petrolina
2024-08-20,25.5,32.3,19.5,0.0,6.42,24.9,Petrolina
2024-08-21,25.7,32.3,19.3,0.0,7.39,25.5,Petrolina
2024-08-22,25.4,32.4,18.8,0.1,6.34,28.7,Petrolina
2024-08-23,25.6,31.1,19.6,0.2,6.38,28.0,Petrolina
2024-08-24,26.3,33.5,19.8,0.0,7.07,19.8,Petrolina
2024-08-25,26.5,32.8,19.8,0.0,7.23,19.6,Petrolina
2024-08-26,26.5,32.9,19.9,0.0,7.73,21.5,Petrolina
2024-08-27,26.1,31.9,20.2,0.0,7.64,26.8,Petrolina
2024-08-28,25.2,29.6,20.0,0.0,6.39,30.7,Petrolina
2024-08-29,25.6,32.3,19.0,0.0,7.97,32.8,Petrolina
2024-08-30,25.1,32.3,19.5,0.0,6.81,32.9,Petrolina
2024-08-31,25.3,30.9,20.2,0.0,5.67,25.9,Petrolina
2024-09-01,25.7,31.8,19.6,0.0,7.58,26.1,Petrolina
2024-09-02,25.3,31.6,17.8,0.0,7.59,22.9,Petrolina
2024-09-03,26.5,33.0,19.4,0.0,7.66,24.1,Petrolina
2024-09-04,26.4,31.8,19.6,0.0,7.52,24.5,Petrolina
2024-09-05,26.4,32.8,19.5,0.0,7.35,25.0,Petrolina
2024-09-06,26.9,33.2,19.9,0.0,7.78,23.7,Petrolina
2024-09-07,26.7,32.2,20.1,0.0,7.56,27.4,Petrolina
2024-09-08,26.8,33.0,20.9,0.0,7.7,27.6,Petrolina
2024-09-09,26.8,33.5,20.1,0.0,7.92,26.4,Petrolina
2024-09-10,26.5,33.0,19.9,0.0,8.04,25.7,Petrolina
2024-09-11,26.1,32.0,19.4,0.0,8.03,26.7,Petrolina
2024-09-12,26.2,31.9,19.9,0.0,7.88,28.9,Petrolina
2024-09-13,26.1,32.8,19.8,0.4,6.95,28.1,Petrolina
2024-09-14,26.0,32.2,19.1,0.0,6.68,23.3,Petrolina
2024-09-15,27.6,34.1,20.8,0.0,7.79,23.2,Petrolina
2024-09-16,27.4,33.8,20.5,0.0,8.15,24.1,Petrolina
2024-09-17,27.9,34.8,20.8,0.0,8.52,22.7,Petrolina
2024-09-18,27.5,33.5,21.0,0.0,8.25,27.3,Petrolina
2024-09-19,26.2,31.4,20.8,0.1,6.71,26.5,Petrolina
2024-09-20,27.1,33.6,20.5,0.0,8.04,23.9,Petrolina
2024-09-21,27.3,33.7,20.5,0.0,8.2,22.9,Petrolina
2024-09-22,27.7,34.2,20.7,0.0,8.51,25.9,Petrolina
2024-09-23,28.2,34.8,20.9,0.0,8.19,25.3,Petrolina
2024-09-24,28.2,34.8,21.8,0.0,7.74,27.5,Petrolina
2024-09-25,27.9,34.3,21.9,0.0,7.84,25.8,Petrolina
2024-09-26,27.5,33.7,20.9,0.0,8.19,23.4,Petrolina
2024-09-27,27.9,34.2,21.3,0.0,7.69,25.5,Petrolina
2024-09-28,29.2,35.7,22.0,0.0,8.0,22.7,Petrolina
2024-09-29,28.3,34.3,22.9,0.0,7.58,29.6,Petrolina
2024-09-30,27.6,33.2,22.7,0.1,7.72,28.5,Petrolina
2024-10-01,25.9,31.8,19.6,0.0,7.65,27.4,Petrolina
2024-10-02,27.5,34.0,20.5,0.0,7.8,21.5,Petrolina
2024-10-03,28.9,35.4,21.5,0.0,7.86,20.4,Petrolina
2024-10-04,29.2,35.4,22.5,0.0,7.98,23.4,Petrolina
2024-10-05,29.3,36.3,22.2,0.0,8.83,23.3,Petrolina
2024-10-06,29.5,35.8,23.0,0.0,9.03,24.7,Petrolina
2024-10-07,29.4,36.0,22.5,0.0,8.88,22.0,Petrolina
2024-10-08,29.2,35.5,22.5,0.0,7.82,19.6,Petrolina
2024-10-09,30.9,37.8,23.6,0.0,7.64,15.3,Petrolina
2024-10-10,31.9,38.2,25.2,0.0,8.68,23.4,Petrolina
2024-10-11,29.8,35.5,23.4,0.0,8.47,23.2,Petrolina
2024-10-12,29.7,36.3,22.9,0.0,8.2,22.5,Petrolina
2024-10-13,30.1,36.8,23.2,0.0,8.8,20.6,Petrolina
2024-10-14,29.0,34.2,23.6,0.0,7.6,29.4,Petrolina
2024-10-15,28.1,34.2,23.6,1.0,7.06,25.7,Petrolina
2024-10-16,27.7,31.9,23.0,0.0,4.93,22.6,Petrolina
2024-10-17,27.9,33.8,23.8,13.0,5.85,17.6,Petrolina
2024-10-18,24.3,26.2,22.7,12.5,2.24,9.8,Petrolina
2024-10-19,27.6,32.8,23.4,0.1,5.4,14.1,Petrolina
2024-10-20,27.7,32.8,23.2,0.2,5.78,19.6,Petrolina
2024-10-21,27.8,33.5,22.5,0.0,6.31,24.7,Petrolina
2024-10-22,28.2,34.8,22.1,0.0,8.35,28.0,Petrolina
2024-10-23,28.0,34.7,20.9,0.0,8.34,23.6,Petrolina
2024-10-24,29.1,35.6,22.2,0.0,8.45,19.9,Petrolina
2024-10-25,29.6,35.4,23.1,0.0,7.98,20.5,Petrolina
2024-10-26,30.2,36.8,23.4,0.0,8.48,19.8,Petrolina
2024-10-27,31.0,37.8,23.8,0.0,8.84,20.9,Petrolina
2024-10-28,30.0,35.7,24.1,0.0,8.31,24.6,Petrolina
2024-10-29,29.6,35.3,22.4,0.0,8.53,23.7,Petrolina
2024-10-30,29.6,35.5,23.0,0.0,7.92,19.5,Petrolina
2024-10-31,29.9,35.8,22.8,0.0,8.35,25.2,Petrolina
2024-11-01,30.0,35.9,23.5,0.0,7.84,25.9,Petrolina
2024-11-02,30.2,36.8,23.9,0.0,8.7,24.2,Petrolina
2024-11-03,29.3,35.6,22.8,0.0,8.96,26.2,Petrolina
2024-11-04,29.2,35.3,22.7,0.0,8.71,28.2,Petrolina
2024-11-05,29.3,35.7,22.6,0.0,8.68,25.5,Petrolina
2024-11-06,29.8,35.7,23.4,0.0,8.73,25.0,Petrolina
2024-11-07,29.7,35.5,23.4,0.0,8.42,23.5,Petrolina
2024-11-08,30.4,36.0,23.6,0.0,8.1,20.3,Petrolina
2024-11-09,31.0,36.2,25.1,0.0,7.7,24.4,Petrolina
2024-11-10,30.6,37.0,25.8,0.2,8.15,27.3,Petrolina
2024-11-11,26.7,31.6,24.0,7.4,3.81,17.2,Petrolina
2024-11-12,25.5,28.0,22.8,0.1,3.34,10.6,Petrolina
2024-11-13,27.3,31.9,22.9,0.3,4.79,17.1,Petrolina
2024-11-14,28.4,33.5,23.1,0.0,6.97,21.4,Petrolina
2024-11-15,27.8,34.3,21.6,0.0,7.56,20.9,Petrolina
2024-11-16,28.2,34.4,22.0,0.2,7.07,21.2,Petrolina
2024-11-17,28.5,34.2,22.3,0.0,7.85,21.3,Petrolina
2024-11-18,28.7,34.8,22.6,0.0,7.27,20.6,Petrolina
2024-11-19,29.5,34.9,23.0,0.0,7.25,16.7,Petrolina
2024-11-20,30.1,35.5,24.0,0.0,7.22,17.1,Petrolina
2024-11-21,30.7,35.3,25.4,0.0,6.93,15.6,Petrolina
2024-11-22,31.5,36.4,26.5,0.2,6.74,12.3,Petrolina
2024-11-23,30.3,35.5,25.8,0.6,6.57,13.9,Petrolina
2024-11-24,29.2,34.5,24.8,0.5,5.82,15.8,Petrolina
2024-11-25,23.8,25.3,22.5,33.6,1.69,15.7,Petrolina
2024-11-26,25.5,28.6,22.5,2.0,4.19,19.0,Petrolina
2024-11-27,26.5,30.9,22.6,0.6,5.59,16.5,Petrolina
2024-11-28,27.1,32.0,22.2,0.0,6.6,15.2,Petrolina
2024-11-29,28.0,33.8,21.9,0.0,6.93,15.7,Petrolina
2024-11-30,28.8,34.8,22.6,0.0,7.05,14.9,Petrolina
2024-12-01,29.1,34.5,22.6,0.0,6.61,15.2,Petrolina
2024-12-02,29.3,34.6,23.4,0.0,6.86,14.0,Petrolina
2024-12-03,29.0,33.6,24.1,0.7,6.47,19.5,Petrolina
2024-12-04,28.9,33.1,24.3,1.4,6.54,14.2,Petrolina
2024-12-05,28.9,33.3,24.2,0.1,7.05,22.1,Petrolina
2024-12-06,28.5,33.2,23.1,0.0,7.23,20.0,Petrolina
2024-12-07,28.7,34.3,23.9,0.0,6.65,18.5,Petrolina
2024-12-08,28.7,32.8,24.2,0.2,6.3,16.1,Petrolina
2024-12-09,29.7,35.2,23.9,0.0,7.22,16.4,Petrolina
2024-12-10,29.1,35.1,23.0,0.0,7.7,22.2,Petrolina
2024-12-11,29.9,35.5,23.1,0.0,7.2,17.7,Petrolina
2024-12-12,31.5,36.7,25.6,0.0,7.77,21.0,Petrolina
2024-12-13,30.4,36.0,24.7,0.0,8.14,19.7,Petrolina
2024-12-14,28.9,34.3,23.0,0.0,6.93,20.5,Petrolina
2024-12-15,29.8,34.2,24.5,0.2,6.85,18.2,Petrolina
2024-12-16,30.5,35.3,25.6,0.3,7.41,22.4,Petrolina
2024-12-17,30.3,35.2,26.0,0.0,7.41,16.3,Petrolina
2024-12-18,30.1,35.3,24.7,0.0,7.45,16.5,Petrolina
2024-12-19,30.3,35.8,25.1,0.0,7.5,20.1,Petrolina
2024-12-20,29.7,34.5,24.5,0.0,7.44,19.9,Petrolina
2024-12-21,29.4,34.7,23.7,0.0,6.91,18.8,Petrolina
2024-12-22,30.3,35.3,24.5,0.0,7.35,16.8,Petrolina
2024-12-23,30.9,36.5,24.7,0.0,7.62,19.6,Petrolina
2024-12-24,30.6,35.7,24.8,0.0,7.14,14.6,Petrolina
2024-12-25,30.0,35.2,24.1,0.0,7.91,20.5,Petrolina
2024-12-26,29.7,35.3,23.7,0.0,8.08,17.2,Petrolina
2024-12-27,30.1,36.2,23.5,0.0,8.39,19.1,Petrolina
2024-12-28,30.3,36.5,23.2,0.0,8.51,23.9,Petrolina
2024-12-29,30.0,34.7,24.7,0.0,7.39,21.1,Petrolina
2024-12-30,31.1,37.2,24.9,0.0,8.22,19.1,Petrolina
2024-12-31,30.4,35.7,25.0,0.3,7.67,16.7,Petrolina
